Date,HE,PGE,SCE,SDGE,VEA,CAISO Total,,,,,,
1/1/19,1,9844.62026507493,9928.00161968658,2088.45377169807,92.069995786316,21953.1461632964,"Note: The hourly load value at hour ending (HE) 3:00 AM on 03/10/2019 is the average of both values at HE 2:00 AM and HE 4:00 AM on 03/10/2019, and the hourly load value at hour ending (HE) 2:00 AM on 11/3/2019 is the average of both values at HE 2:00 AM and HE 2’:00 AM (In other words, 2:00AM is repeated) on 11/3/2019 to address DST.
",,,,,
1/1/19,2,9507.69174512237,9604.44965383494,1998.91539705884,92.659878840827,21203.7161740617,,,,,,
1/1/19,3,9251.83785497969,9340.78079004727,1934.05717224007,93.5928961930089,20620.2685252787,,,,,,
1/1/19,4,9123.916880896,9183.89717542973,1891.80875104464,97.0522988064212,20296.6751715644,,,,,,
1/1/19,5,9156.27443738525,9170.72796437448,1898.7949151486,101.469058650261,20327.2661529123,,,,,,
1/1/19,6,9359.48071877364,9351.64800704327,1969.96487902873,107.149479861145,20788.2431184768,,,,,,
1/1/19,7,9730.57316127206,9640.46277441128,2059.57913712792,112.309401961458,21542.9248537811,,,,,,
1/1/19,8,9875.75007360071,9498.53209343898,2040.64394720962,113.41117540427,21528.3372021593,,,,,,
1/1/19,9,9649.06243129502,9227.5566691619,1937.75553443265,107.418717385317,20921.7934595514,,,,,,
1/1/19,10,9364.51077466358,8983.13470964521,1858.50005312614,101.233115736334,20307.3784057066,,,,,,
1/1/19,11,9072.77352747612,8800.27022209708,1736.02676362881,97.1176245678855,19706.1878812895,,,,,,
1/1/19,12,8690.97862468135,8654.1616751496,1670.22097709384,92.4557968367998,19107.8173937659,,,,,,
1/1/19,13,8372.63265159098,8555.98075847941,1663.96210997728,88.1997921300995,18680.7750855502,,,,,,
1/1/19,14,8397.59531051893,8558.74444333554,1707.86767137478,84.9826477561859,18749.1901023058,,,,,,
1/1/19,15,8722.72037064406,8794.38093079052,1779.38284017768,81.4908355177841,19377.9749489724,,,,,,
1/1/19,16,9279.31716194081,9244.84663546428,1955.86012017234,82.6707304530631,20562.694634552,,,,,,
1/1/19,17,10369.3108351949,10172.4128981155,2300.87009581198,91.3923679995688,22933.9867529589,,,,,,
1/1/19,18,11688.5008889961,11692.3029151454,2761.88332159886,98.8526455770478,26241.5401054641,,,,,,
1/1/19,19,11997.2839522579,12030.146692307,2799.1938285393,99.2433925562451,26925.8689613566,,,,,,
1/1/19,20,11875.8141428857,11992.329483419,2777.67211978918,99.87984783594,26745.6953119801,,,,,,
1/1/19,21,11649.5920149255,11893.45373619,2698.7511368903,99.8874333041074,26341.6843235154,,,,,,
1/1/19,22,11202.0197149482,11505.266942047,2582.69343131563,98.4411691883348,25388.4208933346,,,,,,
1/1/19,23,10543.7948258288,10829.1119519561,2372.49741055538,95.3255629841086,23840.729337945,,,,,,
1/2/19,24,9881.51262169641,10137.3230853311,2186.03345330354,94.3999570217659,22299.2689835965,,,,,,
1/2/19,1,9490.9829903582,9659.41173429777,2057.2561857075,95.1794379076152,21302.8302091309,,,,,,
1/2/19,2,9203.76754193531,9320.2995620701,1981.5566255458,96.0883176373123,20601.7124660242,,,,,,
1/2/19,3,9084.24908760539,9177.96197841851,1909.78246223993,99.3512420982242,20271.3445429349,,,,,,
1/2/19,4,9140.81653959281,9213.85484032452,1924.00804077336,104.482264786178,20383.1617463026,,,,,,
1/2/19,5,9491.20136832239,9538.44279321191,2008.47077996559,110.058092491961,21148.1732302449,,,,,,
1/2/19,6,10170.7458207248,10244.7449871133,2213.7030197888,119.515063655296,22748.7096970645,,,,,,
1/2/19,7,11160.7486931571,11120.8430666111,2464.77611925733,128.014588031382,24874.3835387588,,,,,,
1/2/19,8,11809.0474618929,11387.0282045855,2582.81925382174,129.73646492585,25908.6322228772,,,,,,
1/2/19,9,11701.8124699349,11253.9852699379,2525.38733674699,119.541473885467,25600.7261018871,,,,,,
1/2/19,10,11185.8808449383,10921.6458680057,2345.47496367785,107.047781574127,24560.0492709768,,,,,,
1/2/19,11,10693.9943104194,10677.1467106897,2148.27396766757,96.4478016156317,23615.8627724421,,,,,,
1/2/19,12,10271.5943697264,10402.2851847555,2055.56467795275,86.4547225468649,22815.8984957192,,,,,,
1/2/19,13,10019.7529755652,10176.406650772,2037.48175140208,80.5907636740694,22314.2324274956,,,,,,
1/2/19,14,9997.61392490946,10183.9150841681,2060.56125794699,73.8293332776672,22315.9196758232,,,,,,
1/2/19,15,10147.2729307807,10328.584666041,2137.87340650896,71.0823793855201,22684.8135874664,,,,,,
1/2/19,16,10629.9633147363,10688.9181049818,2301.03300894782,72.1790441245213,23692.09365107,,,,,,
1/2/19,17,11578.5971131926,11456.2339487437,2566.51100412791,80.666571478307,25682.009202998,,,,,,
1/2/19,18,12804.4381674764,12714.8139684444,2954.09183087513,92.2837285612399,28565.6282723893,,,,,,
1/2/19,19,13098.5927986625,12928.3519566939,3012.99928683891,96.9569227356626,29136.9015460877,,,,,,
1/2/19,20,12980.7123049907,12941.6153935578,2959.78946839498,99.9528512807936,28982.0705041681,,,,,,
1/2/19,21,12723.2665684487,12842.124056681,2892.60724244686,100.373132616472,28558.3710665083,,,,,,
1/2/19,22,12128.1690949834,12475.297838926,2721.29094447837,99.3722762801986,27424.1308806237,,,,,,
1/2/19,23,11297.178478213,11755.4463843718,2485.55548439376,97.428123864437,25635.6081095536,,,,,,
1/3/19,24,10534.0267699765,11007.3326861718,2270.25894710675,96.6211129739068,23908.2400116335,,,,,,
1/3/19,1,9925.83781238807,10436.0805641712,2154.60712003165,97.0034187900185,22613.5292362009,,,,,,
1/3/19,2,9552.71092377915,10048.2352798616,2064.63434081836,98.4586386435013,21764.0390651448,,,,,,
1/3/19,3,9422.86776574449,9843.57180655732,2022.80045785802,103.102684387842,21392.342962117,,,,,,
1/3/19,4,9437.6976241006,9826.7580040056,2020.22164426497,106.119030383029,21390.7966053428,,,,,,
1/3/19,5,9740.02303920459,10111.1240293601,2117.60858653314,111.952741620059,22080.7089464354,,,,,,
1/3/19,6,10419.0159462558,10824.1128773523,2276.48656440957,121.001845485975,23640.6174109654,,,,,,
1/3/19,7,11461.5222191709,11759.7527820462,2532.5365585078,127.995464920246,25881.8066707717,,,,,,
1/3/19,8,12111.4486726407,12132.3492824639,2636.42007465206,129.47624310851,27009.6938123378,,,,,,
1/3/19,9,11945.2360619502,11936.8610543975,2549.37763359707,117.876505557288,26549.3511838284,,,,,,
1/3/19,10,11377.0767402481,11541.2364595455,2378.1325853577,103.498823287405,25399.9438537949,,,,,,
1/3/19,11,10897.2235669094,11203.529870584,2215.47909739289,91.6102479903662,24407.8426643743,,,,,,
1/3/19,12,10479.0114154477,10907.1020938625,2060.40364335143,83.4371617178468,23529.9539840594,,,,,,
1/3/19,13,10279.8884537441,10729.1259777401,2031.62265174368,75.1313472113853,23115.7685422046,,,,,,
1/3/19,14,10436.4352630054,10719.9081757522,2027.75045558258,69.8515972597145,23253.9451875529,,,,,,
1/3/19,15,10641.3219164048,10855.3270385184,2106.44344176258,66.4466432192078,23669.5392632035,,,,,,
1/3/19,16,10959.3122964516,11044.8265482454,2256.42984137555,66.4534399817239,24327.021885586,,,,,,
1/3/19,17,11783.8523199767,11613.0786847148,2522.23080518485,72.9019767949464,25992.0684344117,,,,,,
1/3/19,18,12822.2209110505,12735.691164233,2901.73326990998,82.9812510003279,28542.6264820272,,,,,,
1/3/19,19,13021.4190482266,12957.6246822712,2964.89764386005,86.8922004650508,29030.8342476572,,,,,,
1/3/19,20,12894.26036173,12907.4064011855,2918.42780759431,91.7359930166555,28811.8310503921,,,,,,
1/3/19,21,12575.3427617781,12734.1461993791,2852.40013232958,92.9090231346611,28254.7980568752,,,,,,
1/3/19,22,12014.9519771528,12279.0126666123,2681.46426893017,92.819561776076,27068.2486870986,,,,,,
1/3/19,23,11135.7072740388,11611.7239616397,2462.30805135393,91.4764186563817,25301.2154324665,,,,,,
1/4/19,24,10368.0493302491,10835.3903385803,2254.47661331605,91.0633620357637,23548.9792542329,,,,,,
1/4/19,1,9902.54255613458,10332.7598448887,2119.40252367275,91.7253348577402,22446.4306701871,,,,,,
1/4/19,2,9536.25754889716,9967.8137253061,2045.69847097923,93.8937381121179,21643.6634372549,,,,,,
1/4/19,3,9349.12809772438,9767.70730343111,2040.05649930847,96.1943141434465,21253.0861334227,,,,,,
1/4/19,4,9347.5000636743,9753.0814475141,2033.42436319357,99.7847077795695,21233.7902055058,,,,,,
1/4/19,5,9650.68507943515,10081.0539049591,2068.18980723649,106.168773483336,21906.100950784,,,,,,
1/4/19,6,10309.478935439,10779.6865816507,2255.856658096,113.684293357384,23458.7069999609,,,,,,
1/4/19,7,11328.8792075206,11747.022555665,2514.7164347775,123.408494213589,25714.025938769,,,,,,
1/4/19,8,11946.32184428,12058.4508238027,2602.60482335673,124.973080610166,26732.350557711,,,,,,
1/4/19,9,11912.0054201555,11843.4694760447,2515.12289997169,112.860911225267,26383.4580409352,,,,,,
1/4/19,10,11508.4482902041,11512.6533576311,2371.62114264934,100.574930444413,25493.2977770389,,,,,,
1/4/19,11,10998.4459789453,11157.9687638992,2218.90458948231,87.9724422969364,24463.2917760453,,,,,,
1/4/19,12,10546.9810298001,10842.3866531748,2113.89182456885,77.6734880361755,23580.9328327143,,,,,,
1/4/19,13,10227.8514864396,10703.7112081697,2063.53899319219,70.4979711385456,23065.5996333596,,,,,,
1/4/19,14,10145.4062497561,10722.0116705751,2067.5189995625,65.804929046137,23000.7414777948,,,,,,
1/4/19,15,10277.2975107708,10744.0231996175,2153.37488251446,62.5128767413788,23237.2085789265,,,,,,
1/4/19,16,10688.8501810734,10985.5473771819,2285.83824739647,62.331613820777,24022.5676624255,,,,,,
1/4/19,17,11510.4690296592,11564.7474370591,2522.66930150475,67.9326216063026,25665.8192031876,,,,,,
1/4/19,18,12534.5232109332,12570.2230164333,2858.95374551148,78.4111010459843,28042.1111918331,,,,,,
1/4/19,19,12723.9730548162,12696.7868587891,2854.8720498271,81.23793372251,28356.8698044411,,,,,,
1/4/19,20,12482.5067987854,12557.6241842603,2790.90631773692,84.0249084028714,27915.0623680372,,,,,,
1/4/19,21,12138.0521910132,12327.273524046,2726.57537641641,87.9733711129742,27279.8745879346,,,,,,
1/4/19,22,11655.2104509754,11919.8953365393,2584.48468043673,88.702740398243,26248.2931745818,,,,,,
1/4/19,23,10955.7967958115,11297.1377851476,2394.18890311232,85.3253270253623,24732.4481967888,,,,,,
1/5/19,24,10238.6356400968,10621.2015068152,2194.19281953619,85.0759400845335,23139.105885743,,,,,,
1/5/19,1,9715.48044151241,10113.1213505885,2065.06651238848,84.3654539420818,21978.0339745327,,,,,,
1/5/19,2,9300.82083945789,9684.87315112674,1968.13845719267,84.4102517262222,21038.2427233003,,,,,,
1/5/19,3,9413.04263678201,9502.97635741709,1901.89605308753,86.5478945460269,20904.4630078932,,,,,,
1/5/19,4,9305.37985173236,9371.09105863072,1864.99586855215,88.9101270253933,20630.3770091317,,,,,,
1/5/19,5,9337.49875263156,9433.26265572124,1880.65964780877,92.9753705865168,20744.3970052766,,,,,,
1/5/19,6,9610.71478998261,9713.63835615613,1950.68940595062,97.5430955964717,21372.5863150066,,,,,,
1/5/19,7,10097.1974542227,10185.30005454,2074.03470579674,104.48588547892,22461.018522694,,,,,,
1/5/19,8,10615.0992661034,10417.6318533183,2158.50501323881,107.481602428139,23298.7179465853,,,,,,
1/5/19,9,11184.5854082287,10764.9828206649,2286.70785727821,107.545480774735,24343.8213839811,,,,,,
1/5/19,10,11496.6981525154,11081.505288659,2454.92660971468,102.163217753689,25135.2926348102,,,,,,
1/5/19,11,11328.8173013435,11183.2766187572,2458.32567946826,97.6746723661516,25068.0947378296,,,,,,
1/5/19,12,11462.1973423078,11087.9368110497,2421.2102017686,91.0625073668902,25062.4064721282,,,,,,
1/5/19,13,11412.6767590098,10975.3261158615,2412.06406555333,87.3596277967468,24887.4263776696,,,,,,
1/5/19,14,11397.1853566566,10923.8285534153,2388.91627466496,84.2075420489073,24794.1372255282,,,,,,
1/5/19,15,11433.310858683,11019.9401922469,2444.97859601612,83.1945036225097,24981.4240310286,,,,,,
1/5/19,16,11440.8766983259,11180.9958588429,2483.14474369221,85.2837216201275,25190.3008718992,,,,,,
1/5/19,17,11579.7685427562,11624.7905650673,2628.97182849377,89.3109172657529,25922.8417147523,,,,,,
1/5/19,18,12286.1780592749,12281.3753490539,2822.66946854391,90.9495598847298,27481.1727590859,,,,,,
1/5/19,19,12317.6734186877,12297.1158341975,2789.92393089411,88.3051798893664,27493.0183473339,,,,,,
1/5/19,20,12038.0015879479,12145.8634733762,2727.30500202457,87.4084091227656,26998.5780560386,,,,,,
1/5/19,21,11666.2930243788,11897.7546801241,2621.35961372788,86.0022126422904,26271.4090230824,,,,,,
1/5/19,22,11203.4141950388,11520.9093532621,2514.75059588957,82.5128389993881,25321.5867164273,,,,,,
1/5/19,23,10518.2630251512,10959.2475204404,2325.08076844241,78.3797257070456,23880.9709713649,,,,,,
1/6/19,24,9942.75429850916,10335.1946238718,2138.09466861525,73.4959823720074,22489.539715636,,,,,,
1/6/19,1,9657.07101894832,9833.35955917413,2010.71375503668,72.3064661202248,21573.4509860706,,,,,,
1/6/19,2,9320.13835288127,9414.11612951366,1924.04678889054,72.0687962021858,20730.370027618,,,,,,
1/6/19,3,9111.50817546905,9158.32094631799,1841.60521226521,71.8792611136739,20183.3138754228,,,,,,
1/6/19,4,9007.31811196497,9029.62743771424,1797.79044781405,72.1717173997376,19906.9080541255,,,,,,
1/6/19,5,9039.74317456281,9047.36417523793,1816.21163897144,73.6315524447003,19976.9515859678,,,,,,
1/6/19,6,8966.19164768475,9216.94878340552,1859.33415824329,78.3969947759084,20120.8715036459,,,,,,
1/6/19,7,9310.23797371878,9434.11660632451,1949.63370406049,82.6298432698273,20776.6174313582,,,,,,
1/6/19,8,9690.63321632196,9489.43037503666,1983.27328576571,85.4204775984719,21248.7567652377,,,,,,
1/6/19,9,10057.3563165566,9426.9162312692,1952.72340898766,86.8626204515093,21523.8580839756,,,,,,
1/6/19,10,10595.2813682999,9275.15006036038,1955.29015042169,85.6765618693298,21911.3979696475,,,,,,
1/6/19,11,11024.5885197561,9151.56878481487,1906.88903628106,81.0954235084303,22164.1418591703,,,,,,
1/6/19,12,11316.8927976172,8893.19585714264,1837.88920335275,73.2024218047864,22121.17970414,,,,,,
1/6/19,13,11592.1789306329,8808.47667777506,1832.04429365487,68.0687784301967,22300.7685550302,,,,,,
1/6/19,14,11828.9112867902,8829.7636730193,1780.53926214665,63.531718981957,22502.7461107089,,,,,,
1/6/19,15,11956.8120534917,9077.02391853338,1836.28854581509,60.4317045810415,22930.5562722535,,,,,,
1/6/19,16,11902.240444401,9508.78712951688,2031.14963130856,61.6566385814149,23503.8341404841,,,,,,
1/6/19,17,12192.4332196981,10281.3557582721,2279.33608342056,68.6473106243566,24821.7729352939,,,,,,
1/6/19,18,12833.5600444798,11627.3309663047,2614.29335262458,79.3821227063499,27154.5667363304,,,,,,
1/6/19,19,12814.0017973946,11885.6882306657,2699.17633291421,80.8295547226491,27479.6958311653,,,,,,
1/6/19,20,12477.700847614,11841.4841936002,2688.28862795975,81.4894593050905,27088.9623947561,,,,,,
1/6/19,21,12011.7456936821,11654.6978953811,2584.67305608255,80.8145889874939,26331.9309326303,,,,,,
1/6/19,22,11361.0197158561,11165.7089181978,2433.12198087721,78.1718631382579,25038.0216371663,,,,,,
1/6/19,23,10858.5329540461,10505.2290710432,2244.67329021836,72.5876748847339,23681.022938602,,,,,,
1/7/19,24,10108.5106046182,9832.21669741492,2080.88767723012,69.8579257595401,22091.4730656121,,,,,,
1/7/19,1,9504.43866743198,9339.40143473372,1977.58298531748,68.1836524389392,20889.6073293403,,,,,,
1/7/19,2,9279.08071984574,9004.36183264164,1909.95674525474,66.5500017599561,20259.9495605229,,,,,,
1/7/19,3,9284.24694053359,8868.23533167585,1928.49179360451,66.9333773454436,20147.9087405355,,,,,,
1/7/19,4,9288.45010306374,8879.18424496635,1884.73861781545,66.9423365362376,20119.3162812726,,,,,,
1/7/19,5,9143.28744171869,9218.74879276444,1962.38864663315,69.8317254581552,20394.2574088417,,,,,,
1/7/19,6,9552.48118682174,9983.59712784396,2091.20271612718,76.6357799055022,21703.9170092947,,,,,,
1/7/19,7,10761.968812148,11127.3818672207,2400.29830844102,83.4413897173765,24373.0907358947,,,,,,
1/7/19,8,11678.7991201111,11660.1655121687,2472.70886390014,85.6155054976405,25897.288615467,,,,,,
1/7/19,9,11688.5449779888,11671.7971781817,2376.16573407866,85.0729664128492,25821.5805711027,,,,,,
1/7/19,10,11502.5327489894,11617.121621723,2206.70333708664,82.8629901062584,25409.2204441591,,,,,,
1/7/19,11,11266.5659602856,11400.1728189486,2008.61994679374,79.2727345832325,24754.6313274404,,,,,,
1/7/19,12,11000.2910442011,11221.5322623406,1981.98408451986,73.2877893742713,24277.0952892455,,,,,,
1/7/19,13,10791.1993059424,11138.2787574663,1973.60462598131,70.3994994686444,23973.4824325883,,,,,,
1/7/19,14,10757.8903142383,11130.4546986529,1989.18533236294,64.8767430761341,23942.4075713025,,,,,,
1/7/19,15,10908.7359605155,11093.7780754065,2086.86815891902,60.5929034639672,24149.9751267717,,,,,,
1/7/19,16,11223.408887029,11251.8310950552,2234.02109948053,62.0694280814173,24771.3311162158,,,,,,
1/7/19,17,11747.4175543165,11711.1971228778,2455.7192899276,68.5352122080069,25982.8695229632,,,,,,
1/7/19,18,12703.232539899,12730.8655467757,2801.69128558964,73.5417361566692,28309.3310462048,,,,,,
1/7/19,19,12806.4174940061,12838.2550618999,2835.0419622355,74.6139898996938,28554.3300137187,,,,,,
1/7/19,20,12538.2571365501,12702.0287599688,2779.52027932822,76.4373406697794,28096.2435195715,,,,,,
1/7/19,21,12111.644050099,12407.9476004739,2688.98560131533,75.5868027338505,27284.1641771421,,,,,,
1/7/19,22,11410.3944587358,11792.178223805,2515.38083746026,72.7447589144063,25790.6983326145,,,,,,
1/7/19,23,10524.8716173087,11070.1631673204,2261.80123677572,70.1325939198546,23926.9690279278,,,,,,
1/8/19,24,9803.26977758815,10304.5952382253,2058.4922981576,68.5132708108881,22234.8709371644,,,,,,
1/8/19,1,9250.30372536953,9827.79062144941,1992.77535561948,68.2761629330687,21139.1460437488,,,,,,
1/8/19,2,9243.58199540033,9444.27665436109,1900.17800175378,69.658653966301,20657.6952991321,,,,,,
1/8/19,3,9014.64674768274,9234.54070659479,1853.7091800575,71.908815372408,20174.8053756363,,,,,,
1/8/19,4,8972.51720097341,9210.41335945321,1839.2219628183,75.2831156662977,20097.4356610212,,,,,,
1/8/19,5,9244.92927662899,9515.10115369271,1920.78829131658,81.0238284054021,20761.8432151942,,,,,,
1/8/19,6,9923.09494187866,10218.9457101409,2058.17116570462,89.1584738208936,22289.3708253871,,,,,,
1/8/19,7,11108.3423284966,11275.5488516248,2345.11329316513,99.2807501586095,24828.2857782924,,,,,,
1/8/19,8,11649.9362451075,11619.8925873031,2425.2278212236,101.939569376247,25796.9967019486,,,,,,
1/8/19,9,11808.8469777344,11468.1977273475,2346.67974764097,93.9108203061531,25717.6354997842,,,,,,
1/8/19,10,12026.4267080888,11208.0318787906,2132.02274211077,83.7325132739112,25450.2139981192,,,,,,
1/8/19,11,11913.4354054102,10914.6362161042,2024.20152554599,75.0304642115349,24927.3040015033,,,,,,
1/8/19,12,11876.6466229461,10689.9858665524,1971.72464822366,68.2135320461089,24606.5706116847,,,,,,
1/8/19,13,11761.4171852652,10601.4695603424,1956.3019300949,64.2328002946422,24383.4218189368,,,,,,
1/8/19,14,11556.4206175862,10721.9553756464,1994.70547403164,60.5174189006068,24333.59877142,,,,,,
1/8/19,15,11404.3255079836,10861.5498946144,2080.46867872343,58.3802069505196,24404.7244593024,,,,,,
1/8/19,16,11547.4501496809,11052.0458453836,2253.78263049947,60.1900808394782,24913.4687078753,,,,,,
1/8/19,17,11951.4876274618,11395.0925542871,2442.57588886144,67.4197299078272,25856.5768213451,,,,,,
1/8/19,18,12688.9538525853,12418.5257456115,2748.49068246971,73.8078694061631,27929.7785741872,,,,,,
1/8/19,19,12785.6482641791,12466.2122853765,2766.35236654936,74.9571583917871,28093.1701715741,,,,,,
1/8/19,20,12518.3034505361,12303.3821145889,2696.05245033777,77.0025036380658,27594.740736533,,,,,,
1/8/19,21,12094.4323306533,12046.9844666673,2589.82583448973,75.6694641869724,26806.9119200646,,,,,,
1/8/19,22,11485.332839529,11595.0513774445,2429.04562014069,72.6018060821256,25582.0319867739,,,,,,
1/8/19,23,10597.4176203114,10874.0764661376,2218.04109157636,69.1829629820686,23758.7188509405,,,,,,
1/9/19,24,9970.34101413921,10119.9769732559,2023.15909331633,67.7981026881575,22181.2758930553,,,,,,
1/9/19,1,9705.22101439581,9637.1270174878,1911.27460182775,66.8354504085364,21320.4577666069,,,,,,
1/9/19,2,9339.15152449612,9333.58891947315,1873.62791275625,67.0104434756585,20613.3788641898,,,,,,
1/9/19,3,9133.71680537377,9129.60761344456,1822.90995643377,68.840851105735,20155.0754244125,,,,,,
1/9/19,4,9091.0327547512,9089.37922605211,1815.77856218359,71.4607760646697,20067.6517603349,,,,,,
1/9/19,5,9338.4876961169,9390.17609317792,1884.70575543496,78.3697122233122,20691.7400960158,,,,,,
1/9/19,6,9644.24609999661,10133.7120173662,2052.49564634431,86.8097782819169,21917.2634344494,,,,,,
1/9/19,7,10803.6345450421,11270.434533311,2329.73695493647,97.4195147875597,24501.2260001286,,,,,,
1/9/19,8,11642.1525312399,11622.7684657383,2433.8304830209,98.8701269005032,25797.6209605316,,,,,,
1/9/19,9,11605.6742776714,11475.6967531337,2318.60094772179,88.1360342417358,25488.10798354,,,,,,
1/9/19,10,11545.0842586487,11163.3808998738,2149.49576434692,76.6738119049527,24934.6348184253,,,,,,
1/9/19,11,11388.3812088976,10926.8433626657,2018.95979705129,68.9565740912884,24403.1407443687,,,,,,
1/9/19,12,11200.3290010177,10663.556683124,1944.61384723451,61.8973797334969,23870.3970438187,,,,,,
1/9/19,13,11203.3164062381,10636.2393218884,1965.75749597133,58.5126186777945,23863.8261005543,,,,,,
1/9/19,14,11231.3384261268,10734.0749978079,2014.84209237935,56.4181439776295,24036.6735708978,,,,,,
1/9/19,15,11214.37625936,10884.5284266499,2119.72683501322,55.0588192421641,24273.6901846084,,,,,,
1/9/19,16,11321.7307616539,11062.8907398359,2290.83891187274,56.0706668987957,24731.5311689953,,,,,,
1/9/19,17,11573.548212766,11415.152870271,2425.83945036619,60.91578210294,25475.4572063805,,,,,,
1/9/19,18,12449.7306518309,12454.0787724732,2757.46761178641,67.5904363496346,27728.8679738928,,,,,,
1/9/19,19,12627.3732376903,12561.4059382431,2812.18137271028,68.6114577856668,28069.5722536174,,,,,,
1/9/19,20,12366.7678840222,12390.5923599322,2723.31153396821,69.621720127717,27550.2937316657,,,,,,
1/9/19,21,11974.7811209134,12094.7165144261,2613.00119621768,68.7372184289635,26751.2356645241,,,,,,
1/9/19,22,11445.8962938299,11561.1697510811,2456.33589294702,67.7941007130846,25531.1968498039,,,,,,
1/9/19,23,10809.1247565365,10869.9010685069,2237.75866092429,65.4848600718153,23982.2692136493,,,,,,
1/10/19,24,10154.7419511223,10132.6367312194,2030.06464074468,64.6403372984645,22382.0838514583,,,,,,
1/10/19,1,9617.46575180095,9623.85861138093,1918.07133849103,64.7876775114214,21224.1840153453,,,,,,
1/10/19,2,9256.68057243329,9343.23749795698,1838.53958104459,65.9670558853432,20504.4255404961,,,,,,
1/10/19,3,9083.56169416671,9138.00848996711,1826.84106310313,67.2058846824488,20115.6173699808,,,,,,
1/10/19,4,9072.21643322324,9124.29372953243,1809.93876044823,69.2326568024344,20075.6823018464,,,,,,
1/10/19,5,9345.57264440191,9388.75884147777,1857.37711947513,74.479407986929,20666.1881195926,,,,,,
1/10/19,6,10047.313922433,10154.793219253,2024.21373888662,83.9564698768862,22310.2777964532,,,,,,
1/10/19,7,11247.4146033625,11298.9534056454,2300.67061215289,94.7006070123127,24941.7405861163,,,,,,
1/10/19,8,11788.5625180162,11669.5953416966,2396.08826051765,96.5495196000146,25950.7961388946,,,,,,
1/10/19,9,11653.434262747,11567.2940391587,2356.3329626764,87.7536522642685,25664.8144343319,,,,,,
1/10/19,10,11465.5971127822,11318.5655363984,2224.70669037955,77.1616121143605,25086.0314780459,,,,,,
1/10/19,11,11052.2712374994,11008.4396696641,2088.15260991424,68.7547121256108,24217.618140869,,,,,,
1/10/19,12,10715.4874894657,10747.0636434056,1990.24117401826,61.8186992409194,23514.6107199737,,,,,,
1/10/19,13,10479.792796266,10591.792652866,1961.62687047441,58.71020251541,23091.9222339161,,,,,,
1/10/19,14,10416.5881306299,10619.6749622296,1992.99344846793,56.6991273199104,23085.9556510514,,,,,,
1/10/19,15,10527.9792514216,10751.8491318173,2091.11658161479,54.6768273318546,23425.6217561937,,,,,,
1/10/19,16,10835.9029072737,10951.7436085299,2205.79291348089,54.7636401348821,24048.2037780414,,,,,,
1/10/19,17,11322.3886068025,11359.4412685486,2425.09849767819,58.3791470313327,25165.3077865477,,,,,,
1/10/19,18,12316.8572171354,12306.8510842292,2735.38121788751,66.0017743997644,27425.091757251,,,,,,
1/10/19,19,12511.8492525665,12517.8500983862,2770.81543299755,68.1971464237319,27868.7121958365,,,,,,
1/10/19,20,12335.7323668798,12378.4784099333,2706.65796508885,69.4467606981803,27490.3160688099,,,,,,
1/10/19,21,12022.8682348461,12155.6399427102,2610.42043260528,70.3023346985146,26859.2312072176,,,,,,
1/10/19,22,11546.7285084824,11583.2388814276,2458.46233794757,69.6215005298587,25658.0516337302,,,,,,
1/10/19,23,10939.3213512412,10911.0003938656,2216.69087409338,68.1690126536495,24135.1817868663,,,,,,
1/11/19,24,10243.749448164,10195.7986374217,2014.30995848431,67.7579344655724,22521.6160705302,,,,,,
1/11/19,1,9769.11348923169,9735.21847619116,1916.21847339566,68.5655048877989,21489.115243258,,,,,,
1/11/19,2,9409.68345750365,9463.21378119311,1822.50966497833,70.416498870139,20765.823180817,,,,,,
1/11/19,3,9232.12404432874,9236.9969401149,1770.88138956313,74.2438552404976,20314.2464798068,,,,,,
1/11/19,4,9208.31350452724,9203.54053708159,1759.97572814941,78.6593915029332,20250.4898959137,,,,,,
1/11/19,5,9482.18287129763,9450.66811010659,1837.23385096978,83.8341277243552,20853.9198097868,,,,,,
1/11/19,6,10131.0358562483,10164.7244835281,1986.84320684535,93.0731409961714,22375.6769859753,,,,,,
1/11/19,7,11295.9835989027,11222.4381163072,2278.78376459508,102.381061755729,24899.5870938556,,,,,,
1/11/19,8,11862.3162549266,11571.3777750541,2341.12178692493,104.289772544333,25879.1063049074,,,,,,
1/11/19,9,11779.8060229955,11693.233502084,2359.80750204805,93.8549581444417,25926.7021752547,,,,,,
1/11/19,10,11720.4547633414,11675.8242825141,2289.72610199687,82.8551303504071,25768.8603566585,,,,,,
1/11/19,11,11417.2040490012,11449.1360656298,2267.76210169618,71.2779738060916,25205.3804001699,,,,,,
1/11/19,12,11091.0271408051,11076.3002467718,2216.19973028175,64.8259072734419,24448.3533623576,,,,,,
1/11/19,13,10975.1122249748,10900.2022173974,2095.39638740521,60.7408479785763,24031.4520193671,,,,,,
1/11/19,14,10932.4951094549,10859.253610308,2091.07957543443,60.3920246184391,23943.220128966,,,,,,
1/11/19,15,11049.3553993217,10854.2915877936,2226.50386890446,60.5843898189504,24190.7351501179,,,,,,
1/11/19,16,11211.5366203472,10869.9732619671,2234.92986664695,60.1976646325059,24376.6369333169,,,,,,
1/11/19,17,11686.7706514966,11287.4136138494,2433.31880542825,66.7310665299613,25474.2353579577,,,,,,
1/11/19,18,12530.476340633,12291.4104209492,2725.27524429405,72.3941609374916,27619.5570563329,,,,,,
1/11/19,19,12549.6836447511,12352.9953913241,2721.89196422111,73.84725307366,27698.4187076821,,,,,,
1/11/19,20,12227.9289338319,12163.517709102,2645.62519873319,76.2028758088906,27113.2748252782,,,,,,
1/11/19,21,11859.8957740427,11883.2208780241,2544.10354341124,77.4359319789309,26364.6557880962,,,,,,
1/11/19,22,11353.2603216403,11461.8935432669,2416.14923915477,76.8799661884499,25308.1831260096,,,,,,
1/11/19,23,10693.1170328562,10880.0675075976,2229.32982589732,73.4346273210298,23875.9493924612,,,,,,
1/12/19,24,9977.68449964626,10235.7508765173,2083.54613205225,71.4109974309231,22368.393174801,,,,,,
1/12/19,1,9611.14929264152,9658.59489128545,1933.02300046201,70.9079884597126,21273.6754127081,,,,,,
1/12/19,2,9377.17742603798,9278.13515180758,1829.96035992212,71.6437364304587,20556.916244112,,,,,,
1/12/19,3,9129.71966764393,9039.54430579181,1777.30427285631,74.9239208269658,20021.4918420585,,,,,,
1/12/19,4,8993.3842998858,8857.07652266526,1770.72161098113,78.482838661173,19699.6654176766,,,,,,
1/12/19,5,9037.74157341282,8941.0881983699,1772.21853762054,81.7041525390476,19832.7523279009,,,,,,
1/12/19,6,9291.15943842378,9217.97821818175,1837.03909306991,88.4875425468358,20434.6646903132,,,,,,
1/12/19,7,9793.84482456197,9638.2583194784,1941.62619177245,96.6792381296306,21470.4082015316,,,,,,
1/12/19,8,10042.1114054031,9849.17120957656,1998.94773279006,100.102083869525,21990.3321244401,,,,,,
1/12/19,9,10441.9579017135,10125.5111229571,2077.18826430747,93.9902150621295,22738.647092579,,,,,,
1/12/19,10,10305.5311729561,10333.1773863266,2084.48665681782,80.9883151807608,22804.1834764446,,,,,,
1/12/19,11,9774.40362507694,10370.4477768331,2114.35755208598,73.5888707215327,22332.7976808987,,,,,,
1/12/19,12,9306.79504598909,10270.720270112,2121.98828200278,70.7718050227961,21770.2757013339,,,,,,
1/12/19,13,9099.85656131473,10053.7220763914,2032.96825514985,64.7235902241856,21251.2711228082,,,,,,
1/12/19,14,9148.17969841444,9859.62757953568,1921.78766049181,63.9545697660361,20993.5498066049,,,,,,
1/12/19,15,9335.78110413646,9768.59084467195,1900.96589303009,65.3795833689773,21070.717662217,,,,,,
1/12/19,16,9476.70983256093,9894.95068052516,2021.94610870564,66.8840845228162,21460.4905853462,,,,,,
1/12/19,17,10230.9677318758,10336.6110688585,2229.71426321542,71.2242385580529,22868.517682187,,,,,,
1/12/19,18,11322.2764522666,11381.8551254143,2552.95479075603,77.3504344098143,25334.4370015399,,,,,,
1/12/19,19,11526.8606947307,11578.2986698256,2591.26191818818,77.5104016294222,25773.93339023,,,,,,
1/12/19,20,11330.3147607066,11465.9558244129,2547.16247376976,77.1272686356014,25420.5604791045,,,,,,
1/12/19,21,11055.2199307922,11291.8805619454,2482.20848159371,77.1786508240626,24906.4874468382,,,,,,
1/12/19,22,10680.7167607867,10928.7846089886,2384.80737092888,76.3586459823692,24070.6678051468,,,,,,
1/12/19,23,10152.0611623679,10452.3208556968,2229.3520101331,75.1106377816662,22908.8440747923,,,,,,
1/13/19,24,9687.40634858336,9823.31468373688,2087.34926311703,74.6339793290567,21672.7040754393,,,,,,
1/13/19,1,9447.57812806988,9380.4723392533,1930.89135811996,75.3582669039738,20834.2999063045,,,,,,
1/13/19,2,9087.84966854461,9050.57874008153,1847.58792574695,77.6792864404956,20063.6957117298,,,,,,
1/13/19,3,8856.6289168546,8835.78918988278,1796.12446499484,80.7453870135778,19569.2878235892,,,,,,
1/13/19,4,8768.62218001046,8716.04071303542,1774.22182148086,83.3560291576404,19342.2405703475,,,,,,
1/13/19,5,8822.4173047564,8750.37467551751,1805.12648773648,88.4458222438443,19466.3641780608,,,,,,
1/13/19,6,9008.60538982559,8849.27626659264,1864.25190923426,96.0496909918342,19818.1830364152,,,,,,
1/13/19,7,9437.68744891867,9176.77755173053,1971.68337256196,104.263398535489,20690.4117682233,,,,,,
1/13/19,8,9794.75331695287,9204.08364613345,2057.25083542635,107.257520961348,21163.3450084328,,,,,,
1/13/19,9,9791.52817964505,9164.76716743001,2094.09072242261,97.6319499991801,21148.0181217769,,,,,,
1/13/19,10,9576.22715637007,8871.96679124789,1929.4715902458,85.9793335683228,20463.6446065701,,,,,,
1/13/19,11,9304.01338964418,8670.94268072126,1982.48422497019,75.5447334489008,20032.9846863576,,,,,,
1/13/19,12,9215.58591716535,8568.90601927129,1892.44558219077,66.9280128308147,19743.8658281401,,,,,,
1/13/19,13,9221.99354396168,8806.44740687799,1995.16376863149,61.6597611772634,20085.2651110307,,,,,,
1/13/19,14,9421.52752132874,8934.35696185359,2071.12726958618,57.9989395505021,20485.0107378896,,,,,,
1/13/19,15,9651.34901093554,9128.00566861069,2019.17424943731,55.2835933220849,20853.8124985636,,,,,,
1/13/19,16,10069.3500012467,9497.92642499997,2195.36828677085,56.9302562538872,21819.5749151565,,,,,,
1/13/19,17,10549.4486530427,10183.8101811226,2473.02095063545,63.1706155051954,23269.4508966344,,,,,,
1/13/19,18,11778.5080889362,11316.1336472376,2749.01710330837,72.8297809878722,25916.488804665,,,,,,
1/13/19,19,12057.6956934156,11499.6482624527,2623.76455625011,76.2201313349779,26257.3286298675,,,,,,
1/13/19,20,11887.7174005654,11391.8682604957,2618.03211269773,79.8124859773149,25977.4297591666,,,,,,
1/13/19,21,11556.0134433063,11168.1579792007,2515.7570180344,80.213833102256,25320.1408894302,,,,,,
1/13/19,22,10985.334328904,10671.5566647699,2395.98309157703,78.8287089256369,24131.7024490873,,,,,,
1/13/19,23,10226.89332587,10049.6118550679,2159.80774282407,73.8846021019871,22510.1978472142,,,,,,
1/14/19,24,9742.16948083294,9408.93791383964,1972.58998072991,72.0115153104774,21195.7080719944,,,,,,
1/14/19,1,9225.83733308074,8969.27464561566,1880.52661615948,71.7798461469751,20147.4181970981,,,,,,
1/14/19,2,8922.99084535406,8664.5687485206,1829.9882590764,72.5089237158381,19490.0567550522,,,,,,
1/14/19,3,8786.97345546912,8517.31295328578,1774.72474744291,73.6827984249548,19152.6938922796,,,,,,
1/14/19,4,8824.65956753854,8552.78182384474,1765.73068122983,77.9150244031603,19221.0871524408,,,,,,
1/14/19,5,9145.56014256475,8892.15986349149,1831.4725787133,83.0089400816453,19952.2012133385,,,,,,
1/14/19,6,9848.68717445513,9701.0480273047,2020.51453228712,90.3524218505654,21660.6026427394,,,,,,
1/14/19,7,10865.1294774623,10890.6946657246,2318.55624203325,99.5536033817194,24173.9343812998,,,,,,
1/14/19,8,11878.7321384911,11651.8327155764,2462.0356462667,101.483220237626,26094.0836799751,,,,,,
1/14/19,9,11975.8561029839,12041.4582414113,2542.70020359863,99.2042017177237,26659.2182373825,,,,,,
1/14/19,10,11963.4300359237,12226.8731573936,2631.15736710011,91.3324957541237,26912.7925493846,,,,,,
1/14/19,11,11803.5526477148,12470.8059602665,2690.69630319607,81.9694314940786,27047.0236777097,,,,,,
1/14/19,12,11691.8971438877,12637.9654438607,2575.2379366905,75.4545211507937,26980.5487632394,,,,,,
1/14/19,13,11700.0977213749,12615.9748493817,2642.54926377232,73.155899736208,27031.7776453364,,,,,,
1/14/19,14,11564.8518782679,12494.4926894285,2649.5389619519,73.3637015908191,26782.2472420552,,,,,,
1/14/19,15,11516.248941995,12307.4903129,2667.19001715847,73.5928685671112,26564.5220614624,,,,,,
1/14/19,16,11681.2126483658,12240.7009121506,2703.49718144267,74.9463493198241,26700.3569315172,,,,,,
1/14/19,17,12035.0363684363,12538.0481498635,2797.94306500593,80.9839308497533,27452.0121039408,,,,,,
1/14/19,18,12941.3086772677,13241.5011068159,2992.05532651552,84.7670434756922,29259.6323348684,,,,,,
1/14/19,19,13025.2603904475,13237.509479293,2963.50088442118,85.3539550546924,29311.6250731107,,,,,,
1/14/19,20,12754.002050616,13036.8190303542,2859.66909228682,84.0845837905363,28734.5741671877,,,,,,
1/14/19,21,12362.4986789852,12703.2228043035,2723.18126482434,81.0709655046579,27869.9737106249,,,,,,
1/14/19,22,11679.3061258623,12077.1040264776,2528.7918057132,75.1805578491261,26360.3817056235,,,,,,
1/14/19,23,10693.7315936922,11097.5153163394,2263.09091530818,70.8218042598515,24125.1588132634,,,,,,
1/15/19,24,9858.90108092244,10256.7532061914,2038.07650488254,67.1227489219094,22220.8529553895,,,,,,
1/15/19,1,9336.12623357084,9657.75853669931,1930.93975304547,61.6539993886693,20986.4781697779,,,,,,
1/15/19,2,9225.47486628707,9266.14691706947,1842.19781552854,65.8308853586614,20399.6503062724,,,,,,
1/15/19,3,9097.21414816903,9041.1001495549,1778.29538723621,65.929999809005,19982.5395223421,,,,,,
1/15/19,4,9070.81282639472,9003.31978648553,1763.03791806209,66.7003434385936,19903.8710241636,,,,,,
1/15/19,5,9201.74641562603,9278.90648888596,1846.52306788058,69.6948549011434,20396.8712865894,,,,,,
1/15/19,6,9683.75725410449,10010.5998187746,2002.22164080141,76.6418036966005,21773.2205817748,,,,,,
1/15/19,7,10928.538068224,11143.3719708092,2300.96259801998,82.7298604751344,24455.6033089338,,,,,,
1/15/19,8,11869.5199526315,11761.5326712522,2497.49882894581,85.1340529981603,26213.6857361068,,,,,,
1/15/19,9,11927.6314025502,11996.2037398628,2551.61947606083,84.1078624980026,26559.5623445538,,,,,,
1/15/19,10,11982.1745138302,12009.4688618756,2510.90555863618,82.0611139090766,26584.6101261749,,,,,,
1/15/19,11,12048.6565398685,11762.3868917115,2357.14817696175,79.2045214498882,26247.3965001185,,,,,,
1/15/19,12,12115.701616784,11535.780343459,2090.25126306024,77.6503301132418,25819.3837849032,,,,,,
1/15/19,13,12181.3784854822,11593.58002382,1929.60753019558,77.3222017108883,25781.8884557446,,,,,,
1/15/19,14,12245.1803925518,11823.0037540134,2231.36905645534,76.6798834027937,26376.2332762912,,,,,,
1/15/19,15,12197.7903122296,11940.2233549742,2339.71327683766,76.5623302704918,26554.2891442925,,,,,,
1/15/19,16,12140.4914027595,12085.6712573884,2417.75451611474,76.861219294052,26720.7785676406,,,,,,
1/15/19,17,12328.2102235842,12453.0362549005,2617.91802856126,81.8509154837693,27481.0162714809,,,,,,
1/15/19,18,13021.8902812551,13116.5756831453,2863.24815379513,84.388950840764,29086.1045188048,,,,,,
1/15/19,19,13146.5759026967,13141.602147074,2838.967005315,83.3490892107611,29210.4938588855,,,,,,
1/15/19,20,12934.7399941487,12984.2232467178,2749.05653194445,82.5511042039395,28750.5711189722,,,,,,
1/15/19,21,12527.3985179039,12654.011047216,2661.29857497212,79.9342183682395,27922.6418637675,,,,,,
1/15/19,22,11750.4892189916,11958.4782908277,2481.25756341778,75.0232621945437,26265.2479269392,,,,,,
1/15/19,23,10800.9675656461,11008.45647006,2229.26557663718,69.7743076019584,24108.4641100613,,,,,,
1/16/19,24,10094.447836329,10271.3407555546,2025.03830363774,66.7820497499868,22457.6089212149,,,,,,
1/16/19,1,9710.34137928111,9632.0896355923,1905.33344741407,65.058606599834,21312.8227200492,,,,,,
1/16/19,2,9325.88980129163,9238.33226729549,1810.17069652762,64.0515090185551,20438.4436677843,,,,,,
1/16/19,3,9108.40565048415,8998.14906129928,1741.08815625182,64.4615388618007,19912.1043968516,,,,,,
1/16/19,4,9070.20921075555,8943.42321294679,1734.26101430301,65.4265771639288,19813.3209997229,,,,,,
1/16/19,5,9122.76677997965,9172.18631604398,1777.20367862577,68.4591682680711,20140.6164378721,,,,,,
1/16/19,6,9619.20539934499,9858.5575127029,1989.87605059648,73.6790995518423,21541.3183422805,,,,,,
1/16/19,7,10804.8705434731,10964.5574102281,2284.68523539483,82.0637164752458,24136.176935123,,,,,,
1/16/19,8,11628.6352997334,11559.3856141381,2445.86761271185,83.795307950428,25717.6842111837,,,,,,
1/16/19,9,11534.4255383683,11580.5015004151,2425.01603677853,82.5489331762625,25622.4922924208,,,,,,
1/16/19,10,11377.4042163645,11518.5718107967,2316.46333178172,77.4940369068683,25289.933403316,,,,,,
1/16/19,11,11482.7869862615,11546.8859729875,2173.13161675958,70.3345927762845,25273.139168897,,,,,,
1/16/19,12,11593.0629702361,11565.0682997774,2077.9722657268,65.9891934915625,25302.0921701656,,,,,,
1/16/19,13,11806.4879859881,11471.0737153379,2067.24837303606,63.7985698338154,25408.6085452078,,,,,,
1/16/19,14,12017.3839650703,11484.6562991818,2162.46450350316,60.6355520244533,25725.1401477243,,,,,,
1/16/19,15,12069.0156413378,11576.056828072,2149.40961070595,59.4660399304456,25853.948227944,,,,,,
1/16/19,16,12154.4150370938,11603.4993844962,2217.79677026131,61.0969723936002,26036.8083972415,,,,,,
1/16/19,17,12456.4310508317,11872.31146361,2481.07343483517,67.6546987236388,26877.4704330189,,,,,,
1/16/19,18,13030.4519795779,12712.5273736152,2776.95029455678,72.0054781163097,28591.9355546271,,,,,,
1/16/19,19,13039.7286055391,12803.8095320925,2814.78066699662,71.6278604750567,28729.947042284,,,,,,
1/16/19,20,12806.1987272606,12609.7285222343,2720.59529356895,71.2397514415015,28207.7624206403,,,,,,
1/16/19,21,12296.7580073707,12280.2517265059,2612.13011904146,69.747787759227,27258.8874780605,,,,,,
1/16/19,22,11592.4977379545,11637.1758301032,2430.02055781231,66.5774781114541,25726.2711756916,,,,,,
1/16/19,23,10633.3677252157,10771.9328609378,2172.7235418275,63.399008168842,23641.4225643459,,,,,,
1/17/19,24,9874.51030075012,9950.32147229531,1952.50444291006,60.4316139759793,21837.7668961247,,,,,,
1/17/19,1,9630.69886873793,9401.88892103158,1833.03742822033,57.5583062150515,20923.1837452259,,,,,,
1/17/19,2,9276.96431586411,8981.37188701308,1781.21393349211,56.3984579571508,20095.948382509,,,,,,
1/17/19,3,9054.90598406228,8763.56287379619,1713.39015197739,56.413902953591,19588.2735576808,,,,,,
1/17/19,4,9003.0682670577,8703.25506620813,1715.95498985274,56.8236625591454,19479.1019907174,,,,,,
1/17/19,5,9216.66607931503,9014.53826315985,1809.81713062569,61.8620806949325,20102.8833012679,,,,,,
1/17/19,6,9656.45468172872,9690.93950082394,2010.14843721946,66.9504755083106,21424.4940117909,,,,,,
1/17/19,7,10675.4640663205,10732.9180223318,2261.03367385402,74.0245026076064,23743.4410716866,,,,,,
1/17/19,8,11509.5105856661,11419.1236107308,2451.73430230929,77.8821045958839,25458.2509756047,,,,,,
1/17/19,9,11609.8823137173,11737.0820904151,2429.92949318404,78.6714479675604,25855.5655874161,,,,,,
1/17/19,10,11546.7097606778,12095.4822101909,2379.82250240036,78.763740200477,26100.7787207975,,,,,,
1/17/19,11,11390.0872530965,12201.9010875836,2545.56818205561,74.192517787176,26211.7491838356,,,,,,
1/17/19,12,11392.3716801167,12115.3687344719,2541.93101553818,72.0792157476226,26121.7507896931,,,,,,
1/17/19,13,11336.6709901521,11985.0992939209,2501.54673779984,68.1676959585392,25891.4847377617,,,,,,
1/17/19,14,11377.277717189,11805.1687923944,2521.79230266936,66.6706531026136,25770.9095921706,,,,,,
1/17/19,15,11372.8581117231,11838.123658471,2585.51970372541,65.3989343094288,25861.900900106,,,,,,
1/17/19,16,11434.2380385067,11783.1483503938,2651.8881086067,66.6399439379215,25935.9148974319,,,,,,
1/17/19,17,11651.7384182036,12033.9423863587,2625.29242538819,69.9003893850324,26380.8736229111,,,,,,
1/17/19,18,12459.1843066896,12725.5843334858,2792.99857586319,72.1270045157985,28049.8946672011,,,,,,
1/17/19,19,12653.7927388347,12689.945713132,2794.93716910128,71.1636820532754,28209.9135646091,,,,,,
1/17/19,20,12404.5178011129,12402.3637096595,2739.27850196021,70.4102957615479,27616.5705428389,,,,,,
1/17/19,21,12003.4236084723,12091.4331462397,2626.77053722317,69.5187643899487,26791.1460598083,,,,,,
1/17/19,22,11368.867470488,11528.9486306557,2435.56225944578,67.2780986887786,25400.656523582,,,,,,
1/17/19,23,10593.1773891164,10722.7412480204,2225.07080551303,63.6979188306613,23604.6867815223,,,,,,
1/18/19,24,10072.5685699299,9932.77420474494,2019.37592286764,60.4236232545439,22085.1429894056,,,,,,
1/18/19,1,9636.69775404866,9376.39474414102,1932.35942799873,58.5315639783153,21003.9831494026,,,,,,
1/18/19,2,9262.24841861622,8984.63777396511,1860.68948540663,59.975698612712,20167.5511208305,,,,,,
1/18/19,3,9045.83583876749,8767.57484911064,1792.15524209157,62.6094473549136,19668.1757919085,,,,,,
1/18/19,4,9019.71440361724,8731.27502793933,1779.49906854993,65.2678001277331,19595.7565844308,,,,,,
1/18/19,5,9266.00580623062,8914.28360471756,1825.88541106246,69.7710275982244,20075.9457749939,,,,,,
1/18/19,6,9916.12518614892,9591.54517222553,1960.24526147399,78.5655536819282,21546.4825343335,,,,,,
1/18/19,7,11068.6163992622,10716.9933434935,2219.74345004318,87.1596943945392,24092.5134876833,,,,,,
1/18/19,8,11549.5099041958,11219.0145734427,2370.37036332116,88.2709176904621,25227.1649048652,,,,,,
1/18/19,9,11451.8473106704,11033.3757056221,2262.45233528529,78.8125678378635,24826.487152948,,,,,,
1/18/19,10,11456.1760803927,10903.4783047582,2094.04019954423,70.3430195701783,24524.0372928358,,,,,,
1/18/19,11,11250.7313047689,10894.2710363097,1974.92588160694,63.6843335535803,24183.6122800137,,,,,,
1/18/19,12,11047.8350518089,10772.7298174551,2010.29061704957,58.8996463925045,23889.7550262764,,,,,,
1/18/19,13,10774.6586515188,10592.9768521902,2101.00010539158,56.4610899356995,23525.0963610565,,,,,,
1/18/19,14,10561.6246319282,10480.7159050255,2051.91937346307,53.9925554396595,23148.2521627923,,,,,,
1/18/19,15,10371.9685185125,10397.2320279632,2012.88495390762,53.6088149593467,22835.6941370996,,,,,,
1/18/19,16,10561.0008299419,10519.1550516507,2103.89368983724,53.2364326254563,23237.2860753426,,,,,,
1/18/19,17,11107.0031857065,11000.9527476715,2339.62712659946,57.3625819748944,24504.9461678319,,,,,,
1/18/19,18,12017.535220367,11888.3903099778,2599.03395075412,65.5443812573511,26570.504257645,,,,,,
1/18/19,19,12210.3688983011,12104.1195210848,2631.91960578537,67.4497444865042,27013.8581835931,,,,,,
1/18/19,20,11921.6498095922,11890.4133042343,2584.27569006763,68.1766075698494,26464.5152804958,,,,,,
1/18/19,21,11570.2678313839,11651.3707821429,2510.2791046396,68.6111699968751,25800.528941043,,,,,,
1/18/19,22,11132.8114971072,11247.8340414115,2390.04067810829,68.4282287111924,24839.1149255988,,,,,,
1/18/19,23,10822.9273967186,10599.1318157799,2214.80799452977,66.9560857171045,23703.8230540853,,,,,,
1/19/19,24,10176.9984479507,9937.85886828067,2046.78191533952,66.1276280598731,22227.7662602249,,,,,,
1/19/19,1,9657.34615509873,9368.45684206276,1930.74796811674,66.1414255836109,21022.6917703175,,,,,,
1/19/19,2,9248.90405509471,8978.91430978252,1878.44191545452,66.4770066603385,20172.737376069,,,,,,
1/19/19,3,8998.972286936,8724.74148356114,1817.23330327363,67.9032468281025,19608.8499191116,,,,,,
1/19/19,4,8866.8831289294,8614.23701503939,1789.19966169738,69.6343747494004,19339.9541768941,,,,,,
1/19/19,5,8916.66096884833,8688.69321167663,1813.21638367717,74.4450814090721,19493.0153958773,,,,,,
1/19/19,6,9168.93746105042,9014.83177872638,1842.24191879264,79.5642105476742,20105.576666051,,,,,,
1/19/19,7,9648.49156791871,9486.95414968583,1958.62119914031,86.4899545484841,21180.5569685149,,,,,,
1/19/19,8,9994.82805716915,9543.34468796571,1996.1122275892,90.9339031206567,21625.2190356808,,,,,,
1/19/19,9,10102.6273718976,9484.73076949028,1865.4813271976,84.7558665256363,21537.5953031837,,,,,,
1/19/19,10,10015.4833814667,9255.60601970761,1699.88819449926,74.6817549888356,21045.6593803823,,,,,,
1/19/19,11,9765.39227592541,9070.30517858324,1615.80744288985,65.3126690316296,20516.817677271,,,,,,
1/19/19,12,9423.68233653378,8878.7566373086,1684.01023212013,59.5495198871959,20045.9987634465,,,,,,
1/19/19,13,9256.15445836166,8786.8715043967,1694.63229231131,55.9731625362579,19793.6313282147,,,,,,
1/19/19,14,9595.18616300467,8786.01122322052,1732.73655782079,51.8629235195051,20165.7962354561,,,,,,
1/19/19,15,9737.41485025001,8955.61756646317,1792.93042442189,50.7656698903724,20536.7287877051,,,,,,
1/19/19,16,9676.9349633465,9292.97855873211,1990.91679403742,50.5620689870471,21011.3915648495,,,,,,
1/19/19,17,10164.614072956,9857.63011241946,2265.51029541379,54.80863770064,22342.5634865247,,,,,,
1/19/19,18,11157.9848500097,10802.4436792077,2392.95118330232,61.3063905753659,24414.6860771238,,,,,,
1/19/19,19,11376.4737367847,11084.8820825174,2440.44874892464,63.8582248953972,24965.6627462621,,,,,,
1/19/19,20,11154.4192238072,10893.5198554025,2430.69478450443,65.8088742072132,24544.4426599576,,,,,,
1/19/19,21,10979.7570817493,10670.9427575892,2364.10242593142,66.3179938572283,24081.1201163976,,,,,,
1/19/19,22,10779.2981863957,10299.2340185421,2249.0268154126,65.6726447627776,23393.2313856708,,,,,,
1/19/19,23,10300.6949426176,9782.77741154463,2096.53875271817,64.8677846880118,22244.8792382052,,,,,,
1/20/19,24,9717.68638763527,9227.21006791078,1942.12820032755,64.5309152746448,20951.5548074931,,,,,,
1/20/19,1,9318.91153589019,8752.66917407161,1834.69674653567,64.7829136787608,19971.0608241436,,,,,,
1/20/19,2,8968.05681844432,8409.80891282857,1758.02474072842,65.8130969894941,19201.7030787982,,,,,,
1/20/19,3,8733.95818588073,8187.2034140974,1739.03682835079,67.5581974983193,18727.7567058083,,,,,,
1/20/19,4,8614.18031935502,8083.18734103468,1673.58025478183,69.5825935131913,18440.530731702,,,,,,
1/20/19,5,8631.02022903281,8118.00772864181,1697.47705646956,74.3904220543477,18520.895729108,,,,,,
1/20/19,6,8800.91349664365,8298.51328610531,1743.13619759097,80.5727213664612,18923.1359655375,,,,,,
1/20/19,7,9190.37910540464,8610.90623709509,1836.61961362962,87.0761522150824,19724.9815395043,,,,,,
1/20/19,8,9546.73775204159,8665.59203908039,1830.20769612085,91.9801381498619,20134.5178994785,,,,,,
1/20/19,9,9939.3488433923,8743.46361848915,1857.76784712269,85.8070270045416,20626.3878422388,,,,,,
1/20/19,10,10212.4365993675,8545.02127759243,1807.52676166855,76.0671315932684,20641.0522345119,,,,,,
1/20/19,11,10182.9002207235,8438.96238303158,1670.67310306985,68.400051093305,20360.9358579851,,,,,,
1/20/19,12,9961.73590496164,8452.74696304463,1613.44419431315,60.8362880651512,20088.7631477421,,,,,,
1/20/19,13,9985.32223063031,8395.40442599514,1691.72382040332,56.8031962013966,20129.2547316877,,,,,,
1/20/19,14,10212.1445420695,8430.82233073663,1653.45392632581,57.441730100715,20353.8630605775,,,,,,
1/20/19,15,9965.78620036463,8846.23398166661,1879.62152690677,56.547547418531,20748.1899032989,,,,,,
1/20/19,16,10204.4770574303,9097.05145126115,1985.30328090506,57.6653229531884,21344.4976213427,,,,,,
1/20/19,17,10387.8406507903,9583.51141422782,2192.63575019059,62.7986213275654,22226.8357873083,,,,,,
1/20/19,18,11393.2697658148,10660.745777826,2512.3005052906,67.505033050316,24633.8223258874,,,,,,
1/20/19,19,11592.7056791677,10891.9803696639,2520.19066005374,67.147008418951,25072.0240631229,,,,,,
1/20/19,20,11456.2113952297,10836.6499567128,2475.72741870855,67.8425220386302,24836.4320515853,,,,,,
1/20/19,21,11273.2216436768,10602.2116882843,2419.72339278205,66.9917478047037,24362.1483954572,,,,,,
1/20/19,22,11019.6864344757,10205.4385542088,2275.11684963819,65.3660827439417,23565.6075313234,,,,,,
1/20/19,23,10410.6619306183,9654.54608976956,2117.63702366076,62.9277273724242,22245.772454988,,,,,,
1/21/19,24,9784.27899898804,9113.43978800682,1983.11430685754,58.2203491605979,20939.0540340555,,,,,,
1/21/19,1,9467.97514422937,8651.82087001382,1842.29801638268,56.9815641385215,20019.075757037,,,,,,
1/21/19,2,9152.72565960197,8377.04319555755,1822.00886363522,57.7795331340767,19409.5575222703,,,,,,
1/21/19,3,8991.86824736449,8204.41881094547,1754.5047269915,60.1212819231984,19010.9134146463,,,,,,
1/21/19,4,8984.72053571631,8222.5991674048,1742.0008716344,63.8275164674798,19013.148392206,,,,,,
1/21/19,5,9216.08928180779,8525.08387158009,1796.26815932162,68.8453974915873,19606.2871646442,,,,,,
1/21/19,6,9804.03645163266,9178.33133371199,1877.19661273125,73.3120913403514,20932.8770474087,,,,,,
1/21/19,7,10714.2057454831,10048.3256671409,2070.52985290908,81.0616097380606,22914.1232811404,,,,,,
1/21/19,8,11328.0057483743,10330.7783375275,2132.74929633434,83.0540087805094,23874.5874349348,,,,,,
1/21/19,9,11318.3375936102,10352.596083435,2067.90909329952,78.5136937349168,23817.356776671,,,,,,
1/21/19,10,10946.3772213736,10263.4611449328,2040.74439656236,75.3055233169042,23325.8877141756,,,,,,
1/21/19,11,10561.5839669597,10123.646844967,1903.72004287403,74.6834757697712,22663.6342290831,,,,,,
1/21/19,12,10354.7142035595,9981.10120230579,1846.93474734996,73.249921688957,22255.9995807382,,,,,,
1/21/19,13,10334.5067982275,9938.60483063875,1805.14217498366,72.459665923782,22150.7137163937,,,,,,
1/21/19,14,10498.7604925647,9972.52734979805,1862.16250123833,66.7148013526772,22400.1656156125,,,,,,
1/21/19,15,10494.8677394896,10090.8508728814,1997.48119083787,64.9126342025893,22648.1121042763,,,,,,
1/21/19,16,10663.6206728144,10381.0843967225,2138.09003814562,65.7217268695914,23248.5169139037,,,,,,
1/21/19,17,11093.4679420475,10955.804149557,2479.70408695076,73.5128435447331,24602.4896520155,,,,,,
1/21/19,18,12269.6020165155,12091.8540114499,2797.7165592173,84.3510763161956,27243.5243179304,,,,,,
1/21/19,19,12754.3849039184,12445.9167879198,2813.11632810267,85.850959149761,28099.2691029429,,,,,,
1/21/19,20,12529.9111677365,12332.3174796215,2753.20114813189,85.3509116819374,27700.7805720561,,,,,,
1/21/19,21,12181.3591273456,12096.1097036391,2663.55765005873,84.535893483311,27025.5625711519,,,,,,
1/21/19,22,11542.1542831019,11523.0144829002,2489.42960505891,82.236388700904,25636.8351033399,,,,,,
1/21/19,23,10673.7504387741,10699.4562250393,2276.46625472619,80.1823660610725,23729.8553073397,,,,,,
1/22/19,24,10141.0325220142,9988.81754077318,2088.16659877295,77.9044286375606,22295.9212620884,,,,,,
1/22/19,1,9799.57107813543,9482.99256219285,2034.7397300965,78.61003931475,21395.9138214135,,,,,,
1/22/19,2,9480.20269077983,9159.65990494285,1950.73156564754,78.5841396623548,20669.1779496583,,,,,,
1/22/19,3,9333.8520055681,8948.86897738422,1913.05901166826,81.223439652181,20277.0033994141,,,,,,
1/22/19,4,9364.77693559545,8990.34770805005,1915.41631026291,84.9540664308142,20355.5925079994,,,,,,
1/22/19,5,9629.82803260662,9334.78895984967,1985.52704513871,91.6076965456651,21041.7521665758,,,,,,
1/22/19,6,10174.0897377192,10161.713126773,2145.83422547528,98.3008870164427,22579.9382282745,,,,,,
1/22/19,7,11542.7219895947,11297.9588407916,2425.71450891515,106.090600390176,25372.486125703,,,,,,
1/22/19,8,12297.375286012,11671.7917557029,2504.54383249942,98.9974598105871,26572.6479115175,,,,,,
1/22/19,9,11861.3257672351,11356.6635135354,2296.33702854017,100.723115988791,25615.0484996108,,,,,,
1/22/19,10,11241.3390192227,10917.406702966,2041.25042142297,95.1351671719527,24295.1312118038,,,,,,
1/22/19,11,10768.0801612235,10561.2037630372,2019.80697622712,88.9325755197282,23438.0228911131,,,,,,
1/22/19,12,10523.9806811638,10359.3917027186,1959.18872162615,82.0793181930513,22924.6403673099,,,,,,
1/22/19,13,10580.3554927947,10202.8077358861,1963.72300207597,79.5000803641542,22826.3860063198,,,,,,
1/22/19,14,10623.8683923146,10300.0270882497,2011.23885840986,77.2304615824031,23012.3652423654,,,,,,
1/22/19,15,10343.9344735377,10456.9856662814,2165.4358958802,75.5760192616548,23041.9315241216,,,,,,
1/22/19,16,10451.1502100051,10748.680110326,2231.11753129538,76.0581458546843,23507.0062771983,,,,,,
1/22/19,17,11124.2154268944,11160.8504094393,2456.36033469805,80.9850386919439,24822.4113477785,,,,,,
1/22/19,18,12341.2279206622,12202.7852905726,2683.28223681782,92.3150866396715,27319.6111540255,,,,,,
1/22/19,19,12886.1420007854,12626.495535681,2813.01995623655,93.7507799020692,28419.4075939259,,,,,,
1/22/19,20,12714.7134636464,12522.8810999905,2740.68731056507,92.8706825774825,28071.1519402358,,,,,,
1/22/19,21,12352.3232776187,12277.3713282471,2699.31213459643,92.2809991675441,27421.2878501743,,,,,,
1/22/19,22,11702.4042481385,11775.9990124856,2531.5969232942,88.736264740269,26098.7357249696,,,,,,
1/22/19,23,10832.9008343338,10951.9986829392,2301.04943160741,85.1878602704496,24171.1368108767,,,,,,
1/23/19,24,10125.3141616159,10231.0884860124,2110.99280613448,84.2855489739663,22551.6805934658,,,,,,
1/23/19,1,9999.88626791102,9686.4607132538,2022.85399196481,84.8876288561435,21794.0883453052,,,,,,
1/23/19,2,9700.85076903531,9313.99650432823,1962.5582738964,86.395613653093,21063.8012603797,,,,,,
1/23/19,3,9533.05104839873,9142.55679162682,1905.91745427296,88.7490306844304,20670.273988351,,,,,,
1/23/19,4,9573.74475376195,9071.4348987831,1902.51540446711,93.5301659487033,20641.2253954749,,,,,,
1/23/19,5,9814.0237295067,9256.18656262743,1980.2635850171,98.8487704207717,21149.3221585111,,,,,,
1/23/19,6,10252.1586723035,10038.0724180494,2181.56510601829,107.520540198868,22579.3169187164,,,,,,
1/23/19,7,11575.7775778411,11224.6494037021,2481.77306073319,116.816621570318,25399.016548805,,,,,,
1/23/19,8,12378.0790064415,11737.4520001114,2572.11248018377,117.17285277916,26804.8151686528,,,,,,
1/23/19,9,11907.0793260607,11443.0198228937,2365.62395844308,88.2207222415844,25803.9443698315,,,,,,
1/23/19,10,11222.3483311665,10981.9197786634,2115.12085936893,89.9735975863766,24409.4108771908,,,,,,
1/23/19,11,10823.6030772879,10711.4978096975,2052.69423292323,79.4635751266836,23667.25818707,,,,,,
1/23/19,12,10491.506666667,10522.1891566597,1999.26917873361,72.1341983580776,23085.0990779906,,,,,,
1/23/19,13,10393.1063812468,10344.0648546649,1966.85478518894,64.9527314340558,22768.9782066306,,,,,,
1/23/19,14,10415.3029146125,10360.9451134497,2012.80639130934,61.148387290894,22850.2028487294,,,,,,
1/23/19,15,10232.5350085481,10463.1300963167,2068.38714106716,58.5092585282854,22822.562410282,,,,,,
1/23/19,16,10401.7176433945,10743.9201680296,2142.89549372258,58.663973308144,23347.1974762702,,,,,,
1/23/19,17,11152.6407461746,11251.456416409,2420.22713207034,63.2269481657943,24887.5515880078,,,,,,
1/23/19,18,12289.8735245062,12211.2955248165,2693.3846719373,72.6959645762808,27267.2495587436,,,,,,
1/23/19,19,12757.5539108715,12488.107193074,2794.45296405733,77.7454728862576,28117.860377167,,,,,,
1/23/19,20,12596.3342303691,12384.5508333664,2738.11925811422,81.1729537970251,27800.1764306587,,,,,,
1/23/19,21,12266.7090866183,12179.6638804263,2687.45425856432,81.7237538338598,27215.551542812,,,,,,
1/23/19,22,11644.016126432,11637.6370075728,2496.02467279038,81.5523431793525,25859.2299401305,,,,,,
1/23/19,23,10806.0647361544,10846.9926156937,2272.38986200613,78.8964976408757,24004.3429612963,,,,,,
1/24/19,24,10088.2358855227,10143.7755919693,2066.36795525521,77.0371230053496,22375.4163504191,,,,,,
1/24/19,1,9882.32343016061,9586.90943293207,1961.57798156067,78.2557366276848,21509.0669111007,,,,,,
1/24/19,2,9558.72322622303,9252.8735657614,1892.07852780235,79.5675332305484,20783.2431924038,,,,,,
1/24/19,3,9364.01436056178,9089.25709808171,1850.52364664602,82.107357859474,20385.9023567989,,,,,,
1/24/19,4,9372.32905593544,9084.00670132502,1841.93795356209,84.9647031960373,20383.2385417284,,,,,,
1/24/19,5,9705.06342687353,9335.34337902338,1911.67355877213,90.7569320331858,21042.8370985352,,,,,,
1/24/19,6,10411.1840459089,10142.3306135957,2117.53753473389,100.157094943798,22771.2097770167,,,,,,
1/24/19,7,11481.8307264989,11315.8726609398,2441.18246982723,109.948701503076,25348.8356775485,,,,,,
1/24/19,8,12233.314108522,11637.8520166731,2496.40119838457,110.659273926553,26478.2268023117,,,,,,
1/24/19,9,11854.3762904447,11358.3685546565,2336.3432771135,97.2186197674038,25646.3066325028,,,,,,
1/24/19,10,11603.4463853698,10952.835474355,2178.39963797557,85.3671662069074,24820.0484680284,,,,,,
1/24/19,11,10697.4960089734,10674.6551527583,2080.03738561428,75.1077375897751,23527.295701475,,,,,,
1/24/19,12,10480.3269578663,10479.8073301061,1978.36716389371,67.1692791831569,23005.6708875082,,,,,,
1/24/19,13,10325.1015923368,10449.6209121159,2052.23458347331,62.5210178620341,22889.478642355,,,,,,
1/24/19,14,10318.318770601,10530.7672335054,2176.22735975575,58.6247433130628,23083.9377116069,,,,,,
1/24/19,15,10337.2534765796,10620.1475048637,2189.00651514087,55.1127555941786,23201.5219395151,,,,,,
1/24/19,16,10137.7219832494,11033.4267988158,2324.67636100907,55.1116846688956,23550.9370619895,,,,,,
1/24/19,17,10759.7956979582,11622.0315535762,2475.73181070573,58.794114620394,24916.3541487576,,,,,,
1/24/19,18,12013.1999120128,12283.0555537528,2711.50201330259,66.5497595896058,27074.3077081636,,,,,,
1/24/19,19,12475.0793182535,12433.7884443075,2764.670534019,70.7336458231862,27744.2720227282,,,,,,
1/24/19,20,12226.7750624992,12191.7033694442,2681.45607066072,72.7036103774551,27172.6381990552,,,,,,
1/24/19,21,11930.9972448583,11925.3356814767,2593.58091107756,74.3101519593782,26524.2241172554,,,,,,
1/24/19,22,11506.7952706507,11370.541645526,2428.44402348597,74.226744221825,25380.0075694816,,,,,,
1/24/19,23,10774.2208588026,10604.3372173336,2208.9324988099,73.0167229887681,23660.5070394143,,,,,,
1/25/19,24,10280.7792015415,9901.68214829577,2002.05539138935,72.897355562065,22257.4141399804,,,,,,
1/25/19,1,9817.87008943536,9373.59784569906,1902.96950035462,74.1346582806105,21168.571952876,,,,,,
1/25/19,2,9513.46857180342,9050.36964697768,1839.92920183028,76.0053496883849,20479.7726323024,,,,,,
1/25/19,3,9360.07348500587,8863.04997385168,1785.21094510614,79.1640979539986,20087.4984526465,,,,,,
1/25/19,4,9379.19785385053,8833.01852960692,1783.98712440698,84.0260993553931,20080.2296084759,,,,,,
1/25/19,5,9696.07671602231,9099.2133180343,1854.40805234924,89.0353266418818,20738.7343943881,,,,,,
1/25/19,6,10353.5174698702,9835.9447028411,2041.97009121053,99.3840640445359,22330.8170171108,,,,,,
1/25/19,7,11384.0067412354,10984.0887695245,2351.20065967116,107.259982336044,24826.5578166925,,,,,,
1/25/19,8,12214.0297433952,11315.4527611639,2459.28281718095,107.296920991432,26096.0627433932,,,,,,
1/25/19,9,11932.5329840245,11083.0393672594,2275.11131992983,101.072763148938,25391.7563384462,,,,,,
1/25/19,10,11267.4886375464,10772.8780173658,2239.92306122903,90.9023339933744,24371.1917919353,,,,,,
1/25/19,11,10887.207036968,10529.1113511236,1975.95384267821,76.0261486432987,23468.2983838519,,,,,,
1/25/19,12,10252.1327144122,10320.4816655713,1999.1154448188,65.7454039562487,22637.4758012097,,,,,,
1/25/19,13,9988.17956987385,10223.2409027276,1901.5851759432,60.391058882255,22173.3968653366,,,,,,
1/25/19,14,10123.8097024571,10295.0692135697,1917.31516965631,56.3951669273494,22392.5892953774,,,,,,
1/25/19,15,10387.9601437263,10440.4292199182,2030.08991935072,53.6297554763813,22912.1088033398,,,,,,
1/25/19,16,10301.4393910929,10689.128887044,2179.8462208814,52.7715899843176,23223.1858631073,,,,,,
1/25/19,17,10685.0401133649,11064.4201552527,2466.33267759621,56.9269492425735,24272.7211303253,,,,,,
1/25/19,18,11862.7373227916,11864.681302779,2759.58163918716,65.6821057610959,26552.6832814858,,,,,,
1/25/19,19,12256.211887563,12030.0831279193,2706.21994118963,68.9552981186901,27061.4693759655,,,,,,
1/25/19,20,12003.0727608589,11778.3564117752,2569.05316639236,70.1254716956731,26420.6083998857,,,,,,
1/25/19,21,11681.4952698557,11506.5065294221,2515.2418332716,70.4704912109604,25773.7142635617,,,,,,
1/25/19,22,11188.7072046574,11066.2428416087,2355.608588545,69.9042831923849,24680.4628832366,,,,,,
1/25/19,23,10596.2163794466,10445.573303319,2213.83112493683,64.9169389537111,23320.5377961027,,,,,,
1/26/19,24,9994.26753006649,9756.33484358142,2078.76439364817,62.7461104173477,21892.1129523866,,,,,,
1/26/19,1,9459.84759722689,9219.81955736044,1929.12644515944,62.3179357793122,20671.1119074673,,,,,,
1/26/19,2,9078.33492538127,8851.89520955066,1854.79102607315,62.6874653412549,19847.7082170004,,,,,,
1/26/19,3,8859.10023226586,8627.69162454393,1780.09143919298,64.4642045233851,19331.3477388216,,,,,,
1/26/19,4,8762.01244334213,8512.74136212816,1780.75521740964,67.2716537472262,19122.7809272224,,,,,,
1/26/19,5,8964.9414538132,8586.4223252191,1846.93795209608,70.8624371218336,19469.164399229,,,,,,
1/26/19,6,9492.80355264668,8944.24059874335,1874.43661653595,75.6535649831612,20387.1345067415,,,,,,
1/26/19,7,10037.2332132561,9381.42894658378,1955.61434470102,84.7835519758736,21459.0605837076,,,,,,
1/26/19,8,10212.943532657,9432.66107370336,2057.54865621652,86.7975885887279,21789.9511899385,,,,,,
1/26/19,9,10227.1366922769,9409.21495673261,2022.74808309787,79.385250768976,21738.4846266597,,,,,,
1/26/19,10,10025.9582328317,9207.60209548308,1869.25017742524,70.7260730267215,21173.5364824571,,,,,,
1/26/19,11,10232.9117699578,9055.95719854072,1802.02349832116,63.3403240145921,21154.2328437184,,,,,,
1/26/19,12,10085.2511586998,8925.66087890546,1745.85310861415,58.6253564882688,20815.3903155659,,,,,,
1/26/19,13,9959.37717120671,8868.33676269073,1742.27328186476,53.8329376556095,20623.8200237409,,,,,,
1/26/19,14,9912.60105815489,8889.85474225067,1777.11906445865,51.446496162685,20631.0210135032,,,,,,
1/26/19,15,9811.09519735755,9096.78600913456,1798.82068078147,50.6310969787665,20757.3335303453,,,,,,
1/26/19,16,9811.67843238522,9406.58203163656,2010.56282151674,51.1433142650128,21279.9659552908,,,,,,
1/26/19,17,10183.8758617426,9853.2114188657,2196.18987507765,55.2918256150249,22288.5695220627,,,,,,
1/26/19,18,11226.9511319909,10757.7519146883,2447.90794649825,62.9839647366023,24495.5950353601,,,,,,
1/26/19,19,11547.4796443246,11057.7781930105,2484.81128580565,64.4663174817583,25154.5355832355,,,,,,
1/26/19,20,11323.2562169948,10874.5774454584,2430.72357196841,65.0157090182679,24693.5728454258,,,,,,
1/26/19,21,11064.3704328206,10621.2179557166,2340.23035578571,65.5536793372123,24091.3723754792,,,,,,
1/26/19,22,10619.0539651863,10222.9535496273,2233.98715702021,65.3935437650698,23141.388046656,,,,,,
1/26/19,23,10163.4939643884,9680.03826317027,2110.51689430255,63.8772752490876,22017.9262224891,,,,,,
1/27/19,24,9561.84178681214,9133.202635682,1953.41670949197,63.7897174750733,20712.2502176748,,,,,,
1/27/19,1,9345.61384760551,8676.56759568146,1867.48985576232,64.1592867231459,19953.830064788,,,,,,
1/27/19,2,9096.48214232813,8349.94802691516,1767.20583916702,64.9188669904592,19278.5549197094,,,,,,
1/27/19,3,8877.61815286445,8128.19055256519,1745.06142061299,66.4553567503073,18817.3251022238,,,,,,
1/27/19,4,8790.32819122028,8024.99187826034,1754.12759573252,68.3313626724453,18637.7789112819,,,,,,
1/27/19,5,8824.63242086942,8043.77992046572,1745.53928205735,71.1888752669716,18685.1401625184,,,,,,
1/27/19,6,9049.16124900173,8239.44288536931,1804.81078097972,78.39992379098,19171.8146713485,,,,,,
1/27/19,7,9500.10669506349,8555.01717446183,1857.93457527739,83.8484622529862,19996.9063689122,,,,,,
1/27/19,8,9835.2635799278,8552.89647727224,1919.53307994341,87.238719354716,20394.9321479561,,,,,,
1/27/19,9,9805.73152197067,8331.69806073604,1895.50433826874,84.8768082229223,20117.8106270088,,,,,,
1/27/19,10,9454.5764089414,8142.51297841879,1802.08719415732,76.6478743759033,19475.8247153981,,,,,,
1/27/19,11,9443.90305637618,7947.0549321412,1649.78615357184,64.7301221695347,19105.4738306978,,,,,,
1/27/19,12,9204.41560258505,7816.55226620166,1612.5346991511,57.8157269823312,18691.3172932597,,,,,,
1/27/19,13,8858.87863518798,7863.17398559995,1610.17041126764,52.1563378897638,18384.3790637784,,,,,,
1/27/19,14,8864.65598480437,8347.76820633596,1657.36737660996,49.3761818930448,18919.1678383751,,,,,,
1/27/19,15,8844.62419307044,8621.5669160474,1784.79638564218,48.1620843426794,19299.1501607229,,,,,,
1/27/19,16,9077.13248709315,9010.77134461415,1973.81240016983,50.0805966237732,20111.7971665824,,,,,,
1/27/19,17,9866.12574676218,9570.7685866194,2146.00504486178,52.7241957073192,21635.6243469639,,,,,,
1/27/19,18,11062.1526966572,10598.0956688474,2379.27120164205,59.3502679905833,24098.8703048645,,,,,,
1/27/19,19,11649.6361359052,11080.4275792243,2508.33193562257,61.6055137505125,25300.0009949651,,,,,,
1/27/19,20,11486.4424188254,10917.5020327638,2458.27460544765,61.8615972335513,24924.0806046424,,,,,,
1/27/19,21,11173.7790146376,10650.8529102061,2358.95951011257,62.7041697895247,24246.2954443038,,,,,,
1/27/19,22,10627.9918858243,10164.3031704227,2206.57103656252,61.1631438442116,23060.0296920589,,,,,,
1/27/19,23,10051.7743669825,9526.61934584068,2097.39236188054,59.9681413893979,21735.7543390334,,,,,,
1/28/19,24,9541.14829348092,8924.59996175224,1969.40375640957,59.4961844221841,20494.6486227765,,,,,,
1/28/19,1,9052.86232161145,8509.87958705672,1865.91916644553,61.2337198405333,19489.8947464794,,,,,,
1/28/19,2,8780.28072706434,8257.42457965469,1802.5662743256,64.0621820909693,18904.3334782938,,,,,,
1/28/19,3,8984.30034920938,8162.01608777219,1781.39252231806,66.5911201573933,18994.3003108316,,,,,,
1/28/19,4,9048.87338443322,8232.99130679225,1744.6911840169,69.8467864059849,19096.4027021462,,,,,,
1/28/19,5,9382.72921743,8589.3954245152,1703.44673098328,76.8391152787034,19752.4110705682,,,,,,
1/28/19,6,9707.26357940179,9380.79815333191,1756.81146681186,86.3685978327056,20931.242213966,,,,,,
1/28/19,7,10773.7969079723,10544.136455791,2196.13194348094,97.1426292501143,23611.2084330914,,,,,,
1/28/19,8,11555.460673165,10981.539712576,2294.00206815771,96.514479305408,24927.5173634524,,,,,,
1/28/19,9,11536.9779309738,11140.9477964328,2265.29015174173,84.4628364896178,25027.6798613215,,,,,,
1/28/19,10,11422.6276660784,11088.0872263567,2169.80038156165,74.6274086485218,24755.1431488133,,,,,,
1/28/19,11,11176.1591434677,11056.3848487091,2227.60101061076,66.0295841898957,24526.1742004023,,,,,,
1/28/19,12,10713.9678602965,11119.4050863802,2126.82683892956,59.895613665122,24020.0956123543,,,,,,
1/28/19,13,10385.9975239675,10962.0614693571,2180.89788141083,56.6408163509223,23585.5976309972,,,,,,
1/28/19,14,10372.3577251749,10841.6720212253,2194.09082830229,55.1649307415587,23463.2858794914,,,,,,
1/28/19,15,10514.0215021982,10662.656400681,2110.41398215391,54.2180139530923,23341.3098449518,,,,,,
1/28/19,16,10872.3271422256,10922.1721177401,2235.96913298468,57.2622912258459,24087.7309636165,,,,,,
1/28/19,17,11336.5581767988,11248.2321074197,2394.27570608572,59.0727142873008,25038.1396169745,,,,,,
1/28/19,18,12244.5959640311,12071.0583274594,2625.75903691696,63.3992556659131,27004.8134280711,,,,,,
1/28/19,19,12615.6654404026,12346.5489662498,2608.59451496459,65.0647664641587,27635.8741900014,,,,,,
1/28/19,20,12328.8592624231,12139.9496585982,2539.18397312587,64.4081684596872,27072.4013169935,,,,,,
1/28/19,21,11875.9119448128,11816.9212067728,2441.21453076801,61.2652084384391,26195.3124774106,,,,,,
1/28/19,22,11229.2830074385,11180.3442372804,2698.62894816076,58.3203537781722,25166.5764584747,,,,,,
1/28/19,23,10329.4327161866,10366.1683828029,2550.33948462275,55.7067522943632,23301.6469333294,,,,,,
1/29/19,24,9735.41616981967,9578.81078660887,2341.62662899936,53.4537575139923,21709.3075969885,,,,,,
1/29/19,1,9463.13137623077,9029.72281631634,2230.84163321561,53.1761237332288,20776.8726304569,,,,,,
1/29/19,2,9306.49653633281,8701.39108337089,2144.0191482885,53.2262553669721,20205.1329947664,,,,,,
1/29/19,3,9248.95329901209,8492.29424194518,2088.56392696656,54.8995854373489,19884.7116392437,,,,,,
1/29/19,4,9249.88729369937,8450.12346187785,2077.26676143275,56.5842280865206,19833.8621277983,,,,,,
1/29/19,5,9034.22278244794,8708.23208566784,2144.79453083001,60.760314270721,19948.0094738489,,,,,,
1/29/19,6,9565.86349977775,9418.25479869475,2308.62239656988,68.9019120825766,21361.6433645847,,,,,,
1/29/19,7,10721.6709439687,10491.437501218,2254.31969329328,77.0101720357287,23544.4389703749,,,,,,
1/29/19,8,11540.0050818333,10943.6412356865,2299.57772692842,80.8581838680876,24864.0825667388,,,,,,
1/29/19,9,11536.1844008163,11076.4317157844,2107.30599994243,76.7126433637255,24796.6348455508,,,,,,
1/29/19,10,11238.6824131129,11065.0064085878,1976.69222305908,69.5642761303454,24349.9450850515,,,,,,
1/29/19,11,10807.1781369072,10904.4159052706,1913.944991992,65.3453577086198,23690.8835780189,,,,,,
1/29/19,12,10393.4706141761,10756.6550260565,2033.37881930926,57.8955073389736,23241.4001291067,,,,,,
1/29/19,13,10144.8481540609,10610.1654570998,1982.63216056982,53.6862871695116,22791.3320703189,,,,,,
1/29/19,14,10105.6477418606,10711.6932962543,2124.71135358901,54.547581040861,22996.6004305343,,,,,,
1/29/19,15,10157.2572700788,10857.8920306593,2155.8832268829,54.0798915639573,23225.1128200155,,,,,,
1/29/19,16,10494.2121458967,11103.5679577603,2265.86713975229,54.8954195948166,23918.5433409925,,,,,,
1/29/19,17,10859.1907298991,11335.5466819148,2442.81187097218,56.7767827042426,24694.3276281724,,,,,,
1/29/19,18,11801.6110183041,12120.3541448075,2689.0568433118,60.6646741560936,26671.6874725076,,,,,,
1/29/19,19,12344.5289960589,12349.1394149441,2752.63020059782,61.2738249417838,27507.5728669902,,,,,,
1/29/19,20,12136.0829145481,12098.9363006022,2670.34631997887,60.8106280024653,26966.1762541342,,,,,,
1/29/19,21,11737.4959640658,11800.4312249108,2585.19540090488,59.6958471071863,26182.8190046981,,,,,,
1/29/19,22,11092.6968905937,11167.1400163449,2394.30788272066,57.3967786846502,24711.5414186812,,,,,,
1/29/19,23,10370.9464899482,10351.3445515788,2161.52364008195,55.7893909576186,22939.6037059848,,,,,,
1/30/19,24,9620.20310497254,9627.63542808032,1960.86051362519,54.7351595934919,21263.4344685797,,,,,,
1/30/19,1,9363.97244431163,9109.52568379746,1865.23658508652,55.1390586640178,20393.873813774,,,,,,
1/30/19,2,9204.24032610284,8804.62845937248,1824.90084238465,56.1540740623061,19889.9234996343,,,,,,
1/30/19,3,9016.50723923299,8600.5773527002,1775.72899354771,59.0116896134893,19451.8254437141,,,,,,
1/30/19,4,9000.40970912363,8578.22885798781,1760.80853874937,62.4210096607459,19401.8679143207,,,,,,
1/30/19,5,9281.04149435784,8835.1353191668,1777.48142679143,69.5587291053952,19963.2173339888,,,,,,
1/30/19,6,9938.07110197653,9560.5121633989,1946.91209182498,77.727460874669,21523.2237442103,,,,,,
1/30/19,7,10855.2703513396,10575.8812014837,2240.04531061549,88.2197190413212,23759.4172454061,,,,,,
1/30/19,8,11686.7893283057,10990.1243299507,2304.75170199203,87.4367479670833,25069.102651395,,,,,,
1/30/19,9,11534.2236009526,11086.9309326458,2177.94577366886,77.2397591127953,24876.3396643673,,,,,,
1/30/19,10,11126.2367679223,11100.3895540929,2139.56020988145,68.922497325179,24435.1089754569,,,,,,
1/30/19,11,10482.9550467881,11116.0928157977,2095.91732900385,62.3182075930419,23757.283406776,,,,,,
1/30/19,12,9936.6985865177,11009.1293972982,2129.48815936329,55.8517139478555,23131.1685602499,,,,,,
1/30/19,13,9663.1026461126,10722.719970469,2190.31061490441,54.1548233647958,22630.2881009756,,,,,,
1/30/19,14,9704.46059246999,10514.6074626971,1967.3709526346,53.0164657200084,22239.4559205034,,,,,,
1/30/19,15,9982.30618284143,10535.8174004823,1978.75317062247,51.7323372472611,22548.6090112845,,,,,,
1/30/19,16,10424.4633864954,10791.1951293241,2142.40592633275,51.8112143563824,23409.8768417128,,,,,,
1/30/19,17,11056.0136721834,11178.4237441725,2383.67442865829,54.391888688333,24672.5043092142,,,,,,
1/30/19,18,11980.7588022748,11999.8525085833,2623.65686828993,59.6980484831524,26663.9670615431,,,,,,
1/30/19,19,12412.7867974413,12334.2777478239,2689.37470236327,63.1310697221209,27499.570661219,,,,,,
1/30/19,20,12145.0792138682,12177.120688999,2648.90966453284,63.3109674690563,27034.4212058156,,,,,,
1/30/19,21,11731.0173435786,11832.2304577826,2565.01501230625,62.8805797366484,26191.1438098647,,,,,,
1/30/19,22,11068.4894691924,11217.8550308693,2390.87216564463,61.694927192496,24738.9117427238,,,,,,
1/30/19,23,10187.1184974403,10423.8030894673,2168.03140143127,60.1254888712328,22839.0782056547,,,,,,
1/31/19,24,9642.04180929308,9687.72109425742,1975.98726496017,59.2833831672035,21365.0335945303,,,,,,
1/31/19,1,9363.81360608225,9133.76768029559,1869.15727374066,58.9386250336753,20425.6767931744,,,,,,
1/31/19,2,9036.5321316043,8786.77057203681,1797.77203481665,61.0701669010735,19682.1450985035,,,,,,
1/31/19,3,8900.17782454995,8570.97921959558,1758.84168349618,63.84589583427,19293.8446787065,,,,,,
1/31/19,4,8901.53409562872,8523.32834519379,1744.6415917173,66.804778927034,19236.3090022508,,,,,,
1/31/19,5,9105.06302111285,8757.40822097446,1809.88609881579,72.4641468680749,19744.8220415688,,,,,,
1/31/19,6,9538.05646785996,9475.22920055199,1983.24643308054,81.6173349011516,21078.1501794439,,,,,,
1/31/19,7,10637.7155338234,10566.2054359549,2257.50352005667,90.9673580583272,23552.3925415542,,,,,,
1/31/19,8,11501.1055846726,11001.7907126399,2344.94984617102,91.6788893245618,24939.5252231852,,,,,,
1/31/19,9,11329.3626062382,11157.5677919238,2240.83105314199,89.0211736475949,24816.7834249846,,,,,,
1/31/19,10,11062.9390148585,11365.507199586,2187.36781956128,82.8912147748905,24698.7054695432,,,,,,
1/31/19,11,10676.1401066879,11549.717702068,2236.00081172348,70.3101535607105,24532.1693545697,,,,,,
1/31/19,12,10318.9785836923,11642.2406496239,2137.46249460624,61.5904819820219,24160.2728737878,,,,,,
1/31/19,13,10128.6273180662,11697.0350072788,2219.94838600186,58.4906758237487,24104.1011699192,,,,,,
1/31/19,14,9990.9462732645,11744.4990807187,2483.29966895446,56.1846899876983,24274.9294139728,,,,,,
1/31/19,15,9824.97461314902,11429.5324313762,2509.71977325237,55.0537613788409,23819.2804468159,,,,,,
1/31/19,16,10112.9533468779,11365.2219016238,2512.71562428784,53.8983814489366,24044.7905176435,,,,,,
1/31/19,17,10728.2668481882,11499.7421345399,2715.46426085928,56.6136123235478,25000.0875923391,,,,,,
1/31/19,18,11700.642820621,12220.6816754604,2824.82073464713,62.6022073336497,26808.74791151,,,,,,
1/31/19,19,12249.5313421703,12606.7030042442,2836.19783421826,64.9560066702238,27757.3877559216,,,,,,
1/31/19,20,12056.9388022094,12444.2501573936,2745.63385237019,65.2115357202856,27312.0341461108,,,,,,
1/31/19,21,11702.3114696195,12142.1121658247,2629.71953735848,65.3240845026699,26539.4677395806,,,,,,
1/31/19,22,11114.5245741742,11566.3812503369,2449.47763290334,63.6775733057591,25194.0608735825,,,,,,
1/31/19,23,10403.9804592282,10729.8068910751,2226.8506794475,61.7032524341443,23422.3409622391,,,,,,
2/1/19,24,9892.65573911866,9978.27169175428,2016.50736083498,61.2531691264859,21948.6871465105,,,,,,
2/1/19,1,9279.64775905228,9441.85885903211,1925.05012532867,61.7407574375205,20708.2937597521,,,,,,
2/1/19,2,8927.75247205981,9082.93919303305,1865.06296510582,63.3826187678331,19939.1341882082,,,,,,
2/1/19,3,8788.81048538266,8825.94239053886,1815.43184828292,66.008110323881,19496.1921567459,,,,,,
2/1/19,4,8757.73163375291,8813.59344976084,1808.91197365501,68.7892697391175,19449.0269886349,,,,,,
2/1/19,5,8927.79954236684,9120.46207536973,1846.48415961606,74.2548145074209,19969.0011334561,,,,,,
2/1/19,6,9321.39670370931,9819.03030711073,2032.01347296413,82.806387850833,21255.2556529059,,,,,,
2/1/19,7,10492.8760092236,10876.8867273206,2306.05302398681,91.9757276443858,23767.8011409281,,,,,,
2/1/19,8,11203.3456284804,11203.1926445813,2377.4402710916,90.589401804785,24874.5621535622,,,,,,
2/1/19,9,11156.6040465049,11046.1050588381,2216.09959082012,79.1560786193939,24497.9626723556,,,,,,
2/1/19,10,11048.9778567218,10893.2768880937,2133.89137669493,68.6283909321845,24144.7724327409,,,,,,
2/1/19,11,10971.9439117817,10838.8608826846,2132.01585647377,61.4530546783846,24004.2764059572,,,,,,
2/1/19,12,10934.6976861432,10681.3120756958,2059.64158902563,55.3729881686301,23731.0232285001,,,,,,
2/1/19,13,10777.6556758344,10596.0978425744,2164.90721155592,52.4758194220919,23591.1357147275,,,,,,
2/1/19,14,10952.4876743369,10497.2988954687,2171.49259586612,50.8125263814545,23672.0918142833,,,,,,
2/1/19,15,11026.254534115,10616.2844893447,2158.18827573525,49.6329297717823,23850.3627638725,,,,,,
2/1/19,16,11228.7058218581,10801.2342980498,2375.3534208099,51.1101749052201,24456.4103679176,,,,,,
2/1/19,17,11608.9690841599,11091.5755428459,2582.85579096553,54.3144003679603,25337.7191849175,,,,,,
2/1/19,18,12200.8078815222,11896.5694313303,2694.17332601347,58.8772178032317,26850.4335255647,,,,,,
2/1/19,19,12347.6770591651,12113.7401555546,2697.80343010947,61.978930841452,27221.1984654848,,,,,,
2/1/19,20,12053.389167092,11889.7276882445,2609.25714698569,61.6357969564144,26614.0072650988,,,,,,
2/1/19,21,11674.6005501879,11613.4231536981,2505.4224591581,61.085542412318,25854.5283810523,,,,,,
2/1/19,22,11149.8216077354,11157.9910280971,2364.11395272829,59.2380376138636,24731.1623425855,,,,,,
2/1/19,23,10410.3613758007,10477.5042725644,2198.27194713491,55.4548945549614,23141.5860939398,,,,,,
2/1/19,24,9731.13199999095,9790.50989347422,2008.67858207869,53.1206746549887,21583.4379603231,,,,,,
2/2/19,1,9249.14477723604,9293.07110000056,1899.93105035607,51.6101754024524,20493.7547329303,,,,,,
2/2/19,2,8870.41813584833,8935.83130240738,1808.41516661614,51.0960979242157,19665.7598045875,,,,,,
2/2/19,3,8917.70428950824,8718.18727070652,1755.42708923187,51.1766970041915,19442.4936163077,,,,,,
2/2/19,4,8788.20829419472,8592.66651200138,1722.94441429053,52.036593756787,19155.8564340707,,,,,,
2/2/19,5,8840.89356375426,8633.71436974387,1730.12091794191,54.2144159250965,19258.9443474216,,,,,,
2/2/19,6,9080.31949405702,8914.37912829691,1800.13578111002,57.7173596592949,19852.5560376647,,,,,,
2/2/19,7,9536.0119918402,9299.83457184009,1912.8967501145,63.5259929142767,20812.2722940223,,,,,,
2/2/19,8,9969.05070536055,9572.1525881221,1961.44720398103,66.2814930011614,21568.934356841,,,,,,
2/2/19,9,10150.4562633971,10105.5271852659,2072.48517028602,67.9446423882673,22396.4159772417,,,,,,
2/2/19,10,10213.959180624,10566.068528948,2214.32849669274,68.459055054091,23062.8177481662,,,,,,
2/2/19,11,10255.3378234971,10905.9300843771,2334.82904566272,68.2476148237219,23564.3449532509,,,,,,
2/2/19,12,10032.0036895393,10968.0850132011,2303.07280915813,67.8186060023265,23370.9796398371,,,,,,
2/2/19,13,9630.60989403128,10915.4167601097,2349.36749098136,67.5231999424315,22962.9147619318,,,,,,
2/2/19,14,9446.95621998439,10873.1729903504,2375.96909783289,68.1867452102505,22764.2816051085,,,,,,
2/2/19,15,9531.57786335144,10796.4986639309,2390.65923409299,67.8881162034857,22786.6268885883,,,,,,
2/2/19,16,9782.62986158993,10591.1326123845,2439.21457760875,68.9618667529871,22882.002175803,,,,,,
2/2/19,17,10214.6465137717,10561.1342971449,2500.47574857411,72.5084468839871,23348.7727845947,,,,,,
2/2/19,18,11139.0466603523,11266.1110382939,2669.03217368951,76.4321496918904,25150.6920739967,,,,,,
2/2/19,19,11531.539300122,11671.6800882753,2698.02954120897,74.2114814844033,25975.4597239158,,,,,,
2/2/19,20,11350.5579884749,11548.8217915079,2599.43946317171,72.2786151134795,25571.0972075795,,,,,,
2/2/19,21,11110.0615287832,11265.856957412,2505.51413201444,71.6992902066073,24953.128249861,,,,,,
2/2/19,22,11020.9086762154,10907.8028313925,2371.68976681618,69.7850990855889,24370.1826760436,,,,,,
2/2/19,23,10561.188916729,10317.7182872504,2205.0026690724,67.1222161955568,23151.027455425,,,,,,
2/2/19,24,9930.28399269297,9732.7894631243,2039.55357253074,64.6232171084426,21767.2463369813,,,,,,
2/3/19,1,9531.12123243736,9284.22501849667,1917.8665283455,63.191900499183,20796.4035240208,,,,,,
2/3/19,2,9161.50339077436,8946.26087340702,1829.05088606965,62.8181334138684,19999.6327203266,,,,,,
2/3/19,3,8899.85605653832,8715.18918836803,1777.82177635088,63.8039240501943,19456.6715438785,,,,,,
2/3/19,4,8760.8829564929,8550.12630907543,1749.56818976939,64.9922773067745,19125.5699714311,,,,,,
2/3/19,5,8798.02403784052,8538.6670124005,1757.69248369766,67.2343740048022,19161.6172913719,,,,,,
2/3/19,6,8970.16746941412,8715.39161466412,1845.09618178241,71.6741056443709,19602.3310345688,,,,,,
2/3/19,7,9335.35086657706,8978.16798613449,1912.31645585436,79.0524511296823,20304.8920856913,,,,,,
2/3/19,8,9700.76293242918,9107.80360421715,1917.88810631482,81.5129199943106,20807.965895039,,,,,,
2/3/19,9,10248.8480706584,9432.44428751895,1806.61707343976,80.013210984734,21567.9225953381,,,,,,
2/3/19,10,10580.6959227065,9625.29464487073,1839.18467963483,75.2340240016203,22120.4065765315,,,,,,
2/3/19,11,10641.8857630169,9633.24387760497,1796.02372654531,72.7239083764105,22143.8778585444,,,,,,
2/3/19,12,10853.0602973776,9735.71822029346,1965.95393916266,69.7263655440074,22624.4586877811,,,,,,
2/3/19,13,10504.1253616139,9725.76585559244,2044.66439023534,69.1775353353199,22343.7261359367,,,,,,
2/3/19,14,10401.6849198154,9732.45106317973,2031.72795530699,66.5212282620742,22232.3832446922,,,,,,
2/3/19,15,10349.8949674147,9801.04349190297,2011.76047617193,67.3525951911425,22230.0541748355,,,,,,
2/3/19,16,10369.921585614,9785.09262173141,2071.34429393186,67.8812794053479,22294.2424094649,,,,,,
2/3/19,17,10329.1266593508,10080.4530873736,2221.43502872054,69.0383768622271,22700.0575451859,,,,,,
2/3/19,18,10946.6138363145,10765.3781205526,2427.45628884496,71.3364926020231,24210.7915864835,,,,,,
2/3/19,19,11397.0637783623,11080.7946403438,2508.37846311197,71.0035825991086,25057.2401977635,,,,,,
2/3/19,20,11409.056397752,11091.5426147544,2492.44894862375,71.5087609379391,25064.5574432685,,,,,,
2/3/19,21,11294.4813463714,11008.7241055623,2457.22772892279,70.1607223021367,24830.5891116033,,,,,,
2/3/19,22,10883.6997834525,10640.7265713067,2334.09559867047,66.9330834749957,23925.4496256376,,,,,,
2/3/19,23,10149.7558332094,10038.6976281693,2124.91687273846,63.0462855331069,22376.4106287447,,,,,,
2/3/19,24,9661.06381405911,9350.1319875299,1942.94142942742,59.7667110714826,21013.8990450203,,,,,,
2/4/19,1,9318.36967214037,8915.76275835182,1851.05406156355,59.4510038929984,20144.6360380278,,,,,,
2/4/19,2,9054.28924646221,8661.45419588244,1785.85779046274,59.140466746663,19560.741236554,,,,,,
2/4/19,3,8945.50990558582,8518.70184025981,1785.58340230817,60.3117184025855,19310.1077771277,,,,,,
2/4/19,4,9016.10370912954,8507.41733326491,1779.84308467224,61.4654724100535,19364.8295736122,,,,,,
2/4/19,5,9353.10793044656,8815.72594121133,1809.8998995867,65.0067127708948,20043.7427455019,,,,,,
2/4/19,6,9990.1410698372,9589.04928094621,2004.11450742104,70.620031687786,21653.9277569016,,,,,,
2/4/19,7,10955.8079358999,10674.5980359852,2289.35222866533,79.969923774737,23999.7381087041,,,,,,
2/4/19,8,11737.5622659941,11273.1056494164,2366.74023551191,80.8955140980492,25458.3041225716,,,,,,
2/4/19,9,11587.8355885076,11503.0027977792,2405.56667347886,78.104414912417,25574.5060511754,,,,,,
2/4/19,10,11534.3508935365,11742.8021154275,2428.29074295307,78.3279590520363,25783.7728532423,,,,,,
2/4/19,11,11619.7790181015,11805.559870179,2261.86573871562,77.7362498495643,25764.9379328913,,,,,,
2/4/19,12,11590.2009999073,11780.3046999371,2325.59932056544,76.3525793239486,25772.4595898199,,,,,,
2/4/19,13,11182.75867884,11785.3158441876,2266.42792356753,76.490917568085,25310.9905485362,,,,,,
2/4/19,14,10944.5862136688,11654.172746683,2356.17621206695,76.076770077653,25031.0110489311,,,,,,
2/4/19,15,10928.3406638528,11372.6860218889,2330.56741313011,75.880434703974,24707.4738807756,,,,,,
2/4/19,16,11127.6884674579,11308.7905674402,2445.09210602036,76.4133197568141,24957.9922709187,,,,,,
2/4/19,17,11657.3248729297,11470.6093685666,2635.35999172838,80.1292553636461,25843.4299071931,,,,,,
2/4/19,18,12661.1867582693,12299.111551704,2827.63680355926,83.8764578249646,27871.8191355451,,,,,,
2/4/19,19,13144.5180254197,12763.9412529185,2899.03847874395,85.310778195451,28892.809958685,,,,,,
2/4/19,20,12968.2841358147,12619.1378329203,2804.90853379609,83.861476513774,28476.1924976948,,,,,,
2/4/19,21,12642.8741837728,12320.7361989641,2683.81090180503,81.3057230651509,27728.7235047844,,,,,,
2/4/19,22,11963.8875852447,11741.9762452808,2503.30765930918,78.059712441158,26287.2283583457,,,,,,
2/4/19,23,11184.8778883235,10911.5598595609,2272.6142168301,73.5522768631257,24442.5988211158,,,,,,
2/4/19,24,10619.5949902637,10109.0908131406,2066.15518867467,69.4679668966137,22864.3034558915,,,,,,
2/5/19,1,10197.741711117,9641.44629120104,1949.54653499573,68.7705459404952,21857.5010303506,,,,,,
2/5/19,2,9883.96133893502,9356.30204847356,1871.3358196119,68.8923288866749,21180.4914316681,,,,,,
2/5/19,3,9700.81977335744,9173.05282368825,1860.09079452659,70.1853943563323,20804.1465982234,,,,,,
2/5/19,4,9655.34373607472,9129.28500390584,1811.26652591439,72.6789776475765,20668.5725655134,,,,,,
2/5/19,5,9622.19576682605,9358.17638208542,1867.77237065851,77.119592593439,20925.2632752903,,,,,,
2/5/19,6,10349.6623046937,10082.578188107,2051.04799860514,83.182302201256,22566.4717370878,,,,,,
2/5/19,7,11577.7436460019,11154.6632582527,2337.80068213268,92.0598543190092,25162.2738665675,,,,,,
2/5/19,8,12252.3170683681,11621.0934294511,2458.67461064069,92.6507010360517,26424.7319393246,,,,,,
2/5/19,9,11943.4030435229,11759.6512549076,2451.99540052864,87.9800909051636,26243.0228409758,,,,,,
2/5/19,10,11327.4416334875,11659.3251373588,2402.96951089937,86.6660013112932,25476.3896123879,,,,,,
2/5/19,11,10736.4060429849,11481.0276343231,2314.96808011987,83.284409257658,24615.6839714278,,,,,,
2/5/19,12,10657.4907477129,11340.9643719325,2258.00879027529,81.9602395821651,24338.4716225873,,,,,,
2/5/19,13,10511.5841787661,11286.9229032905,2202.11965613692,79.7085951108649,24080.3329122554,,,,,,
2/5/19,14,10390.939913629,11066.566013199,2247.75682704785,78.4657386991343,23783.7312188763,,,,,,
2/5/19,15,10122.7602442781,10984.0444556455,2225.1636914131,76.6124281713563,23408.5808999614,,,,,,
2/5/19,16,10403.8820472643,10993.3817675212,2354.12881032344,76.4427952494445,23827.8397486515,,,,,,
2/5/19,17,11110.0173941069,11286.3790930276,2523.39163436919,82.0470410864104,25001.8383366267,,,,,,
2/5/19,18,12340.1535700517,12320.9380424361,2786.97221045299,92.7861714858402,27540.8571563206,,,,,,
2/5/19,19,13142.5617405228,12995.8149246529,2924.94409042341,95.6234216759058,29158.9434945841,,,,,,
2/5/19,20,13084.2741138322,12929.8629652039,2885.04845639795,94.7576685841824,28993.9442465662,,,,,,
2/5/19,21,12807.0793086972,12798.9576998624,2787.50515658109,93.505073013443,28487.0463634617,,,,,,
2/5/19,22,12193.3547132842,12173.8542306966,2621.51767243079,89.8888723187854,27078.6121276762,,,,,,
2/5/19,23,11356.8154228066,11490.4714813233,2392.47831320228,83.5317256325774,25323.2929914522,,,,,,
2/5/19,24,10566.876815125,10705.0283072702,2180.54017724665,80.2229134448775,23532.6635895214,,,,,,
2/6/19,1,10169.9702710157,10158.1939214851,2070.06945116912,79.7909595516322,22478.0224265282,,,,,,
2/6/19,2,9835.10877991027,9858.39496281691,1977.10330183064,81.4338343121782,21752.0378703497,,,,,,
2/6/19,3,9671.93883454259,9657.62874116582,1935.64129338073,85.4376583249518,21350.6455387069,,,,,,
2/6/19,4,9689.53963467464,9667.30034722762,1917.22342510035,89.9081801501141,21363.9722593454,,,,,,
2/6/19,5,9992.24991645787,10009.5698652201,1995.87654147535,94.826476611427,22092.5261433059,,,,,,
2/6/19,6,10750.9752668147,10884.0643433686,2223.65366729909,102.996317457375,23961.6963049328,,,,,,
2/6/19,7,11949.7311849696,11991.9619192526,2571.34970621839,112.378235068243,26625.430850395,,,,,,
2/6/19,8,12642.1440065164,12324.6567623834,2577.36047957885,111.003579951776,27655.1580086795,,,,,,
2/6/19,9,12090.7127140294,11970.8213268404,2324.93324678882,100.910341317438,26487.3694431624,,,,,,
2/6/19,10,11336.7741467572,11628.8263970227,2094.60294700234,93.1475085668599,25153.2512757416,,,,,,
2/6/19,11,10672.5633290352,11246.4031021564,1927.74776542286,87.7313360577962,23934.4424635562,,,,,,
2/6/19,12,10197.21802917,10858.4187082009,1851.81919483299,85.953848612662,22993.4084551594,,,,,,
2/6/19,13,10021.7105191611,10636.4675819127,1783.56163466381,79.8843044822853,22521.6227064443,,,,,,
2/6/19,14,10050.1337356224,10572.8296031988,1874.89132494116,77.0385463482618,22574.8938378681,,,,,,
2/6/19,15,10129.6333788604,10580.6907223003,1867.50697214981,75.987035577623,22653.8173747555,,,,,,
2/6/19,16,10431.1842930809,10654.6704273483,2025.67899101252,79.147201953139,23190.6933143325,,,,,,
2/6/19,17,11085.4374436451,11136.1665605317,2366.98462407138,82.3921721607304,24670.9903844259,,,,,,
2/6/19,18,12136.4038606479,12181.0281619744,2767.50526364341,78.1137021821784,27163.0547186126,,,,,,
2/6/19,19,12918.8226963211,13020.9976633276,2922.15735111979,96.4504362673057,28958.4279118035,,,,,,
2/6/19,20,12853.6186011847,13015.2006595892,2872.99842712699,97.5533198886891,28839.370151506,,,,,,
2/6/19,21,12618.9100186488,12846.1280047278,2796.7168273647,96.9802858299765,28358.7333421996,,,,,,
2/6/19,22,12090.6178213087,12298.4080822152,2642.55829488682,94.8550576633248,27126.4346374867,,,,,,
2/6/19,23,11202.6253202434,11627.7161717893,2383.66662895274,91.4461910487187,25305.4492276501,,,,,,
2/6/19,24,10503.6675881105,10858.3275180813,2168.59573275006,88.731053754227,23619.3193525282,,,,,,
2/7/19,1,10136.8559749013,10309.9722863028,2098.84446338729,88.6704610586839,22634.3416413063,,,,,,
2/7/19,2,9782.13377574784,9943.40330045187,1987.78360568899,89.3675616809375,21802.687070641,,,,,,
2/7/19,3,9649.19043479875,9808.16867700619,1979.00643534847,91.2998609330094,21527.6657346765,,,,,,
2/7/19,4,9685.2789590745,9798.02587992055,1978.72071545162,93.7564531696436,21555.7832117682,,,,,,
2/7/19,5,10053.632436471,10114.4930684077,2052.99835631232,99.2002596933772,22320.3280439785,,,,,,
2/7/19,6,10789.7038899496,10968.1930720244,2261.78923698277,109.296082128836,24128.9901678017,,,,,,
2/7/19,7,12076.7432386529,12115.0393284029,2561.67443111885,119.831270014634,26873.2949046525,,,,,,
2/7/19,8,12669.9311128945,12357.4385589178,2602.45980534751,117.662321149257,27747.488654726,,,,,,
2/7/19,9,12212.932297897,12076.6061795761,2382.51121457421,104.130695767217,26776.1748278162,,,,,,
2/7/19,10,11566.1766939491,11560.690137999,2262.5676464436,93.2870109581761,25482.7176109356,,,,,,
2/7/19,11,11079.2259051672,11087.2142634577,2073.9377225609,84.5760778529416,24324.9520062458,,,,,,
2/7/19,12,10860.4814467358,10694.6535302007,1927.80080668729,75.6883232274698,23558.6220215612,,,,,,
2/7/19,13,10692.8550378717,10533.4487845128,1876.19003824939,70.9767429829575,23173.469521404,,,,,,
2/7/19,14,10623.9306469556,10484.7810430304,1915.90819784828,66.5576146857076,23091.1797799329,,,,,,
2/7/19,15,10607.0316162049,10504.8909051504,1982.06083878543,63.6843942901353,23157.6706092191,,,,,,
2/7/19,16,10664.0759825661,10709.2821275985,2133.98839742083,64.0605360684923,23571.4123736035,,,,,,
2/7/19,17,11194.6045363872,11130.384823162,2362.73243739359,68.5771943282435,24756.3038902852,,,,,,
2/7/19,18,12263.4453872794,12039.9493207488,2683.39276659104,79.8413578880665,27066.6368848311,,,,,,
2/7/19,19,13030.1800310103,12740.9981868159,2849.56647513217,83.953092611614,28704.6981613826,,,,,,
2/7/19,20,12958.5631841707,12734.6845155008,2807.33869242125,89.921896973471,28590.5071097015,,,,,,
2/7/19,21,12745.2718224525,12571.9748501663,2734.66750756651,92.3420877269366,28144.2535921035,,,,,,
2/7/19,22,12125.4469676548,12087.4172798293,2586.52237357688,90.2457731258135,26889.6273670153,,,,,,
2/7/19,23,11236.2315983364,11411.2437475047,2370.49611244191,85.652444537967,25103.6185632066,,,,,,
2/7/19,24,10390.555340414,10708.7963185618,2167.5129289388,84.9883407617134,23351.8460424749,,,,,,
2/8/19,1,9662.4798246554,10171.9965325724,2067.55932500925,85.9304849350405,21987.962442039,,,,,,
2/8/19,2,9544.4991033845,9830.30621862756,1997.19280169593,89.010448943567,21461.0077058712,,,,,,
2/8/19,3,9509.54116289553,9654.13606993992,1948.77653196056,90.7515055868427,21203.2038379524,,,,,,
2/8/19,4,9511.79813001425,9658.83166521602,1951.07481313713,94.7314244276734,21216.4361790238,,,,,,
2/8/19,5,9824.15469193364,9967.48182612498,2031.26169365721,103.82515225858,21926.7262537938,,,,,,
2/8/19,6,10533.7913913375,10710.3371194924,2229.09820410925,111.967082944448,23585.2001362654,,,,,,
2/8/19,7,11699.6976707046,11838.6772834422,2537.23483411523,122.470150055713,26198.0876253485,,,,,,
2/8/19,8,11975.5966937131,12145.6194471337,2565.6866605958,119.223927787156,26806.1223753382,,,,,,
2/8/19,9,11779.1007633182,11872.7569848184,2299.68345571731,105.466965220122,26057.0040490286,,,,,,
2/8/19,10,11683.7327582437,11462.4443290396,2056.97439066369,91.3214973635025,25294.4699687141,,,,,,
2/8/19,11,11255.9888649841,10959.5370965886,1898.56702021916,79.9511080919307,24194.0401248933,,,,,,
2/8/19,12,11094.2608904742,10582.1757760178,1779.88212750743,71.3753838438596,23527.693656346,,,,,,
2/8/19,13,11164.1160053154,10345.6538907731,1707.40323159387,65.7096099899128,23282.8834346887,,,,,,
2/8/19,14,11473.536224974,10277.7751545813,1713.89161601108,60.328202194204,23525.5340959641,,,,,,
2/8/19,15,11370.6820956497,10267.7475770276,1792.91574848887,58.3089157176199,23489.6544181169,,,,,,
2/8/19,16,11593.1928569694,10512.1843832173,1946.21962563083,59.1315114557119,24110.7340127058,,,,,,
2/8/19,17,11850.5618556079,10905.2409362075,2261.17013374811,63.5893058272374,25080.5694688532,,,,,,
2/8/19,18,12437.1668379681,11713.7739744296,2600.47387745679,73.91798059525,26825.3410087945,,,,,,
2/8/19,19,12732.4611369387,12325.6033129756,2758.87689480197,80.6515584359745,27897.5924195143,,,,,,
2/8/19,20,12509.7296448218,12215.5921788336,2706.77927711347,83.4209662462333,27515.519799179,,,,,,
2/8/19,21,12176.4686018284,12044.0542344795,2627.86956125077,84.7448846844323,26933.1355662843,,,,,,
2/8/19,22,11597.3034774754,11664.6471833909,2504.69082998756,84.7230369186814,25851.3607016036,,,,,,
2/8/19,23,10853.5414780976,11152.7846892246,2316.6219844398,82.3196381087752,24405.2628276364,,,,,,
2/8/19,24,10129.8115251034,10478.3354154313,2139.58610307801,81.71103464532,22829.4388751458,,,,,,
2/9/19,1,9924.75384430527,9998.80895791154,2018.69229360176,81.7544413636938,22024.0079621855,,,,,,
2/9/19,2,9651.69137527566,9656.17859702954,1927.1005610909,82.8907490725035,21317.8590109375,,,,,,
2/9/19,3,9401.55977558277,9373.18455255434,1894.03306302804,84.6919251515511,20753.4681527662,,,,,,
2/9/19,4,9288.67935390974,9280.4379415135,1835.79224941447,86.807168541972,20491.7161179462,,,,,,
2/9/19,5,9354.67869548009,9353.51597707672,1855.74278433295,92.0540913716668,20655.9924093089,,,,,,
2/9/19,6,9667.55702975587,9623.48395758441,1929.07479286841,96.922642508633,21317.0407104672,,,,,,
2/9/19,7,10179.1405473402,10051.2470109036,2069.73044587624,101.328735405685,22401.4495769648,,,,,,
2/9/19,8,10204.4577157475,10455.0136799495,2161.92002166397,105.116341901322,22926.5079319111,,,,,,
2/9/19,9,10376.758153501,10720.8751566108,2267.77936209459,100.269751286123,23465.6821575071,,,,,,
2/9/19,10,10176.4252826421,10414.6047051351,2353.58471712645,89.1383242051262,23033.7514515525,,,,,,
2/9/19,11,10478.5603253954,9951.56180883342,2233.23916206021,82.6887673736334,22746.0485582416,,,,,,
2/9/19,12,10460.8160685529,9603.16229375333,2000.90955069667,74.5843502064297,22139.4674143327,,,,,,
2/9/19,13,10450.9522385162,9346.56235770313,1932.74288592747,67.3924461783294,21797.650060478,,,,,,
2/9/19,14,10294.064858568,9273.76424117902,1805.23898647318,63.047293690327,21436.11300484,,,,,,
2/9/19,15,10291.787990436,9138.69651394019,1744.99772557264,60.6802753903119,21236.161589454,,,,,,
2/9/19,16,10190.0369658987,9256.27706184912,1905.71833504637,60.0342176536666,21412.0725214263,,,,,,
2/9/19,17,10700.8203855923,9731.90116074488,2061.80775422316,63.4089918282132,22557.9478603355,,,,,,
2/9/19,18,11558.399755033,10627.7287292505,2440.69092440051,72.1109922975891,24698.9406418608,,,,,,
2/9/19,19,12019.3338687268,11384.9429673813,2630.35727986796,77.883254730868,26112.5179678299,,,,,,
2/9/19,20,11823.9240952885,11290.6541063956,2582.71040490699,79.772382022436,25777.0596896737,,,,,,
2/9/19,21,11574.2783849431,11167.1248186394,2530.33030895421,80.5485381427225,25352.2801822977,,,,,,
2/9/19,22,11299.9798165678,10829.8394097722,2443.16526648798,79.9340598665371,24652.9171867976,,,,,,
2/9/19,23,10892.2779056828,10377.6810854656,2271.63070812607,77.4123198366158,23618.9980791075,,,,,,
2/9/19,24,10263.1147590461,9793.3089259794,2102.99504096329,74.9847430340185,22234.399206222,,,,,,
2/10/19,1,9892.86160502949,9315.21382239727,2002.50176381144,74.4727493242648,21285.0480320042,,,,,,
2/10/19,2,9516.90547727173,9059.64057742404,1923.09525608505,74.6960769003459,20574.3356625258,,,,,,
2/10/19,3,9300.83023823177,8857.86441687017,1911.60354736242,75.9831050375314,20146.2800169835,,,,,,
2/10/19,4,9225.33548421365,8757.1590414943,1843.67597196188,77.5749887405551,19903.7457161893,,,,,,
2/10/19,5,9251.96846450035,8787.14223530247,1861.84583405576,79.807958405471,19980.7640717106,,,,,,
2/10/19,6,9460.34650078381,8991.9561854187,1911.42475069002,85.405281457071,20449.1346050269,,,,,,
2/10/19,7,9938.81914788073,9318.78834701709,2007.95356091392,92.682580605393,21358.2449089034,,,,,,
2/10/19,8,10014.4457977059,9476.97514367842,2000.29314992574,92.0069243493116,21583.7193269726,,,,,,
2/10/19,9,10261.2632666444,9559.90595229927,1881.57832625176,86.4633859153202,21789.2105305259,,,,,,
2/10/19,10,10046.9213095305,9608.63100214209,1783.45087718452,81.6416708556377,21520.646059033,,,,,,
2/10/19,11,9640.15999407374,9634.77799767376,1843.28850452657,81.0122479764169,21199.2386082105,,,,,,
2/10/19,12,9320.76601754781,9664.9907849016,1867.03335785065,76.1165438830985,20928.9040802813,,,,,,
2/10/19,13,9162.02806821401,9768.53235400917,1851.70836332657,72.2327040602512,20854.5020591927,,,,,,
2/10/19,14,9133.68078973819,9557.13013327445,1830.68592147472,76.6605328999916,20598.1567034048,,,,,,
2/10/19,15,9121.35206724672,9565.74068696204,1817.80639379784,79.4956935747647,20584.3970871372,,,,,,
2/10/19,16,9448.53654656532,9846.1736251753,1926.28078409366,81.8583542873506,21302.852185321,,,,,,
2/10/19,17,10150.0048478955,10328.6481116724,2186.00474418825,84.8749730639211,22749.5430724068,,,,,,
2/10/19,18,11366.7139680876,11093.4889285255,2581.23289293972,91.5142835599262,25132.9596835333,,,,,,
2/10/19,19,12306.4203020352,11738.2415263901,2718.88107645372,95.7811577191528,26859.3251913661,,,,,,
2/10/19,20,12281.9612673868,11651.3670905953,2666.17821230414,101.446936031174,26700.9529660057,,,,,,
2/10/19,21,12012.1545296705,11500.3291856745,2575.69388268336,96.9845183379452,26185.1595830083,,,,,,
2/10/19,22,11511.9679705265,11149.623133,2433.32052379068,94.5682503111178,25189.4760424256,,,,,,
2/10/19,23,10716.2110467768,10616.6850851589,2223.50520412461,91.6255005484065,23648.0206297003,,,,,,
2/10/19,24,10203.3321794901,10048.2711820441,2038.91540628674,90.9576032700322,22381.4730310402,,,,,,
2/11/19,1,9920.32222156356,9525.01315482593,1960.61230895141,89.8235405780819,21495.7682362365,,,,,,
2/11/19,2,9738.92980776062,9225.14797127992,1884.05278223568,91.0766670984295,20939.2058503009,,,,,,
2/11/19,3,9661.43286038247,9134.37280408531,1858.33784287865,93.7666077391653,20747.9102682082,,,,,,
2/11/19,4,9708.44729672623,9247.03645721103,1866.64568476439,96.1538601085659,20918.2848404793,,,,,,
2/11/19,5,9928.2185685068,9658.07630708588,1960.67731917612,100.992500733712,21647.9675681007,,,,,,
2/11/19,6,10463.1530661336,10502.1397574259,2164.62749033903,109.530761233722,23239.457271425,,,,,,
2/11/19,7,11646.3017248931,11497.5295886184,2482.91150943866,119.009131129079,25745.7586588943,,,,,,
2/11/19,8,12181.2168929263,11826.2960684207,2515.63182440779,117.813464750205,26640.957041703,,,,,,
2/11/19,9,11731.9925027092,11630.6380907231,2368.38061003287,91.4986839834516,25822.5056395339,,,,,,
2/11/19,10,11089.0057720023,11159.9101995069,2189.59699123691,73.6013321648121,24512.1120939498,,,,,,
2/11/19,11,10603.5161118528,10776.9675386473,2022.37984781264,68.2846392301282,23471.1446677553,,,,,,
2/11/19,12,10265.7708320953,10437.0174715364,1923.66853528502,63.3736371776991,22689.8276477469,,,,,,
2/11/19,13,10438.5641096865,10192.7833540946,1877.30710364868,59.7065579445897,22568.3612106386,,,,,,
2/11/19,14,10469.6835952238,10083.109360794,1899.44542809675,58.479854299912,22510.7189378712,,,,,,
2/11/19,15,10576.8052839792,10073.054980219,1956.81676113564,56.0605580424676,22662.7407739925,,,,,,
2/11/19,16,10943.3140271614,10317.4664946807,2136.22947055973,54.2218563998024,23451.2363538069,,,,,,
2/11/19,17,11273.2093085854,10794.4548899867,2427.48506404147,55.4555876826886,24550.6126982521,,,,,,
2/11/19,18,12310.3810575599,11821.0642309261,2850.39894879739,76.5043434018805,27058.3587688765,,,,,,
2/11/19,19,13159.8279117111,12663.4125283214,3037.38023651149,84.9694761611596,28945.5904593243,,,,,,
2/11/19,20,13075.9734297409,12656.2068734221,2854.52558061128,89.7925009581574,28676.4977062502,,,,,,
2/11/19,21,12737.2353345621,12518.6915843283,2725.29531225891,92.4213093373825,28073.6403532392,,,,,,
2/11/19,22,12058.5998334797,12032.6708427625,2560.13660222383,91.4539992450338,26742.8555708932,,,,,,
2/11/19,23,11145.1026152328,11217.5500697576,2310.94659164895,89.8863371154566,24763.4795165117,,,,,,
2/11/19,24,10433.4153588055,10454.4352525237,2112.39903136206,89.676133991634,23089.920615259,,,,,,
2/12/19,1,10304.4929908271,9898.68103145661,2002.37520498549,90.181405546304,22295.7271869469,,,,,,
2/12/19,2,9993.45269674285,9574.58100338318,1923.77091090859,92.4972206415733,21584.298030502,,,,,,
2/12/19,3,9834.34922453446,9423.1463166624,1885.0564300008,95.1785445389045,21237.7304163898,,,,,,
2/12/19,4,9843.54611245743,9428.81292672086,1898.32554825476,99.5463385220669,21270.2310731373,,,,,,
2/12/19,5,10153.7514740224,9767.29464690759,1981.64210083451,106.90422468498,22009.5965925255,,,,,,
2/12/19,6,10597.3705738101,10595.6390958663,2205.54151596412,116.699076688626,23515.2585976744,,,,,,
2/12/19,7,11934.9028888043,11681.0967340428,2533.86257449296,126.46310541442,26276.3329591254,,,,,,
2/12/19,8,12526.7635519009,11943.5863694987,2532.11247718196,123.445674668015,27125.9068069457,,,,,,
2/12/19,9,12300.114765313,11612.5502971726,2285.5291890824,109.997396311439,26308.1838260252,,,,,,
2/12/19,10,12137.3034947043,11155.7658617743,2119.84804014179,96.7189257105677,25509.6337810946,,,,,,
2/12/19,11,12078.5087595831,10870.6605340868,2119.3584333562,84.3398875265753,25152.8662158595,,,,,,
2/12/19,12,11904.576532351,10559.8739390905,1990.53127765825,73.5001574344966,24528.4804903345,,,,,,
2/12/19,13,11950.5948265014,10443.2289973721,1985.07638577414,67.4040523015454,24446.3070523609,,,,,,
2/12/19,14,11973.5099042323,10711.8219815321,2110.34403352083,62.7486851195699,24858.4253713327,,,,,,
2/12/19,15,11899.3758817588,10942.0475436037,2169.44652235906,60.3141465946832,25071.1854883314,,,,,,
2/12/19,16,11985.4514899016,11041.8584944627,2281.88357300733,59.9762390054815,25369.172324168,,,,,,
2/12/19,17,12297.0220375953,11265.2338558562,2500.12286571116,64.0402314874863,26126.4251538259,,,,,,
2/12/19,18,13049.5068316504,12048.3849741091,2807.17313511905,74.2360952786552,27979.3086472964,,,,,,
2/12/19,19,13518.9937907345,12569.6534486896,2833.44585081735,79.3481287881638,29001.4404889138,,,,,,
2/12/19,20,13306.896350961,12482.0771678397,2730.24360913976,82.6566974374565,28601.8712661837,,,,,,
2/12/19,21,12888.6703282087,12278.0568839473,2640.2514661333,81.8960558956812,27888.8694768546,,,,,,
2/12/19,22,12186.7985183134,11724.4195142686,2498.41203799459,79.6002808337241,26489.2257237824,,,,,,
2/12/19,23,11203.9119782419,10896.5393021941,2280.55464141053,75.8896872427037,24456.8894080106,,,,,,
2/12/19,24,10706.4402915791,10111.4326574898,2055.04066596571,73.8882178750894,22946.7967453946,,,,,,
2/13/19,1,10294.0179970773,9533.4888299929,1955.27689048333,72.8602984988916,21855.6409199536,,,,,,
2/13/19,2,9908.81806912712,9178.982393214,1875.24890161742,72.740937194427,21035.7885115127,,,,,,
2/13/19,3,9663.21438682349,8943.94155313561,1822.43204481141,73.7209335236659,20503.3079635991,,,,,,
2/13/19,4,9601.80096901445,8912.2840885751,1805.8310447071,74.5306477794827,20394.447005843,,,,,,
2/13/19,5,9836.16770623545,9177.77016274463,1866.11560188305,77.8990898210012,20957.9560772623,,,,,,
2/13/19,6,10446.0456425266,9923.00520626612,2046.67686056885,84.4628673152303,22500.1959203036,,,,,,
2/13/19,7,11410.116205734,10992.8741576224,2331.99760060214,91.9501106685591,24826.9472037446,,,,,,
2/13/19,8,12335.1243330121,11511.3703009849,2448.52486063496,93.9097005087995,26388.9296100258,,,,,,
2/13/19,9,12539.5835056946,11668.8778764686,2358.45106112187,91.6789592224257,26658.5902791756,,,,,,
2/13/19,10,12490.5455041872,11749.0231060549,2271.092991227,86.4988945053108,26597.158327764,,,,,,
2/13/19,11,12249.831769149,11766.0975246596,2139.96754715527,83.4016871855101,26239.296257629,,,,,,
2/13/19,12,12225.3308671063,11770.0732851472,2238.71008129049,80.2294460265797,26314.3458568358,,,,,,
2/13/19,13,12029.8666411889,11772.9491262439,2332.56023380699,79.3475805698619,26214.7245266836,,,,,,
2/13/19,14,11955.5884048902,11702.0838284748,2417.41498923616,79.0199709375654,26154.1086402376,,,,,,
2/13/19,15,11888.3441237409,11636.2842142375,2485.93373763537,77.9014902260974,26088.4654058786,,,,,,
2/13/19,16,11958.8612895113,11691.9306556232,2553.94251960007,75.0646903765486,26279.800632708,,,,,,
2/13/19,17,12228.0752290154,11910.3076891749,2645.51931312152,76.6552324249193,26860.5603966756,,,,,,
2/13/19,18,12854.4582841442,12611.4402937075,2841.05987405375,79.8099930681768,28386.7736323459,,,,,,
2/13/19,19,13218.3369213142,12926.267921162,2890.52995390468,80.6033854203085,29115.7383019838,,,,,,
2/13/19,20,12974.5189677829,12794.4213276992,2836.51089488659,79.9509610485339,28685.4014620149,,,,,,
2/13/19,21,12544.1500013887,12526.6401623818,2718.79155114634,77.5791174547361,27867.1573931965,,,,,,
2/13/19,22,11869.8418596962,11919.6330699884,2549.32333372293,72.5058865876736,26411.2996740324,,,,,,
2/13/19,23,10916.9305240007,11065.1117217726,2295.58963249004,66.1934847551587,24343.8177494269,,,,,,
2/13/19,24,10357.5635444073,10247.4770896907,2091.85611834026,62.6374091690996,22759.53111876,,,,,,
2/14/19,1,9860.96515764045,9685.20102528499,1972.34318084603,60.6441539126915,21579.152225163,,,,,,
2/14/19,2,9516.52601268748,9297.3320243978,1915.71120401829,59.5445767500851,20789.1119292743,,,,,,
2/14/19,3,9293.98782449199,9066.05039879199,1864.02325031726,60.063490071217,20284.1240200117,,,,,,
2/14/19,4,9235.90806343935,9037.86436582351,1850.30369796407,60.900915396602,20184.9776620732,,,,,,
2/14/19,5,9419.27544816567,9281.69844080319,1903.16556432099,64.1632088388299,20668.3054114677,,,,,,
2/14/19,6,10020.9725909161,9951.43643334976,2037.3957621494,73.1401742965868,22082.9517970226,,,,,,
2/14/19,7,10765.4544560051,11001.7919097257,2299.48479877532,80.7987253961553,24147.5371421075,,,,,,
2/14/19,8,11431.6706049865,11644.7275167857,2471.62757872763,84.1105067687968,25632.1392814338,,,,,,
2/14/19,9,11383.1353486787,12041.60481093,2556.45753739222,82.8092662432196,26064.0087516118,,,,,,
2/14/19,10,11394.2356512101,12351.0313901185,2643.61225685663,82.2729643671569,26471.1522131918,,,,,,
2/14/19,11,11399.0772336592,12485.7408706383,2672.54985860919,80.9371889517477,26638.3032819374,,,,,,
2/14/19,12,11281.7928942876,12416.6741250745,2650.64150822443,80.3796601767778,26429.4870189308,,,,,,
2/14/19,13,11047.1782268804,12184.3821839061,2661.29857033955,79.5345731056816,25972.3897057326,,,,,,
2/14/19,14,10730.627516503,11975.9109303957,2601.66003442777,78.5477390935937,25386.7431584916,,,,,,
2/14/19,15,10337.3891279386,11525.5479392074,2574.97535890194,75.563380529717,24513.4756086621,,,,,,
2/14/19,16,10376.790968627,11198.3890847962,2601.87311304912,72.6531939431061,24249.7063636127,,,,,,
2/14/19,17,11021.8281611225,11321.4233221227,2645.53146829562,74.4129507510002,25063.2003187673,,,,,,
2/14/19,18,11976.6963195721,11992.1129206773,2765.03749768064,79.5272946207983,26813.3833023024,,,,,,
2/14/19,19,12703.3405937661,12396.0060175262,2822.45485373304,82.2357556314557,28004.0385171722,,,,,,
2/14/19,20,12572.4602971229,12310.2749539834,2727.20340254417,79.6272632930421,27689.5645567629,,,,,,
2/14/19,21,12199.3801683915,12079.9565587148,2617.75717074021,77.5974530396242,26974.6892639551,,,,,,
2/14/19,22,11619.6835456267,11530.6896113424,2461.83137658935,75.2402181879767,25687.4399072868,,,,,,
2/14/19,23,10818.6729753562,10797.6003894576,2255.05529029368,72.6852170599406,23944.0099229809,,,,,,
2/14/19,24,10427.7594189176,10013.6630548424,2080.29664019247,68.5040839563775,22590.2192005385,,,,,,
2/15/19,1,9910.29613749184,9493.44744694337,1991.55013902063,68.2605301140888,21463.5533401182,,,,,,
2/15/19,2,9546.58555816609,9140.99333710305,1926.57761290068,69.1366424782177,20683.2907074665,,,,,,
2/15/19,3,9337.80011799289,8900.39812099183,1869.09542567732,70.1494897418832,20177.4427160812,,,,,,
2/15/19,4,9320.89097616797,8875.4371808814,1851.93291991585,72.6953036833174,20120.9566870056,,,,,,
2/15/19,5,9564.37184823296,9092.33463864445,1857.41795393529,78.6137230383134,20592.7442247536,,,,,,
2/15/19,6,10117.5109342587,9815.13382507824,2019.87401769996,85.4509648313545,22037.9733891324,,,,,,
2/15/19,7,11004.7612505169,10803.1465210123,2249.19045261185,91.6395583392647,24148.7449246323,,,,,,
2/15/19,8,11747.5296682171,11053.9986403748,2289.35050303901,92.7363571038501,25183.6163114529,,,,,,
2/15/19,9,11758.717163728,11032.3601194719,2220.44662984896,87.9046110822018,25099.4260439163,,,,,,
2/15/19,10,11552.6747284552,10839.9253107715,2140.53662155086,79.3969759784561,24612.5293299049,,,,,,
2/15/19,11,11286.4660932013,10615.3713070646,2038.63064683062,71.7776112749091,24012.2432006374,,,,,,
2/15/19,12,11052.0709845837,10782.1781231927,2008.45811528945,66.847290549822,23909.556936346,,,,,,
2/15/19,13,10972.1812918146,10681.1791591502,2036.78924769207,64.6632937761285,23754.8120456004,,,,,,
2/15/19,14,10702.9138083338,10675.0341135143,2078.36080529887,62.8419314607055,23519.1456228926,,,,,,
2/15/19,15,10718.5731198645,10789.8660566515,2084.29931918971,60.7024778104327,23653.4436428045,,,,,,
2/15/19,16,11021.6418205113,10854.2333713246,2200.88231098562,61.0754862589091,24137.8368398143,,,,,,
2/15/19,17,11500.6105248193,11383.0118153468,2340.69269871659,66.5611608315547,25290.8838072155,,,,,,
2/15/19,18,12289.5083120371,12211.6541957347,2564.14801377619,74.5438640273138,27139.8613209036,,,,,,
2/15/19,19,12868.097073481,12343.445440039,2684.1853649253,76.9526710671522,27972.6808337503,,,,,,
2/15/19,20,12685.0650399028,12077.6153578502,2619.50939200065,77.4023228512323,27459.5899829723,,,,,,
2/15/19,21,12363.2928853101,11798.3498129869,2535.81116991829,77.0229641365346,26774.4760881885,,,,,,
2/15/19,22,11842.0050077497,11540.4289537481,2420.36823158682,75.1500503136249,25877.9489914598,,,,,,
2/15/19,23,11096.3079909703,10803.5939866325,2256.15772474928,72.6775043123896,24228.7315969498,,,,,,
2/15/19,24,10730.663288787,10086.362109376,2064.7358992384,70.8761749088801,22952.6354496749,,,,,,
2/16/19,1,10267.4281281051,9590.49753410001,1967.06998996032,70.0585440797714,21895.0522015356,,,,,,
2/16/19,2,9886.2427188082,9183.58327182247,1869.84029588938,68.9826654814111,21008.6477502823,,,,,,
2/16/19,3,9655.46749331328,8950.44016210597,1805.90793628087,72.0447823510779,20483.8597285823,,,,,,
2/16/19,4,9533.17716846447,8942.15160168158,1780.56655683469,75.1030349815545,20330.9981207061,,,,,,
2/16/19,5,9607.21581741178,9023.37486070097,1808.57604098922,79.5693198202303,20518.7380671581,,,,,,
2/16/19,6,9870.65397296016,9374.41426196087,1867.92565453897,87.2379202780394,21200.2357045757,,,,,,
2/16/19,7,10272.0918057189,9788.92938944548,1969.62254304189,94.8089223712972,22125.4551656403,,,,,,
2/16/19,8,10617.9443406438,9926.24734584822,1949.52311802755,94.507695518652,22588.2217207887,,,,,,
2/16/19,9,10317.6576098056,10040.4469305314,1872.80111278397,84.401547486433,22315.2990806079,,,,,,
2/16/19,10,10070.5552540705,9849.86412823584,1674.69849284632,75.1976459033883,21670.3147109755,,,,,,
2/16/19,11,9870.92429721983,9456.9760520357,1649.44524408809,67.8370622035436,21045.1794920042,,,,,,
2/16/19,12,9575.91381447571,9165.75288417495,1535.57044037748,61.8406356554289,20339.0765015735,,,,,,
2/16/19,13,9824.42000654104,8872.0440721604,1515.8330345002,57.8149167096653,20270.110855508,,,,,,
2/16/19,14,9651.84248018464,8710.76578485048,1599.08618544708,55.3556457782519,20017.0498204208,,,,,,
2/16/19,15,9367.31424895655,8889.4062755802,1651.01327313658,53.7030909957611,19961.4377282852,,,,,,
2/16/19,16,9654.74568182188,9263.2656266312,1736.11381303891,54.5488851596933,20708.6794048005,,,,,,
2/16/19,17,10245.3306359599,9624.83354412468,1999.2430847079,58.7031223097563,21928.1187463322,,,,,,
2/16/19,18,11236.4510107127,10531.5406935026,2352.08048831149,67.9201772139483,24187.9164556656,,,,,,
2/16/19,19,12042.9318160438,11271.3036995301,2468.82031439304,74.2430171726179,25857.2993808136,,,,,,
2/16/19,20,11972.5563024173,11263.9827010191,2458.65054443584,75.3020293687598,25770.4915271033,,,,,,
2/16/19,21,11802.0101944846,11137.319847944,2484.89925398512,76.0224158225814,25500.2489243028,,,,,,
2/16/19,22,11455.7306202295,10765.678623424,2395.17588593781,76.6880166750215,24693.269952456,,,,,,
2/16/19,23,10838.7002416192,10311.4850196163,2237.19920595159,75.317951236767,23462.6987700103,,,,,,
2/16/19,24,10170.714526626,9646.23708506018,2041.60258439035,73.8467550856322,21932.3962151116,,,,,,
2/17/19,1,10118.6460812969,9019.36929463554,1945.016778359,74.4201236802397,21157.4499293053,,,,,,
2/17/19,2,9775.34457703084,8739.39472768304,1856.15223111707,75.8717168976887,20446.7608882116,,,,,,
2/17/19,3,9549.38153077868,8705.47176362923,1796.0567190876,78.3414154576987,20129.2501054134,,,,,,
2/17/19,4,9468.53896120788,8717.21623993234,1800.32665506667,81.0712453774379,20067.152141358,,,,,,
2/17/19,5,9422.58047568299,8702.66817053501,1791.22839707944,86.5937747830328,20003.0692557605,,,,,,
2/17/19,6,9383.81040915142,8919.53400268244,1836.49683995554,92.8521155664368,20232.6948967403,,,,,,
2/17/19,7,9784.5270429453,9171.46936896486,1919.75499067574,101.132169656497,20976.8847659971,,,,,,
2/17/19,8,10114.6614300197,8966.07677312921,1871.03269271096,100.615898070428,21052.3862217373,,,,,,
2/17/19,9,10267.5197653791,9020.53959139141,1728.70429673479,95.532073623535,21112.295504059,,,,,,
2/17/19,10,10050.6706919438,8799.85157205125,1627.68585015258,83.8791002762094,20562.0848065323,,,,,,
2/17/19,11,10056.8691248985,8622.53863901412,1566.23821700877,76.9677533018974,20322.6165783925,,,,,,
2/17/19,12,9530.82976181601,8802.35059290059,1503.29153337194,71.8830757360471,19908.3538717015,,,,,,
2/17/19,13,9161.9698293038,9172.86525466017,1497.04888576111,72.8176583264821,19904.7011317457,,,,,,
2/17/19,14,8995.61519628228,9201.52961086648,1583.4051804832,75.3803166887778,19855.9312461913,,,,,,
2/17/19,15,9066.09816879951,9376.19269469829,1841.17410303095,77.8661090951417,20361.3324235836,,,,,,
2/17/19,16,9528.53020904447,9569.92996813895,2033.58597350793,81.5217628227328,21213.5736052651,,,,,,
2/17/19,17,9974.54330770875,9914.9506591297,2180.99901953006,87.2084916871573,22157.7076719246,,,,,,
2/17/19,18,11086.8751290665,10797.2245050649,2418.11946374959,93.6068994930069,24395.8346193037,,,,,,
2/17/19,19,12031.6954586125,11657.5010998122,2583.03077489057,95.7121834925797,26367.9429824337,,,,,,
2/17/19,20,12020.5902541703,11669.1924531048,2557.64453365154,94.9112777209363,26342.3393356757,,,,,,
2/17/19,21,11768.4868063013,11488.3014602571,2516.94153649911,93.3332206482771,25867.0605887573,,,,,,
2/17/19,22,11352.9521002877,11085.9304194009,2438.04435174547,90.3755037463477,24967.2968629786,,,,,,
2/17/19,23,10768.1413209139,10596.5508056496,2253.04782337309,84.9102129378279,23702.6439851528,,,,,,
2/17/19,24,10507.9928080783,9954.72396768272,2089.35056207603,82.0842372977843,22634.1482433018,,,,,,
2/18/19,1,10177.5615854943,9515.95638034362,1976.07035717158,81.3403554148543,21750.9256147427,,,,,,
2/18/19,2,9876.30493543338,9210.6808900441,1881.10314977272,82.0338728899543,21050.1204663112,,,,,,
2/18/19,3,9730.56875764482,9194.96556070658,1847.33131166302,85.5182065729574,20858.3832626722,,,,,,
2/18/19,4,9755.57767168028,9157.19105890183,1832.88167117366,89.6239430326474,20835.2758397098,,,,,,
2/18/19,5,9881.98064610842,9484.73963876813,1886.61277330687,94.2236050616529,21347.5587037857,,,,,,
2/18/19,6,10143.8207535899,10177.2344133493,2039.90345109762,102.612392763291,22463.5751014805,,,,,,
2/18/19,7,10947.6225404913,10917.1258627245,2233.91488549713,110.197654216901,24208.8652570201,,,,,,
2/18/19,8,11238.1596078973,11058.6962406171,2250.5486529867,109.998523963366,24657.3985281756,,,,,,
2/18/19,9,11039.7892722734,10906.1332208614,2023.68149041707,103.483091174842,24073.0824937713,,,,,,
2/18/19,10,10856.3923682919,10743.5577440354,1842.82869979092,97.3048329397667,23539.9495170328,,,,,,
2/18/19,11,10807.1836781359,10472.3432184926,1794.26152750985,90.3862841211801,23164.1737681163,,,,,,
2/18/19,12,10431.9337144704,10161.8214283603,1705.10509770917,85.8120516063543,22384.6711410515,,,,,,
2/18/19,13,10141.20985194,10017.3799962444,1685.4203514802,82.3531158183112,21926.3623931163,,,,,,
2/18/19,14,10075.789443643,10054.306475643,1724.34050508385,78.1222396194347,21932.56045217,,,,,,
2/18/19,15,10164.8194854434,10372.8049586161,1866.79487028189,76.4208635686222,22480.8419798207,,,,,,
2/18/19,16,10218.8038465331,10708.2931338824,1971.0752502718,80.6110917686718,22978.7857149745,,,,,,
2/18/19,17,10681.5556557424,10993.6222803531,2207.85612457502,87.049464995422,23970.0908126872,,,,,,
2/18/19,18,11937.1293177968,11734.7038610076,2593.36677884082,94.1514897548723,26359.3607885838,,,,,,
2/18/19,19,12990.1872327894,12417.7494049394,2751.0786654484,99.7093925950718,28258.7304837394,,,,,,
2/18/19,20,12996.9114396286,12662.2553231556,2740.15737394894,100.215156265494,28499.5380708288,,,,,,
2/18/19,21,12701.039125303,12544.5902494532,2730.30124668709,99.1599188092899,28075.0870934721,,,,,,
2/18/19,22,12100.4088908713,11941.7818706591,2567.72703273684,94.7668993382696,26704.6779375123,,,,,,
2/18/19,23,11203.6086026569,11155.7328755431,2360.44295012401,92.1121087830563,24811.8899656275,,,,,,
2/18/19,24,10538.6076153847,10396.0996117417,2165.44940049225,90.9218986870095,23191.072859123,,,,,,
2/19/19,1,10037.4831895291,10024.3432795186,2054.03425963265,90.7485150983453,22206.6058203829,,,,,,
2/19/19,2,9766.38452096661,9803.3518924994,1976.73847590228,91.3425412884975,21637.8159590825,,,,,,
2/19/19,3,9661.10633305139,9673.12903608095,1951.33481763869,93.2639064324703,21378.8331492631,,,,,,
2/19/19,4,9738.28960956559,9752.05031021424,1951.89620948798,95.8895308707635,21538.1270130054,,,,,,
2/19/19,5,10107.5487199625,10135.587776229,2040.63117570643,102.202526138322,22385.973671711,,,,,,
2/19/19,6,10948.2538874319,10978.7570446719,2223.32668997194,109.648111171491,24259.9930960772,,,,,,
2/19/19,7,12222.9951658266,12074.2259141498,2464.43957577328,119.118327410811,26880.785771941,,,,,,
2/19/19,8,12674.1766805747,12577.0374411997,2546.60683090458,115.486508567215,27913.3054353284,,,,,,
2/19/19,9,11976.9860062639,11986.3348456245,2407.39953983102,108.709253906179,26479.4221720147,,,,,,
2/19/19,10,11479.2235968778,11472.0179957061,2208.77131532549,103.558329360525,25263.566679762,,,,,,
2/19/19,11,11065.2298263504,11018.5968152998,2018.70571672037,95.6324574147782,24198.162315177,,,,,,
2/19/19,12,10634.4223274123,10670.9889421887,1885.89946973942,92.2448122778249,23283.5530926112,,,,,,
2/19/19,13,10333.3195236692,10386.2443143935,1835.7952798463,88.5048267063212,22643.8622469247,,,,,,
2/19/19,14,10285.9013897113,10359.048583722,1820.39499113785,82.0869057281018,22547.4319411221,,,,,,
2/19/19,15,10416.605270995,10318.8653453672,1861.67389718713,77.1094865246692,22674.2534458289,,,,,,
2/19/19,16,10461.7382181198,10460.4682900281,2008.70245947227,75.8277726371053,23006.7437490823,,,,,,
2/19/19,17,10903.1550606395,10923.7109028897,2185.22304684784,79.0392180615687,24091.1369091715,,,,,,
2/19/19,18,11958.4360823061,11753.5161891111,2806.96061315707,88.7025193496008,26607.6235326173,,,,,,
2/19/19,19,13067.69942183,12721.3608350114,2923.16420073178,96.3074519873108,28808.5354756049,,,,,,
2/19/19,20,13171.7177274884,12921.1216474234,2900.16811715669,97.8703776911183,29090.8778634544,,,,,,
2/19/19,21,12849.1965135868,12788.9726370826,2829.93414249677,98.2815002351784,28566.3820178114,,,,,,
2/19/19,22,12212.9590730992,12241.191500223,2663.81748155204,96.9058636575239,27214.8683691463,,,,,,
2/19/19,23,11268.817211923,11366.8274184577,2400.79647161187,93.5399309295437,25129.9740425404,,,,,,
2/19/19,24,10497.4817786855,10636.0683024092,2190.44392782978,92.3130992412228,23416.3032539315,,,,,,
2/20/19,1,10263.1587624454,10304.8156118975,2084.43764279473,91.7582855077892,22744.169358265,,,,,,
2/20/19,2,10006.2106761042,9807.59595056647,2022.3948003422,92.3463013421536,21928.5461039667,,,,,,
2/20/19,3,9807.97065252056,9652.97038555323,2017.58257290689,94.5265781846499,21573.0485334939,,,,,,
2/20/19,4,9832.42492980659,9711.33297969273,1972.82011428701,97.620659998305,21614.2009177694,,,,,,
2/20/19,5,10173.5268923738,10025.2987982473,2061.55441923837,103.765382945961,22364.1493835078,,,,,,
2/20/19,6,10592.1139981819,10827.5106058991,2282.72094003275,112.79891235272,23815.1506885326,,,,,,
2/20/19,7,11827.1679572524,11836.1249658773,2561.16928620433,121.294995835214,26345.7633370747,,,,,,
2/20/19,8,12335.0694519657,12158.3046083367,2525.23887401812,117.446914654972,27136.0564190775,,,,,,
2/20/19,9,12125.1513005117,12067.2521494443,2354.04720975565,110.442674270178,26656.8959361027,,,,,,
2/20/19,10,11621.0683629952,11664.4065654901,2251.62607604122,99.2601979623993,25636.358474796,,,,,,
2/20/19,11,11361.9883377203,11644.8065421605,2309.0474331455,87.5834270825791,25403.4273346605,,,,,,
2/20/19,12,10896.4648764462,11812.9808374197,2451.38225917581,83.1172906186119,25243.9439001866,,,,,,
2/20/19,13,10549.4514585206,11760.7024789541,2558.61244998837,82.5319169533836,24951.29919164,,,,,,
2/20/19,14,10557.7027798064,11662.3631465171,2615.82991859184,79.5183856192289,24915.4163635125,,,,,,
2/20/19,15,10546.4068030742,11676.0062143612,2603.18693963116,78.1084796691857,24903.7116377501,,,,,,
2/20/19,16,10652.684729625,11618.3087841802,2574.71578336811,81.7064444722336,24927.4127532847,,,,,,
2/20/19,17,11355.7441556921,11991.6172508541,2662.72550586785,86.5314526139226,26096.6275349833,,,,,,
2/20/19,18,12282.1133820745,12650.5963067601,2921.90381573307,92.5773934806052,27947.1970447326,,,,,,
2/20/19,19,13304.6839566569,13330.7490685294,3030.56568744972,96.1352198439477,29762.1359915286,,,,,,
2/20/19,20,13316.1536265893,13269.5392604603,2961.62685041495,95.4784552829041,29642.797073026,,,,,,
2/20/19,21,12989.3540390877,13067.5302953033,2874.67631061169,93.4150466218091,29024.9737476845,,,,,,
2/20/19,22,12367.719163286,12484.4991802206,2680.69806211445,89.3603302081613,27622.2704347053,,,,,,
2/20/19,23,11422.0196830091,11596.3621323155,2415.69057834976,86.0958451520269,25520.1622377667,,,,,,
2/20/19,24,10593.7677394959,10793.052008298,2215.89680128708,84.8591688797676,23687.5715934003,,,,,,
2/21/19,1,10135.8320672901,10207.4107193747,2088.37992171694,84.6029935041256,22516.2229557839,,,,,,
2/21/19,2,10100.4039659328,9832.32436225063,1962.90210059903,84.4044673835749,21980.03307923,,,,,,
2/21/19,3,9941.52245922016,9674.10479020444,1912.36648214116,86.1576487593889,21614.1512031566,,,,,,
2/21/19,4,9956.3048361281,9631.93160440382,1938.62879370462,88.6179887221284,21615.4839177702,,,,,,
2/21/19,5,9942.51834467548,9904.06357381143,1966.44041458876,94.614143249851,21907.6386477072,,,,,,
2/21/19,6,10730.7063837654,10692.1810390112,2159.52715320977,101.49748803508,23683.9173225192,,,,,,
2/21/19,7,12011.8377404312,11703.945065392,2448.12758621599,111.238537697447,26275.1523860384,,,,,,
2/21/19,8,12500.9830727282,12062.2489224991,2570.23786981482,113.090517838578,27246.5622740992,,,,,,
2/21/19,9,11895.0194192784,11971.353119866,2542.66478503436,108.90858657091,26517.9441026892,,,,,,
2/21/19,10,11260.579275769,11703.2797394622,2504.95125016567,105.056559881448,25573.8645450634,,,,,,
2/21/19,11,10792.5949166818,11400.7271641083,2489.71275738452,99.3786839057723,24782.4136438437,,,,,,
2/21/19,12,10697.7516883159,11230.698788177,2434.80684427142,90.9097156020394,24454.1667309517,,,,,,
2/21/19,13,10425.9837213213,11220.1902323163,2276.74184651275,84.8755029332648,24007.7930303919,,,,,,
2/21/19,14,10314.9616454115,11309.8663867734,2349.01806203265,83.1107802766458,24056.9547982705,,,,,,
2/21/19,15,10349.4564160475,11563.7908782784,2376.95167472776,83.9070162544072,24374.106355291,,,,,,
2/21/19,16,10702.3371776569,11698.992800155,2446.57860223764,86.5641882157407,24934.4755430753,,,,,,
2/21/19,17,11177.4405766485,11770.5732977343,2546.48520440197,91.7518620559365,25586.2542914043,,,,,,
2/21/19,18,12334.3515937889,12402.814515432,2773.82695003318,97.3093738431182,27608.3073525058,,,,,,
2/21/19,19,13357.5990656647,13209.8098961238,2916.09772062371,99.8995801051174,29583.4105044908,,,,,,
2/21/19,20,13390.2783240291,13202.9167528001,2895.75817083057,99.9232920659549,29588.876092652,,,,,,
2/21/19,21,13115.7148668222,13046.4686206728,2841.3838256745,99.2800000724685,29102.8448572586,,,,,,
2/21/19,22,12524.1526814904,12486.7964330312,2759.45890812305,97.6887438301505,27868.0938929504,,,,,,
2/21/19,23,11615.7099027266,11544.5944229822,2499.51151604826,93.9804233667604,25753.7907037291,,,,,,
2/21/19,24,10872.6445056136,10853.8404056996,2257.81179386986,93.4204929201786,24077.7140763896,,,,,,
2/22/19,1,10370.8163399857,10420.7895805867,2140.81454188862,94.1014154274525,23026.5198324187,,,,,,
2/22/19,2,10033.5408612074,10061.1058651708,2080.59495630258,96.0361483694746,22271.2777375138,,,,,,
2/22/19,3,9891.70777202642,9878.02873692269,2029.52675617077,99.1570761303488,21898.4199092944,,,,,,
2/22/19,4,9936.65876861129,9904.76581676689,2066.74019900635,103.401253399098,22011.5670074366,,,,,,
2/22/19,5,10277.4090355446,10189.6388809289,2130.19010649645,109.153928413317,22706.3945415793,,,,,,
2/22/19,6,11039.7235976889,10963.7755549766,2322.74159537853,117.209110417916,24443.4526598125,,,,,,
2/22/19,7,12204.645594899,12011.4358880426,2596.61517412907,125.828584390745,26938.5264063717,,,,,,
2/22/19,8,12471.7164203239,12133.3788177072,2585.86828550052,122.48789054058,27313.4479848037,,,,,,
2/22/19,9,11688.7211799498,11759.1980805591,2362.57689206764,112.23228696956,25922.7241359696,,,,,,
2/22/19,10,10888.18277543,11329.7757077309,2171.54938306756,102.569983641748,24492.0741414982,,,,,,
2/22/19,11,10532.209226747,10893.5342081448,1956.19795498855,94.782764135937,23476.7212409478,,,,,,
2/22/19,12,10178.9294163482,10490.3446492752,1818.6140069694,87.7655346126784,22575.6539363325,,,,,,
2/22/19,13,9761.12398821656,10252.5813138797,1732.31732637624,83.5727491013049,21829.5938336359,,,,,,
2/22/19,14,9686.82755975591,10108.499122801,1710.43361596674,78.5693172197422,21584.329552373,,,,,,
2/22/19,15,9776.97473190738,10073.544104722,1815.58651103559,74.1739693613936,21740.2795862914,,,,,,
2/22/19,16,10134.8653017783,10257.4948415116,1944.03719364856,74.1240883992444,22410.5240440022,,,,,,
2/22/19,17,10623.1290269536,10675.9962519398,2145.17331594916,76.6510895687064,23520.9549848503,,,,,,
2/22/19,18,11673.6723330372,11550.8629403324,2580.68516613872,84.8593530678952,25890.0880673273,,,,,,
2/22/19,19,12680.7402165024,12401.3863357079,2713.54889007748,92.5294790227206,27888.2066563577,,,,,,
2/22/19,20,12693.1454010663,12424.9995894403,2680.76463616978,94.8621168378125,27893.7699010533,,,,,,
2/22/19,21,12454.9531046394,12230.3165304665,2660.85152602196,96.0015531884411,27442.1222003439,,,,,,
2/22/19,22,12088.9546435061,11919.0291464661,2589.69329031462,95.3752637511896,26693.0495742142,,,,,,
2/22/19,23,11434.3507501225,11256.486314426,2422.10206759205,94.1843093966255,25207.1213545551,,,,,,
2/22/19,24,10821.8686491309,10731.9875078053,2246.53928362663,93.3950830941937,23893.7863947518,,,,,,
2/23/19,1,10247.1007750704,10142.7912196207,2117.4193669571,94.5491712526876,22601.8585290648,,,,,,
2/23/19,2,9943.46205729979,9832.13217417862,2034.11653737887,95.9695276073258,21905.6784735149,,,,,,
2/23/19,3,9755.46395288262,9599.6573911231,1987.11954666916,99.1638412370948,21441.4042769911,,,,,,
2/23/19,4,9694.23068381009,9577.83232906019,1965.78291983453,102.982199144566,21340.828052634,,,,,,
2/23/19,5,9723.97185650618,9701.25821076199,2000.91957502144,108.886280671657,21535.0368415689,,,,,,
2/23/19,6,10079.4188012837,10086.6019386726,2100.60168942256,115.608184499629,22382.2327759984,,,,,,
2/23/19,7,10605.4986988327,10414.8027142845,2234.35941773559,124.159099455645,23378.8207600222,,,,,,
2/23/19,8,10662.8449486934,10378.9056452507,2098.22907184298,118.491417235004,23258.4695669421,,,,,,
2/23/19,9,10478.288175695,10470.3913626394,1901.94634880188,105.366324032673,22955.9905622791,,,,,,
2/23/19,10,10432.6397743738,10166.8724434844,1752.02814369315,92.2581082026974,22443.7974884925,,,,,,
2/23/19,11,9968.08286823164,9833.47150585021,1618.85515881459,79.727865476114,21500.1345245491,,,,,,
2/23/19,12,9609.40630221177,9460.95633124484,1508.38133157362,70.6099915600224,20649.353817729,,,,,,
2/23/19,13,9511.10579563331,9192.37573421128,1438.11640752851,63.9401281250738,20205.5368069145,,,,,,
2/23/19,14,9537.95012052162,9013.50430935388,1296.84102298021,59.7042994510959,19907.9996490365,,,,,,
2/23/19,15,9677.64703673684,9003.15103324112,1358.51610160857,58.2451328155249,20097.56025606,,,,,,
2/23/19,16,10040.8283418682,8957.01202615685,1552.58233434007,58.1100403937192,20608.5338930309,,,,,,
2/23/19,17,10319.5458190529,9345.78668769625,1927.75250110319,61.1487662637927,21654.2388593782,,,,,,
2/23/19,18,11233.5972568953,10387.3076485103,2407.51734408586,70.3768980628865,24098.8054975175,,,,,,
2/23/19,19,11970.7732566121,11345.2761579077,2591.81557394936,77.6635096880476,25985.5284534997,,,,,,
2/23/19,20,11842.2257005669,11312.5711515042,2572.80236969587,80.2676021092467,25807.8644539747,,,,,,
2/23/19,21,11580.5698716874,11181.7591875706,2525.16661723732,82.9500708423732,25370.4450795442,,,,,,
2/23/19,22,11217.4872582465,10838.1801822776,2426.03129478848,83.9213694756789,24565.6168028963,,,,,,
2/23/19,23,10653.9572570634,10411.3288809716,2269.3097476539,83.2169963782107,23417.8106685282,,,,,,
2/23/19,24,10036.6269902644,9974.04017966792,2121.99552325051,82.8748287408932,22215.5356821951,,,,,,
2/24/19,1,9544.87020019042,9415.88024623053,2013.1108184015,83.971787853767,21057.8308108448,,,,,,
2/24/19,2,9195.12484608333,9143.80565400011,1923.34522724029,85.8046441917693,20348.0801388284,,,,,,
2/24/19,3,9316.15361316953,8957.06580507882,1879.82390989173,90.5153989515712,20243.5585556555,,,,,,
2/24/19,4,9225.74579894525,8911.30425485067,1859.98663842058,93.4103410829465,20090.4473612597,,,,,,
2/24/19,5,9216.85827562149,8971.27551930147,1879.74113039552,98.1831415384776,20166.0594640201,,,,,,
2/24/19,6,9447.36204924792,9171.78451684981,1945.7584647177,104.769915256744,20669.6765943694,,,,,,
2/24/19,7,9852.46331421836,9402.2935143594,2018.89391704873,113.474918422862,21387.1253357351,,,,,,
2/24/19,8,9996.68732814594,9333.68994984921,1938.44806602807,110.553401320574,21379.3795892552,,,,,,
2/24/19,9,10020.9318771983,9046.92224881548,1734.29307042946,98.2385068414253,20900.3833989182,,,,,,
2/24/19,10,9847.48289070791,8571.27890963698,1748.0446574894,85.2873235937557,20252.0913618457,,,,,,
2/24/19,11,9521.30130927915,8172.14613712366,1561.65561006979,72.9054189542265,19328.008107939,,,,,,
2/24/19,12,9169.78370328509,7902.88330350927,1415.19368078577,63.9000734035366,18551.7593290219,,,,,,
2/24/19,13,9000.51171156944,7733.67142150158,1446.61390920471,59.4963768815689,18240.2934732083,,,,,,
2/24/19,14,9026.06956016734,7718.48450891089,1435.19932329614,55.0695984460409,18234.8230970641,,,,,,
2/24/19,15,9312.95502516507,7822.97132751796,1522.93390641999,53.5365225768689,18712.3988643464,,,,,,
2/24/19,16,9912.68474926319,8249.95908850591,1689.51891065136,52.7866071748947,19904.9525123969,,,,,,
2/24/19,17,10289.0107491483,8873.79363216066,2072.55983819907,55.6461965072083,21291.0149515829,,,,,,
2/24/19,18,11245.5961132185,9950.90965528916,2519.8439935813,63.7966252435377,23780.1526498442,,,,,,
2/24/19,19,11971.3797361374,10917.5838565668,2803.81441420147,69.8013279138836,25762.581306673,,,,,,
2/24/19,20,11898.9940324103,10939.9977656184,2739.5379159627,72.2515797288124,25650.7796387745,,,,,,
2/24/19,21,11631.3022725212,10807.2393148854,2510.53728932378,73.8849681856438,25022.9625023844,,,,,,
2/24/19,22,11102.7688573523,10364.4506207102,2389.44889518364,73.834429217521,23930.5006378174,,,,,,
2/24/19,23,10273.4641501863,9854.67595854434,2185.62739621545,71.9793141641103,22385.742898288,,,,,,
2/24/19,24,9697.53365987298,9284.82476411175,2010.08337006922,71.3692852225038,21063.8093337356,,,,,,
2/25/19,1,9503.13228853881,9037.66930434668,1916.94555600652,72.1870356447641,20529.9331952198,,,,,,
2/25/19,2,9276.86319743245,8908.1313730121,1874.08268132436,74.7041150563877,20133.7803361294,,,,,,
2/25/19,3,9154.75419035965,8759.26720031196,1897.17507227432,78.1040146091832,19889.2998272435,,,,,,
2/25/19,4,9225.64183126474,8817.98441235719,1865.05847924842,81.0364114518322,19989.7222679143,,,,,,
2/25/19,5,9452.81380116642,9219.64727949104,1905.03133046192,86.9155800862912,20664.4094545471,,,,,,
2/25/19,6,9964.80495753987,9977.17909886315,2103.58273488654,97.7053901306706,22143.2763503559,,,,,,
2/25/19,7,11189.6651035878,10915.0470970888,2310.23613866407,106.755350129675,24521.7097857485,,,,,,
2/25/19,8,11793.4456734183,11066.8448738615,2299.21648126223,105.717311481703,25265.2228169545,,,,,,
2/25/19,9,11478.9482256143,10790.4216218558,2114.53920852992,98.3499482574885,24482.2566248542,,,,,,
2/25/19,10,11537.4691160744,10416.2241525011,1937.39260968326,88.8554258100714,23979.9391084804,,,,,,
2/25/19,11,11444.9063523436,10059.8300162204,1816.49580893173,77.588351709131,23398.819380497,,,,,,
2/25/19,12,11433.007708051,9840.08599051932,1779.21967891735,67.6869447217895,23120.0009085693,,,,,,
2/25/19,13,11656.7457092446,9636.08826606599,1738.83972295222,62.1746139695314,23093.8508826252,,,,,,
2/25/19,14,11989.3688922251,9618.93014821392,1759.23752432889,58.3696145858922,23425.9051391721,,,,,,
2/25/19,15,12056.9492973225,9660.65790891778,1847.06584592898,55.9317045812075,23620.6058027872,,,,,,
2/25/19,16,11962.4041569923,9960.31922087323,2026.07222039117,55.6642169980749,24004.4603998146,,,,,,
2/25/19,17,12090.8339589899,10519.449538616,2291.10373266298,58.3300771360841,24959.7186235481,,,,,,
2/25/19,18,12736.9306601138,11352.0097917104,2478.5980538331,63.4716717941484,26631.0153813995,,,,,,
2/25/19,19,13345.9613450172,12257.7194599433,2671.6170685093,69.4431330683012,28344.7386619872,,,,,,
2/25/19,20,13122.766792166,12183.3237554376,2657.7259385395,70.4156132718813,28034.2328030597,,,,,,
2/25/19,21,12683.4778412857,11880.2545945514,2623.11134609295,70.041867063995,27256.8821602125,,,,,,
2/25/19,22,12073.6368117485,11278.6064080106,2433.26020845343,67.5301101484424,25853.0303696822,,,,,,
2/25/19,23,11127.3348773548,10549.9193809366,2221.26646741034,64.2856552043434,23962.8022878675,,,,,,
2/25/19,24,10605.1378147033,9877.5180792675,2026.19627827985,62.0982836587247,22570.9480305164,,,,,,
2/26/19,1,10090.0672063623,9450.81098773455,1927.44988877028,60.998385654608,21529.3256880533,,,,,,
2/26/19,2,9744.2380565422,9157.39685576879,1847.54641167881,61.5666698645061,20810.7472090587,,,,,,
2/26/19,3,9512.07554586942,9045.49754416475,1849.78900701671,62.8112908611888,20470.1725272025,,,,,,
2/26/19,4,9489.5608299007,9058.1160371642,1813.51316950686,64.1712912059363,20425.361297022,,,,,,
2/26/19,5,9746.26344008519,9354.52024621076,1874.31243106367,68.4154621220303,21043.5137827192,,,,,,
2/26/19,6,10108.5960735981,9980.52119276868,2048.81535131971,76.2699543373048,22214.2060497044,,,,,,
2/26/19,7,11236.3445068656,10909.1412075138,2218.87640374507,82.899046696805,24447.2649423767,,,,,,
2/26/19,8,11843.5948484259,11037.9108494553,2175.93020014245,77.7570120034558,25135.1924405542,,,,,,
2/26/19,9,11743.788087867,10911.2017888315,2104.02785739675,69.8407474033315,24828.8606402492,,,,,,
2/26/19,10,11727.8224267087,10533.4955967723,2055.90591457598,62.8792719161681,24380.1066000423,,,,,,
2/26/19,11,11686.5598452069,10277.8179911779,2163.5019113392,59.4803290714763,24187.3591280657,,,,,,
2/26/19,12,11910.0691500226,10276.7321899244,2086.52160326101,57.1298529770493,24330.4524221858,,,,,,
2/26/19,13,12329.5790946122,10076.4737746029,1770.10873806012,56.5362516002254,24232.6969150936,,,,,,
2/26/19,14,12069.3494102733,9988.4962680679,1829.89713228225,55.6548981544351,23943.3980859318,,,,,,
2/26/19,15,11921.5324875978,10148.3393556613,2117.04652940503,54.753963260703,24241.6728032777,,,,,,
2/26/19,16,11937.7121255438,10342.0072301148,2205.27474958696,56.1237451716506,24541.1176842923,,,,,,
2/26/19,17,12210.6919313267,10657.0906194029,2240.47063626475,58.339526340107,25166.5949918534,,,,,,
2/26/19,18,12768.4161403558,11388.9323124474,2640.92650554893,62.8929630057397,26861.1738044842,,,,,,
2/26/19,19,13277.6078731672,12238.9593714834,2810.43480252282,66.6319739122299,28393.6334731894,,,,,,
2/26/19,20,13106.3358339418,12076.7397596259,2750.71454871243,66.2906171367106,28000.0791276683,,,,,,
2/26/19,21,12690.3935186051,11765.2179692732,2652.04753961729,64.6292114141403,27172.2855051738,,,,,,
2/26/19,22,11979.8469309442,11290.7911751499,2441.54776536766,61.4455947875262,25773.6266520361,,,,,,
2/26/19,23,11162.7381442679,10485.0329148068,2218.79658674694,57.9297016874769,23924.4939314716,,,,,,
2/26/19,24,10639.9419573223,9749.26665658163,2015.14965785674,55.720592810544,22460.0752705734,,,,,,
2/27/19,1,10049.7025073135,9322.25730468637,1907.07244560806,54.6715419150698,21333.7019543972,,,,,,
2/27/19,2,9704.06992966796,9121.7771952908,1825.12222827326,54.6239733982001,20705.5924984593,,,,,,
2/27/19,3,9495.72559569185,8935.69177554578,1780.66617753022,56.4765081736353,20268.5608237377,,,,,,
2/27/19,4,9431.59707135159,8875.48779735869,1773.0731825183,59.2564858472751,20139.4141716096,,,,,,
2/27/19,5,9253.86761373573,9122.88337295761,1839.49405136851,63.9583663574187,20280.2049997884,,,,,,
2/27/19,6,9899.86129889232,9719.99588785003,2036.52464258082,71.5144148907838,21727.9013690375,,,,,,
2/27/19,7,10983.6692751816,10709.768431,2301.5807264715,79.3652832966797,24074.3883797237,,,,,,
2/27/19,8,11566.28070189,11045.3478449824,2334.62033469393,81.0717963761525,25027.3200117398,,,,,,
2/27/19,9,11426.5017695221,10821.0669468515,2109.4561079178,77.9015837233947,24434.924617093,,,,,,
2/27/19,10,11207.4889680975,10542.0951011991,1876.24391621912,69.9381756915786,23695.7624231718,,,,,,
2/27/19,11,10954.6088975363,10226.2057610983,1729.83460174683,61.2817054549319,22971.93116434,,,,,,
2/27/19,12,10997.5518999007,10146.0998072112,1796.6650540636,58.3681481376819,22998.6843270083,,,,,,
2/27/19,13,10810.0054870588,10134.6101233578,1778.47575185255,54.6939605946676,22777.7849246798,,,,,,
2/27/19,14,10905.269120983,10156.9341500506,1878.03233562111,52.4446620190367,22992.6833114673,,,,,,
2/27/19,15,10998.7244581484,10176.5025144473,1986.2877908093,51.6721831806614,23213.1874701299,,,,,,
2/27/19,16,10968.9858129192,10278.8650039607,2124.89552504162,52.2925395821588,23425.0398924813,,,,,,
2/27/19,17,11228.6640280841,10563.5561163472,2293.26830963188,53.727262623884,24139.2189183731,,,,,,
2/27/19,18,11843.5868006981,11180.6728884561,2669.66991071288,57.6297562347209,25751.5642175552,,,,,,
2/27/19,19,12565.3912277321,11999.4344120837,2692.78592680013,61.2777282713275,27318.8916786117,,,,,,
2/27/19,20,12460.7410586054,12034.3179933054,2640.42978554321,61.4783675810959,27196.9654092782,,,,,,
2/27/19,21,12127.9728888741,11925.0108538528,2564.22381521529,60.0381075103627,26677.2430500622,,,,,,
2/27/19,22,11512.1085141601,11394.3226136484,2416.1905235521,57.4773410440326,25380.095217935,,,,,,
2/27/19,23,10767.0867009852,10657.9517658988,2190.07607409769,52.8670060811925,23667.9785926518,,,,,,
2/27/19,24,10353.8942514307,9951.36083925071,1979.78021652692,50.5633026625553,22335.595394826,,,,,,
2/28/19,1,9798.12891049637,9385.66135455185,1867.95806961072,49.6494168621836,21101.3954370607,,,,,,
2/28/19,2,9460.73060805377,9015.83611016398,1797.764929934,49.5336697330277,20323.8633462184,,,,,,
2/28/19,3,9312.91205120213,8797.62007752542,1750.99355180457,49.9791220585838,19911.5035656315,,,,,,
2/28/19,4,9275.16542935706,8801.73991930024,1736.94686623356,51.2759250320224,19865.1279869812,,,,,,
2/28/19,5,9490.1961424459,8954.93874921419,1793.60648206894,54.9790407688,20293.7214939498,,,,,,
2/28/19,6,9820.48710039486,9574.49320293807,1967.8562958101,62.0357364497355,21424.8757304368,,,,,,
2/28/19,7,10949.694252468,10310.8579430472,2192.60878907618,68.055516835581,23521.2198853111,,,,,,
2/28/19,8,11493.875508095,10404.6733135175,2085.2214960152,65.9167816275067,24049.6883178033,,,,,,
2/28/19,9,11314.1873893021,10421.9993459684,2081.79319387973,61.5142494803732,23879.4940690564,,,,,,
2/28/19,10,10962.6462894956,10376.7305637125,2137.97504107244,57.913593548071,23535.2640504753,,,,,,
2/28/19,11,10591.1133099326,10271.0622637894,1976.52785553703,54.9201137643648,22893.6216551927,,,,,,
2/28/19,12,10111.7375391518,10122.6089462259,1892.26321650645,52.9167552722565,22179.5250484659,,,,,,
2/28/19,13,9737.31363476665,9988.11989752875,1895.88956841966,52.0424156176525,21673.3662290283,,,,,,
2/28/19,14,9592.3491879223,9871.09792152709,1875.53887262145,51.3274242402665,21390.3164707669,,,,,,
2/28/19,15,9621.9977120327,9853.85079214558,1921.48383967503,50.4137053945781,21447.7472209403,,,,,,
2/28/19,16,9948.53072413028,10047.7386705384,1987.98921645744,49.8671200770464,22034.1240493738,,,,,,
2/28/19,17,10681.7041239041,10367.588657487,2192.69870738171,50.9737151053441,23292.9704255967,,,,,,
2/28/19,18,11603.8558719893,11016.8560466686,2551.77443413592,53.926631671559,25226.4180819297,,,,,,
2/28/19,19,12497.8418814854,11987.1425036257,2693.72464874464,59.0047901094124,27237.7168213269,,,,,,
2/28/19,20,12440.1039095518,11988.2159173211,2569.20011033177,58.7005957870775,27056.2200094657,,,,,,
2/28/19,21,12124.6986429407,11812.5126321306,2475.69919518445,56.4999796180117,26469.4079863622,,,,,,
2/28/19,22,11539.5844804335,11193.4745010891,2388.34943578723,53.6900887018135,25175.0944788578,,,,,,
2/28/19,23,10698.8210560077,10405.7000145173,2140.04330411138,50.386531854837,23294.9464576945,,,,,,
2/28/19,24,10289.3485570784,9603.07147452434,1938.81705970909,48.6052059317116,21879.8376542716,,,,,,
3/1/19,1,9791.87862420849,9034.93670538669,1836.34922043435,47.9743077143689,20711.1407448058,,,,,,
3/1/19,2,9469.2613417614,8734.67788634076,1771.16557574738,47.8827331331126,20022.9886961571,,,,,,
3/1/19,3,9257.5987463434,8656.79864039537,1713.92942824639,48.5589471549669,19676.8862704494,,,,,,
3/1/19,4,9215.99909545169,8484.78596717905,1705.26218286862,50.3021263667375,19456.3493004556,,,,,,
3/1/19,5,9094.21358657879,8782.31471126184,1759.90932008895,54.3863594981854,19690.8237153022,,,,,,
3/1/19,6,9747.66933683184,9391.10382833106,1898.31141404475,61.6581428874921,21098.7415077738,,,,,,
3/1/19,7,10848.4067610704,10121.5846386526,2083.64116522631,67.7686008392276,23121.3987150251,,,,,,
3/1/19,8,11356.630907032,10478.0812015128,2205.79579830654,69.6745289083646,24110.1828622089,,,,,,
3/1/19,9,11180.7630508419,10544.5145949537,2239.26591516197,66.1240431720901,24030.6674812284,,,,,,
3/1/19,10,10912.8077219426,10349.6344485639,2141.38234036514,58.9897695698738,23462.8156978704,,,,,,
3/1/19,11,10790.3683922192,10020.0864182597,1879.97060888808,54.5391415520544,22744.9670471701,,,,,,
3/1/19,12,10858.3314686651,9828.67154943902,1840.2612706268,52.1329364924085,22579.3974455061,,,,,,
3/1/19,13,11258.6229224565,9590.13159903172,1850.52992463704,50.4854606279384,22749.7704825583,,,,,,
3/1/19,14,11218.1901358433,9692.41804020188,1810.75298330426,49.3102586682079,22770.6716487851,,,,,,
3/1/19,15,10915.3710167969,9592.96770739607,1895.80287952103,48.3767900633145,22452.5184451496,,,,,,
3/1/19,16,10716.6223456766,9946.46531264684,2040.06015077563,49.8425902611097,22752.9909630751,,,,,,
3/1/19,17,11068.8265153766,10251.2387558524,2248.77793394694,52.8354902413241,23621.6769586982,,,,,,
3/1/19,18,11628.0439882243,10889.8672602317,2460.72093707147,55.9255385633579,25034.5559128912,,,,,,
3/1/19,19,12242.9225744052,11682.6974607465,2575.36439480473,56.8211649926024,26557.8052572265,,,,,,
3/1/19,20,12119.4868640269,11679.6133501881,2494.67939117694,55.9225320982689,26349.7029048965,,,,,,
3/1/19,21,11777.1746773465,11510.4681246414,2403.41074299029,55.1749842680386,25746.2289909967,,,,,,
3/1/19,22,11269.5277750172,11076.8437586444,2332.48105064686,53.5463129800199,24732.4002567368,,,,,,
3/1/19,23,10565.4901979725,10363.2594136358,2146.05684568807,51.4505081555678,23126.2595548462,,,,,,
3/1/19,24,9922.38779286446,9664.24706836171,1966.31165138237,49.9510229109063,21602.8986191144,,,,,,
3/2/19,1,9660.02342826644,9181.5835513029,1879.97250440058,49.1791519917419,20770.7596838648,,,,,,
3/2/19,2,9477.74358382591,8882.91611742002,1805.70048735493,48.7725131027648,20215.1331336159,,,,,,
3/2/19,3,9205.8378729412,8622.24655841446,1747.02203149794,49.273162034451,19624.3802579344,,,,,,
3/2/19,4,9108.9147793267,8563.28291328511,1708.43297283955,49.6795567323887,19430.310337124,,,,,,
3/2/19,5,9200.46105545436,8569.13079425693,1733.40387264236,51.0140837279418,19554.0097704219,,,,,,
3/2/19,6,9426.63587959626,8810.1275154432,1830.15007951811,55.8740063334336,20122.7878051193,,,,,,
3/2/19,7,9837.07873341448,9051.32718106247,1894.65733224299,62.1297712954764,20845.192743494,,,,,,
3/2/19,8,10176.0326980611,9153.36991391142,1975.36791884512,65.2615928684486,21370.0303479398,,,,,,
3/2/19,9,10559.3916819968,9448.09932756235,2034.89417485321,67.9622366281964,22110.3477384124,,,,,,
3/2/19,10,10616.982486884,9562.14652412289,2180.57910591682,64.5890861269968,22424.2966351411,,,,,,
3/2/19,11,10486.7151977672,9778.6495272724,2210.06855989755,61.1350935970489,22536.5677137056,,,,,,
3/2/19,12,10621.6176295394,9678.77245820209,2199.53834424177,59.4193080535514,22559.3465423995,,,,,,
3/2/19,13,10540.8538444425,9571.84028046293,2181.67535539201,56.8711621229125,22351.2414872924,,,,,,
3/2/19,14,10303.7816904135,9533.95195259588,2202.68068395231,55.4691442772658,22095.8839961611,,,,,,
3/2/19,15,10133.1243128401,9383.71239008492,2134.52286103939,54.0915167412746,21705.4540013251,,,,,,
3/2/19,16,10252.6139368862,9398.72731950054,2090.02953257978,55.1031778019785,21796.4735476753,,,,,,
3/2/19,17,10276.1516245546,9747.86401907241,2192.58629584964,56.6178309747694,22273.2203722507,,,,,,
3/2/19,18,10942.3810519707,10458.7724926119,2387.59070842135,59.1412801178826,23847.8840213011,,,,,,
3/2/19,19,11606.0220458427,11112.0148979129,2555.51181666836,63.2552295715607,25336.8029714951,,,,,,
3/2/19,20,11505.9467906327,11020.2205223229,2504.37352402568,61.45089291352,25091.9915606142,,,,,,
3/2/19,21,11207.8040597837,10765.2525924462,2418.73460382075,58.8103912712701,24450.601507781,,,,,,
3/2/19,22,10805.8885919143,10387.9246534665,2323.30703588158,56.9765340469289,23574.0979194713,,,,,,
3/2/19,23,10245.3606738679,9970.23799659705,2168.12254516014,54.7809966745224,22438.5037510581,,,,,,
3/2/19,24,9744.39560036234,9343.85825180295,2010.85128030354,52.8694811707848,21151.975545967,,,,,,
3/3/19,1,9724.56903956599,8910.66749577125,1871.05497341887,52.3577682359633,20558.650013938,,,,,,
3/3/19,2,9414.02866406066,8578.96180554676,1784.46673869076,52.547905251,19830.0053583987,,,,,,
3/3/19,3,9192.09787205617,8347.0457749707,1722.36468691572,52.844372914151,19314.353802988,,,,,,
3/3/19,4,9078.63612292991,8158.21779977899,1694.92026938733,53.7790420890009,18985.5533909322,,,,,,
3/3/19,5,9042.16054235605,8079.0317546776,1714.0253433563,56.4104366223277,18891.6274147728,,,,,,
3/3/19,6,9225.10875511025,8200.03297812387,1743.31767069892,62.4344767707867,19230.8810521619,,,,,,
3/3/19,7,9545.38162241232,8283.79732535177,1781.95769252994,67.6914188331169,19678.8276506868,,,,,,
3/3/19,8,9768.55765149255,8224.00813223595,1732.41954172707,64.4436674133728,19789.4292129034,,,,,,
3/3/19,9,10000.4156323839,8166.00696843928,1740.17530650468,61.3362296530719,19967.9323435941,,,,,,
3/3/19,10,9987.08808408987,8141.04200106673,1748.69461814518,56.600002284524,19933.4243220282,,,,,,
3/3/19,11,9982.61504380936,8193.57064464246,1837.34416528872,52.0571801922709,20065.5502078723,,,,,,
3/3/19,12,10014.8276372379,8290.83830931842,1850.94139620362,49.1352901878251,20205.7428463102,,,,,,
3/3/19,13,9703.57198510223,8213.66579834311,1841.95933726955,48.3160657203276,19807.5130953793,,,,,,
3/3/19,14,9863.4370068096,8083.94706320245,1879.71944768055,47.025623128041,19874.1295093864,,,,,,
3/3/19,15,9818.49461698884,8319.19053007475,1800.45302197784,46.1723657911825,19984.310492795,,,,,,
3/3/19,16,9756.01007221165,8664.49312915976,1817.32641472866,45.946302503654,20283.7739124592,,,,,,
3/3/19,17,10251.8495559723,9155.1273230908,2049.51364081868,49.2148215028031,21505.7040277692,,,,,,
3/3/19,18,10868.5903173658,9936.36526535501,2371.92942006311,53.2182476387386,23230.1006581537,,,,,,
3/3/19,19,11708.2821104586,10840.120283668,2570.04076198176,57.743256094621,25176.1863345344,,,,,,
3/3/19,20,11707.1458047565,10807.5383335222,2529.72047087777,57.6694106139119,25102.0742517604,,,,,,
3/3/19,21,11416.5558816651,10536.9596790963,2438.25029865544,56.5568394082848,24448.3235736374,,,,,,
3/3/19,22,10908.4772500452,10244.0587285546,2301.24816465129,54.4694754806029,23508.2542818198,,,,,,
3/3/19,23,10135.7355820352,9560.63817860311,2107.48808863698,52.0351835275616,21855.8988407252,,,,,,
3/3/19,24,9545.7363654985,8895.5022633554,1928.85986655981,50.7558531812428,20420.8554498916,,,,,,
3/4/19,1,9278.71858161802,8498.75352340438,1835.47996721347,50.4748582061004,19663.4270884507,,,,,,
3/4/19,2,8980.35617577876,8437.19697531162,1758.70768680842,51.3914700884712,19227.652587711,,,,,,
3/4/19,3,8847.7519574863,8319.89800376186,1725.35579225806,53.3888655317984,18946.3953759428,,,,,,
3/4/19,4,8881.34204245159,8294.64138934771,1720.515189725,55.3134950295231,18951.8114105067,,,,,,
3/4/19,5,9133.67744397683,8649.18716024385,1774.24807243248,60.7153589851799,19617.8257239939,,,,,,
3/4/19,6,9654.31924987198,9431.22950523858,1947.92068285529,69.6066558549685,21103.0743270856,,,,,,
3/4/19,7,10807.5938410688,10259.1092344257,2176.33814965709,78.5736063267048,23321.6117773184,,,,,,
3/4/19,8,11404.9964920134,10547.0204812265,2135.45186311486,74.1762315929802,24161.6443904798,,,,,,
3/4/19,9,11210.2596667366,10442.0978644301,2085.61918391643,67.236983105718,23805.2144595507,,,,,,
3/4/19,10,10858.7187095444,10399.929496915,2100.26445905289,60.3436740765459,23419.2557617338,,,,,,
3/4/19,11,10968.3364153422,10429.3145978196,2122.72952803742,56.6431617583904,23577.0236435914,,,,,,
3/4/19,12,11110.6429372574,10534.420804227,2026.86542955881,52.0554107062701,23723.9835419579,,,,,,
3/4/19,13,11087.286754744,10565.8109861052,2005.52110988088,50.6372768589086,23709.2555088311,,,,,,
3/4/19,14,11040.5026932408,10566.1400749127,2011.7213974724,49.952170236686,23668.3150502023,,,,,,
3/4/19,15,10850.7479321564,10543.4861713619,1976.01346770821,49.1269295216013,23419.3737208374,,,,,,
3/4/19,16,10765.6105913837,10652.6492284298,2146.70024215547,49.0269068342429,23613.9872070266,,,,,,
3/4/19,17,11064.7033215605,10806.0299083303,2342.47841134068,50.9573721385996,24264.1682974893,,,,,,
3/4/19,18,11756.6678399623,11364.0377953634,2522.86625704905,54.6337997657439,25698.2031550075,,,,,,
3/4/19,19,12611.7830967392,12192.0157128815,2725.197972155,58.4696392921659,27587.4681716889,,,,,,
3/4/19,20,12560.9515325665,12147.1802943211,2684.27199674596,59.5558660495443,27451.9599158206,,,,,,
3/4/19,21,12177.8046928399,11925.5026115127,2583.86788087167,58.3700817485476,26745.5459063112,,,,,,
3/4/19,22,11525.730766073,11401.054070545,2437.49191915051,54.8021763964457,25419.08025021,,,,,,
3/4/19,23,10692.4892083501,10698.0868058003,2203.70198023963,52.4838378336852,23646.7639027987,,,,,,
3/4/19,24,10124.6662073035,9947.66311125149,2027.67632723556,50.883306697763,22150.8894067579,,,,,,
3/5/19,1,9968.16585193432,9532.26934092744,1919.76049720363,50.504331741092,21470.7009114516,,,,,,
3/5/19,2,9609.22110754845,9231.46526061112,1836.72871272102,50.7952150433302,20728.2110547432,,,,,,
3/5/19,3,9416.03282637518,9051.52301646912,1827.72968252573,52.1230454127476,20347.4084562907,,,,,,
3/5/19,4,9395.28600131567,9114.79066607293,1786.42510810346,54.1380642146257,20350.6400315645,,,,,,
3/5/19,5,9521.48487784257,9409.00975571213,1861.73358328276,59.4821115448375,20851.7098825092,,,,,,
3/5/19,6,9820.82976430635,10167.6217055007,2055.69309851243,66.3595385005271,22110.5021096849,,,,,,
3/5/19,7,10981.7875819675,10987.3285126135,2267.23827336463,72.4206190452602,24308.7734142006,,,,,,
3/5/19,8,11804.8883698894,11212.8161065524,2175.31751862703,72.0807475462319,25265.1029386314,,,,,,
3/5/19,9,11772.5933538657,11060.0534678307,1994.73341720825,70.7858645183829,24898.1669301783,,,,,,
3/5/19,10,11812.177374853,10852.3666837394,1833.9678707297,65.2406534314846,24563.7529060765,,,,,,
3/5/19,11,11988.3054612729,10883.5916693182,1763.70382252313,61.2143383320018,24696.8152099806,,,,,,
3/5/19,12,12037.5017378438,10914.7522751982,1782.27749424575,56.617697659322,24791.1502971899,,,,,,
3/5/19,13,11802.03077637,10793.4852598341,1719.55975136768,54.6030514643654,24369.6781024411,,,,,,
3/5/19,14,11778.0119939195,10962.6136705059,2029.39256770455,51.6625054532151,24821.6822696525,,,,,,
3/5/19,15,11893.4125468089,10999.4426011637,2298.3558898228,51.5178462095882,25242.7309995074,,,,,,
3/5/19,16,11973.0228379615,10629.8946976098,2191.81731283555,53.3268387468153,24848.063437193,,,,,,
3/5/19,17,12127.7713624909,10966.3826698368,2235.86089264945,55.3417884079784,25385.3561367886,,,,,,
3/5/19,18,12491.6613325682,11819.678203666,2600.56904718042,59.4157731522899,26971.3231403523,,,,,,
3/5/19,19,13012.5121377203,12354.7184329273,2755.6184822568,61.6675352733175,28184.516045535,,,,,,
3/5/19,20,12852.867120433,12239.777196795,2697.23057542604,60.8472849100548,27850.7220312908,,,,,,
3/5/19,21,12451.8257765564,12033.2316358026,2599.69173118924,59.5213216174502,27144.2706910865,,,,,,
3/5/19,22,11749.4418878999,11515.3648088478,2417.59882076236,57.0306455500494,25739.4392264814,,,,,,
3/5/19,23,10944.0453384811,10653.8758247311,2197.03528706525,52.0862321640881,23847.045253214,,,,,,
3/5/19,24,10443.4591405326,10024.8597298093,1995.10344121482,51.1262776848283,22514.5501733454,,,,,,
3/6/19,1,9920.170358991,9545.95121964086,1889.23258959267,50.1586798519609,21405.5152854145,,,,,,
3/6/19,2,9600.73651073545,9154.80783592957,1820.61814126891,50.1226810638218,20626.2849081239,,,,,,
3/6/19,3,9410.43502356792,8978.98785745698,1769.44893170546,50.8221106514395,20209.6943676805,,,,,,
3/6/19,4,9377.96018674197,8807.84399365034,1804.03604033606,52.297183880384,20042.1374165902,,,,,,
3/6/19,5,9647.75268318951,9131.17838900443,1794.82680677668,55.0894141740501,20628.8463458843,,,,,,
3/6/19,6,9943.72607927309,9837.1450626643,1954.80069500824,62.9737142344706,21798.6437174102,,,,,,
3/6/19,7,11013.9015679477,10836.1231632325,2173.83870040421,69.7130391960178,24093.5734873534,,,,,,
3/6/19,8,11438.2168471413,11452.027737049,2215.82722389496,72.2863255309849,25178.358338959,,,,,,
3/6/19,9,11230.6552546422,11740.9137899405,2198.74328848587,72.1560333967378,25242.4679743693,,,,,,
3/6/19,10,11025.6694121238,11953.6088255969,2087.22599752013,72.6713380984794,25139.1755236047,,,,,,
3/6/19,11,10894.0516368157,11953.1132070613,2210.62639722495,72.1926461189917,25129.9855894365,,,,,,
3/6/19,12,10699.8279772875,11826.4192005748,2364.17294638106,71.3409918351098,24961.7608997228,,,,,,
3/6/19,13,10519.1716135097,11692.7557788578,2386.85860762526,66.8867726021037,24665.6724435002,,,,,,
3/6/19,14,10469.103286176,11550.2744580081,2334.09823960179,63.9995937472999,24417.4752905928,,,,,,
3/6/19,15,10444.5626162114,11344.8033542306,2218.39532093561,62.4324825201525,24070.1938165166,,,,,,
3/6/19,16,10700.6430717536,11348.7262344638,2313.55778901584,63.5038541327935,24426.4307859951,,,,,,
3/6/19,17,11241.140592724,11487.3619449576,2446.61307477385,66.2022241553933,25241.3179729947,,,,,,
3/6/19,18,12099.0373037373,11968.6022956007,2624.36216517428,69.2424997975968,26761.2426860096,,,,,,
3/6/19,19,12795.51689768,12559.5334970037,2760.53724384365,70.4101864987175,28185.997457404,,,,,,
3/6/19,20,12758.1349092453,12475.2500834298,2747.6189301037,69.0704839895855,28050.0742963538,,,,,,
3/6/19,21,12323.0940117421,12177.7523761808,2653.87891980885,66.8557329691192,27221.5824834931,,,,,,
3/6/19,22,11711.7377648342,11621.9199944345,2458.70076938019,64.1697651505163,25856.5308106292,,,,,,
3/6/19,23,10820.2946139435,10768.5523820251,2192.60275700289,59.9365400724993,23841.3885443336,,,,,,
3/6/19,24,10367.7795697101,10130.9788952704,2004.8128217278,55.4140933404516,22558.9873290515,,,,,,
3/7/19,1,9863.30122401836,9673.73861040293,1884.91872099258,54.604399687684,21476.5637253208,,,,,,
3/7/19,2,9521.45690824904,9291.69768766813,1817.80159217687,54.4762264384537,20685.4330527145,,,,,,
3/7/19,3,9324.83288564594,9051.21735131559,1766.88761409255,55.1328449156533,20198.0708807092,,,,,,
3/7/19,4,9292.56922885127,9007.5930332553,1793.47257300965,56.0288774081654,20149.6634699691,,,,,,
3/7/19,5,9529.89140913033,9254.29878064497,1809.58649870458,60.9317694141204,20654.7079630837,,,,,,
3/7/19,6,9931.90463517677,9968.72442334661,1970.6256378179,67.6714456728439,21938.9230280912,,,,,,
3/7/19,7,11071.5918248806,10778.5971836945,2167.40434763982,73.0383014594981,24090.6309216308,,,,,,
3/7/19,8,11505.7072642831,11015.238897269,2197.0979517197,70.8732292993376,24788.915655582,,,,,,
3/7/19,9,11189.1151367045,10905.3747145909,2136.34671052846,63.9735634712614,24294.8151493899,,,,,,
3/7/19,10,10881.4321736824,10798.728186404,2022.07858652342,59.0060486413077,23761.2447252562,,,,,,
3/7/19,11,10714.9365216602,10705.9531411561,1947.6295080489,56.3571043532258,23424.8763539733,,,,,,
3/7/19,12,10624.3499663397,10595.510342187,1842.14263270737,53.7345839213553,23115.7387806681,,,,,,
3/7/19,13,10631.9879452319,10416.3990110029,1784.89503924975,51.4838185923419,22884.7666012859,,,,,,
3/7/19,14,10775.2350455065,10384.6593599575,1786.26848812175,50.263117685528,22996.4263274007,,,,,,
3/7/19,15,10804.3242756051,10415.0393444497,1924.01806628264,49.1691246022306,23192.5513804014,,,,,,
3/7/19,16,10988.5524149611,10477.974906366,2078.93911164519,50.7778065416432,23596.2428647143,,,,,,
3/7/19,17,11295.7442653438,10715.6543435757,2251.00193143037,53.0209875507251,24315.4202507389,,,,,,
3/7/19,18,11988.2367023859,11395.8733682008,2465.11701086267,56.9519454247991,25906.1776736403,,,,,,
3/7/19,19,12824.0052406301,12268.2929226641,2671.64091394946,63.1606060461815,27827.100206036,,,,,,
3/7/19,20,12795.7090870116,12232.3630472868,2654.16524146235,63.4234046973819,27745.6616638393,,,,,,
3/7/19,21,12450.0299709097,11972.5156185548,2560.95233298504,62.6918654477779,27046.1908997559,,,,,,
3/7/19,22,11869.9684038227,11554.145204431,2400.44279797361,61.2112930968571,25885.7691683771,,,,,,
3/7/19,23,10984.0351733682,10812.5229668131,2173.44776755185,58.8668226516807,24028.8738432226,,,,,,
3/7/19,24,10216.4828832771,10160.9332472163,1986.83962257994,56.5898576306107,22420.8461990419,,,,,,
3/8/19,1,9771.6256611214,9731.06187352861,1893.34952414548,55.9067651044534,21451.9438450788,,,,,,
3/8/19,2,9434.3947794975,9317.14779364256,1816.28006635188,58.8535052548712,20626.6763183044,,,,,,
3/8/19,3,9237.81592011331,9163.93738208992,1765.75421859078,61.1628025190491,20228.670726891,,,,,,
3/8/19,4,9204.26007824657,9291.44201304531,1781.06928450773,63.1886071460513,20339.9570203966,,,,,,
3/8/19,5,9470.20357297071,9502.74931418611,1820.60650315661,67.7817832795597,20861.3399394364,,,,,,
3/8/19,6,10150.977975275,10193.3669226363,1981.96249053965,76.8919000225019,22403.1972290277,,,,,,
3/8/19,7,11208.169843336,10972.7001657361,2197.08103687664,83.0674036268744,24461.0161721229,,,,,,
3/8/19,8,11585.2315603417,11152.6619055176,2241.61621296338,81.3670026529168,25060.8750045099,,,,,,
3/8/19,9,11005.1130582528,11016.8390371679,2111.77637124742,74.9953496341676,24208.7240109961,,,,,,
3/8/19,10,10578.3225898738,10911.9172741272,1933.23563646528,67.0473332016474,23490.5234883677,,,,,,
3/8/19,11,9980.7495326998,10691.4773344079,1836.89973761143,61.1553408124287,22570.2823541443,,,,,,
3/8/19,12,9651.13125634832,10413.7722646664,1650.66354415371,56.9388567081354,21772.5054629256,,,,,,
3/8/19,13,9267.34510846164,10266.5047975408,1667.5842851413,52.4701910846628,21253.9024626455,,,,,,
3/8/19,14,9387.55914238087,10225.4227846566,1690.74609975139,50.7669784550723,21354.4958274312,,,,,,
3/8/19,15,9415.38733434201,10266.1403491588,1730.03335646139,49.2127351777966,21460.7738913103,,,,,,
3/8/19,16,9612.25821724462,10530.9515355906,1833.43242386754,50.0474685144646,22026.6900075748,,,,,,
3/8/19,17,10307.2046880281,10798.5938605265,2086.71328766921,52.6863183339546,23245.1975685121,,,,,,
3/8/19,18,11377.6318814632,11516.9738926036,2410.13755873386,58.383542736758,25363.1241869847,,,,,,
3/8/19,19,12345.5612943046,12449.3922356032,2648.28582748769,65.3174491141892,27508.5562006541,,,,,,
3/8/19,20,12418.0025096243,12447.3897275819,2621.19312435469,66.6581549620176,27553.2442735657,,,,,,
3/8/19,21,12155.6463875272,12271.5017937895,2539.79192765873,67.9526373390184,27034.8936225659,,,,,,
3/8/19,22,11737.3778129377,11791.2316013242,2427.29219032903,67.8081790323712,26023.7103380903,,,,,,
3/8/19,23,11077.3841603194,11116.0596917552,2244.51955810551,67.1314404703234,24505.0956215818,,,,,,
3/8/19,24,10849.1807369391,10451.4485000004,2075.30783251979,66.0992392844817,23442.0368186337,,,,,,
3/9/19,1,10280.3043013604,9902.03628643336,1998.33013912501,66.5524328443374,22247.2240094515,,,,,,
3/9/19,2,9895.26612023157,9630.3935468728,1861.70907209895,67.2871350777898,21454.6559854214,,,,,,
3/9/19,3,9671.55286563083,9355.79989558224,1826.23583150364,69.4771426208203,20923.0660623085,,,,,,
3/9/19,4,9906.13772973536,9171.2079747828,1797.06545928104,72.1885023362593,20946.5995301851,,,,,,
3/9/19,5,9862.73865363493,9301.12899936121,1806.27107556153,77.0232524868913,21047.1616667306,,,,,,
3/9/19,6,10150.0656378331,9554.76475619176,1895.38067679853,83.5226188059317,21683.7332404894,,,,,,
3/9/19,7,10562.8430039571,9679.6037830086,1939.26068475494,89.3476679867797,22271.0547674306,,,,,,
3/9/19,8,10735.4659513495,9675.10642017268,1856.63214026632,84.0821054350316,22351.2868183591,,,,,,
3/9/19,9,10460.8368164278,9684.91339833193,1875.24984997366,76.2543799122773,22097.2545732856,,,,,,
3/9/19,10,10598.5775099924,9490.62516563191,1780.89773647552,68.1677104797542,21938.2672322704,,,,,,
3/9/19,11,10604.9127173556,9384.37172197938,1859.31437186882,61.3649379443114,21909.9647275383,,,,,,
3/9/19,12,10380.3466543195,9141.76238618057,1849.01972172702,56.0677583613725,21427.1972039513,,,,,,
3/9/19,13,10050.035908962,8941.56627345429,1686.84772094235,52.287376583106,20730.7377511384,,,,,,
3/9/19,14,10068.5192600838,8825.89611081239,1634.08810725565,49.9190372960626,20578.4222811522,,,,,,
3/9/19,15,10258.8331006073,8978.68149133338,1708.93806259326,49.817519470618,20996.2699676586,,,,,,
3/9/19,16,10577.3219270995,9205.39404939276,1775.57344165656,51.2795977878269,21609.5677127859,,,,,,
3/9/19,17,10675.8353411364,9639.1275682004,1941.09367143075,54.065925055687,22310.1227410186,,,,,,
3/9/19,18,11334.4167363187,10482.947349208,2251.47258439909,61.0560845147445,24129.8906107896,,,,,,
3/9/19,19,12039.4811701294,11512.1307474977,2520.04600834197,66.9807352837977,26138.6372463252,,,,,,
3/9/19,20,11976.406816398,11484.8536540467,2498.55405303469,67.7894157421777,26027.6038004587,,,,,,
3/9/19,21,11693.892634953,11308.2206816661,2430.78100983612,67.6609194372009,25500.5543721706,,,,,,
3/9/19,22,11286.125134689,11063.1673828564,2323.12095697212,65.7522212803704,24738.1661016321,,,,,,
3/9/19,23,10716.4126608999,10537.1455231358,2163.80176376595,63.7039090820969,23481.063912942,,,,,,
3/9/19,24,10084.2131044346,9960.81683330467,2003.97583824566,62.130758615454,22111.1372375586,,,,,,
3/10/19,1,9988.68303857939,9508.82508740741,1944.02867738322,61.723384636755,21503.2613593599,,,,,,
3/10/19,2,9567.78718344245,9146.01865239854,1847.88122770009,61.5681881752053,20623.2556602509,,,,,,
3/10/19,3,9488.55171965858,9059.82162988417,1817.67500066872,62.0439751429596,20428.0927500979,Note: The hourly load value at hour ending (HE) 3:00 AM on 03/10/2019 is the average of both values at HE 2:00 AM and HE 4:00 AM on 03/10/2019 to address DST.,,,,,
3/10/19,4,9409.31625587471,8973.62460736979,1787.46877363734,62.519762110714,20232.9298399449,,,,,,
3/10/19,5,8943.533914034,8923.78550463852,1785.48330337503,64.2872367888423,19717.0908998128,,,,,,
3/10/19,6,9071.37283810497,9051.31937408634,1814.53887753193,66.8195360127713,20004.0510692552,,,,,,
3/10/19,7,9371.92865955939,9338.87893194894,1907.61875991568,73.5932327403102,20692.0189461129,,,,,,
3/10/19,8,9713.14789121026,9460.8075531765,1910.2238478693,78.2885557831087,21162.4680310235,,,,,,
3/10/19,9,9809.680632102,9517.73869053324,1895.9694824088,79.8813751922841,21303.2707533224,,,,,,
3/10/19,10,9629.02796738462,9462.45908691306,1850.5540058834,76.4637742338824,21018.5054884158,,,,,,
3/10/19,11,9156.91889091211,9123.44170162648,1763.65177194831,73.4453555212965,20117.4586496311,,,,,,
3/10/19,12,9072.90195600638,8919.22396640494,1807.31202126469,68.2214428901354,19867.6596507755,,,,,,
3/10/19,13,9016.52180911065,8807.24357149793,1623.67630469021,63.3221195749125,19510.7642891282,,,,,,
3/10/19,14,8917.7958312983,8673.65387643412,1508.04967856212,58.0554218939318,19157.5542367157,,,,,,
3/10/19,15,8876.74981303942,8592.31211949152,1569.97110174595,57.017622881716,19096.0513977217,,,,,,
3/10/19,16,9082.76772898643,8718.83996615435,1661.83100102994,57.6485876681688,19521.0868148997,,,,,,
3/10/19,17,9207.72252951831,9028.03896102519,1737.52832501932,57.9081995143741,20031.1979682861,,,,,,
3/10/19,18,10059.0724901973,9659.9214621338,2020.05886773786,58.9641317840931,21798.0146430511,,,,,,
3/10/19,19,10939.2644258209,10480.786202729,2274.42724310194,63.496937070288,23757.9729233612,,,,,,
3/10/19,20,11741.3167191157,11443.6001638256,2537.59228481829,67.8140282244691,25790.3205532234,,,,,,
3/10/19,21,11876.2117908907,11467.5382209771,2513.91061404589,67.5179395301388,25925.1782616439,,,,,,
3/10/19,22,11486.35644077,11147.984906378,2415.95148243454,66.8375154309514,25117.1310014451,,,,,,
3/10/19,23,10784.4302592919,10566.9478562694,2229.80855884106,65.6497663689805,23646.8373894954,,,,,,
3/10/19,24,10145.5289257587,9918.73624081845,2042.09863082593,63.6859600085829,22170.0499983866,,,,,,
3/11/19,1,9782.42962541662,9451.77668908254,1938.8053045001,63.1260878874751,21236.1381776652,,,,,,
3/11/19,2,9435.49085332943,9121.27912739395,1844.23712955061,63.8346414449372,20464.8419998822,,,,,,
3/11/19,3,9278.18343564426,8949.67532227709,1794.53339994225,65.5390869228823,20087.9308141884,,,,,,
3/11/19,4,9291.04867924599,9025.27502730379,1798.6584839749,67.9854253646814,20182.9678986959,,,,,,
3/11/19,5,9439.86223250632,9288.50795675599,1879.41655358742,72.7900067062383,20680.5759354214,,,,,,
3/11/19,6,9944.36797127284,10031.4352500068,2028.54834849406,80.377024550901,22084.7264329739,,,,,,
3/11/19,7,11181.0364954892,11229.0509841759,2328.76180424628,89.0923313650988,24827.9392098744,,,,,,
3/11/19,8,12178.4785998623,11877.9885681864,2496.46178727059,93.1172392967901,26646.044411956,,,,,,
3/11/19,9,11900.3127280922,11920.5948001517,2468.55063263135,86.3357799513609,26375.7942840414,,,,,,
3/11/19,10,11215.1438643976,11801.3289026112,2451.99175246787,78.5785408655863,25547.0443676465,,,,,,
3/11/19,11,10376.9558252279,11714.6667797622,2418.90597996442,71.8676940596832,24582.3973140396,,,,,,
3/11/19,12,10016.914003946,11651.7184189389,2385.77797416619,64.3374182482854,24118.7476277938,,,,,,
3/11/19,13,9596.39301619672,11360.3306873258,2305.32238755305,59.8944279537351,23321.9417734571,,,,,,
3/11/19,14,9400.85395497745,11274.6192105706,2324.27542543314,57.671456970694,23057.4210805584,,,,,,
3/11/19,15,9306.85172248087,11110.2047191797,2363.92667870557,57.571143554743,22838.5545308398,,,,,,
3/11/19,16,9440.69798157504,11144.3995125167,2400.54863913044,55.7297754501692,23041.3758905769,,,,,,
3/11/19,17,9417.20337243305,11304.9111861479,2480.36489106542,55.8892111713438,23258.3687886949,,,,,,
3/11/19,18,10238.3483994215,11618.6302074087,2667.73975195485,57.1186102852719,24581.8366867476,,,,,,
3/11/19,19,11232.4063919499,12120.329021758,2787.88641539481,60.7319539096259,26201.3500036003,,,,,,
3/11/19,20,12080.6731352841,12629.7458874906,2839.68414961919,64.8604916518852,27614.963210301,,,,,,
3/11/19,21,12151.4851846434,12401.2212045561,2730.96072610799,64.1674793698546,27347.8343516108,,,,,,
3/11/19,22,11623.7066487457,11863.3282484062,2563.50208542825,61.3912636056704,26111.9310543284,,,,,,
3/11/19,23,10817.1858820167,11119.7261844798,2297.94557124555,57.3936429765222,24292.253199026,,,,,,
3/11/19,24,10234.8109793158,10454.6078530366,2079.03602358523,53.9226854599921,22822.3778261224,,,,,,
3/12/19,1,9942.1675508733,9923.54446931903,1952.40805068429,53.2860748992487,21871.4074321826,,,,,,
3/12/19,2,9588.23788020572,9479.41707203059,1873.28073612403,53.3139807035738,20994.2504225558,,,,,,
3/12/19,3,9371.71581222027,9145.65392646853,1803.78995837655,53.9823393087463,20375.1422879121,,,,,,
3/12/19,4,9346.50144330515,9014.91056913157,1790.481084199,55.2634943331536,20207.1571736505,,,,,,
3/12/19,5,9584.65284260675,9251.08196032233,1853.77779858639,60.4708988370147,20749.9825910662,,,,,,
3/12/19,6,9873.587470114,9990.78019513961,2018.65276468035,65.412845420775,21948.4317394706,,,,,,
3/12/19,7,10985.1447943349,11134.9867725557,2307.35086268611,73.4033875758143,24500.8827278443,,,,,,
3/12/19,8,11835.2560433709,11654.0823576835,2454.36586352247,76.5618314831471,26020.2645927001,,,,,,
3/12/19,9,11452.7377957436,11319.1800858268,2424.73914110517,74.6316237219262,25271.2897957583,,,,,,
3/12/19,10,10786.9166882021,10929.5240957176,2200.62134392779,67.4599817993263,23984.5236626256,,,,,,
3/12/19,11,10562.8336693944,10584.7195031683,1958.38752528233,61.3530105468397,23167.2940722437,,,,,,
3/12/19,12,10498.3919547312,10166.3554150707,1812.1206340274,57.2539307383483,22534.1220252985,,,,,,
3/12/19,13,10162.8401673888,9934.11284033193,1762.44124222001,54.459369737971,21913.8566434671,,,,,,
3/12/19,14,9968.74029256283,9961.48798067568,1705.3940434884,52.3745667239236,21687.9980387585,,,,,,
3/12/19,15,9809.95549955436,9865.79556161317,1664.49226010249,50.0888815574482,21390.3321708455,,,,,,
3/12/19,16,9888.69719094933,10092.1767904506,1780.20966788481,49.1029649381152,21810.1847771068,,,,,,
3/12/19,17,10071.0286156562,10159.9429958119,1915.17243796022,50.3833780508079,22196.526914836,,,,,,
3/12/19,18,10491.4788614272,10621.7268422843,2116.8365759874,51.8480957216406,23281.8884986195,,,,,,
3/12/19,19,11400.9819501139,11240.0425476238,2389.57947858355,54.5387263415063,25085.1421425398,,,,,,
3/12/19,20,12322.4427717648,12184.9509790854,2614.79667106592,59.7438492512267,27181.9340281133,,,,,,
3/12/19,21,12422.449492671,12177.8634518339,2573.13015865699,59.4877883822545,27232.9314715032,,,,,,
3/12/19,22,11902.6569171363,11834.2991170872,2435.68088952726,58.4073801875936,26231.0450676425,,,,,,
3/12/19,23,11204.9541116738,11117.8249570289,2217.89615857113,54.8914244961856,24595.5679560101,,,,,,
3/12/19,24,10612.8415170362,10359.6271456858,2008.54128506869,54.6934790598809,23035.7044090565,,,,,,
3/13/19,1,10036.0957011247,9791.91099983028,1891.18465621949,54.5008778014306,21773.6923612194,,,,,,
3/13/19,2,9604.54600354963,9265.08752469576,1808.85786285596,56.5880633825536,20735.0790754919,,,,,,
3/13/19,3,9318.75321536856,9019.07683325296,1752.16107402058,61.0491567261077,20151.0406177466,,,,,,
3/13/19,4,9246.47773550742,8881.49350598221,1738.17367087217,64.1880297105124,19930.3330683687,,,,,,
3/13/19,5,9267.60040900584,8982.2712754494,1799.60608573393,69.6015375848605,20119.0796568462,,,,,,
3/13/19,6,9641.19466921698,9450.45353882363,1964.52313322662,78.6228235582232,21134.7911200841,,,,,,
3/13/19,7,10929.9731638329,10510.36459745,2253.42326427041,87.7118883210659,23781.4694274942,,,,,,
3/13/19,8,11841.168997941,10892.2207575847,2378.7217648151,92.4876458975066,25204.5999277922,,,,,,
3/13/19,9,11370.190099128,10558.258980689,2275.60658383863,89.3182024400215,24293.3741104446,,,,,,
3/13/19,10,10894.9417480758,10033.392104768,2111.30006771068,86.5974821790611,23126.2318138365,,,,,,
3/13/19,11,10456.2220773154,9721.79859287755,1893.68161120242,81.4070658008038,22153.1091115425,,,,,,
3/13/19,12,9864.7247408912,9491.96489202214,1741.74805564805,77.1259583469838,21175.5632504757,,,,,,
3/13/19,13,9421.86383940161,9340.16469590846,1642.58448277365,74.1302403482531,20478.7438545023,,,,,,
3/13/19,14,9262.3969383944,9315.00464387199,1581.19932350054,70.4222251181968,20229.0234431304,,,,,,
3/13/19,15,9211.76889761964,9197.29542228387,1585.28953963148,66.5255098014763,20060.8772780335,,,,,,
3/13/19,16,9353.94393219,9271.56607572038,1691.26941239832,65.4862744615581,20382.2658421108,,,,,,
3/13/19,17,9379.49347396775,9553.45956264518,1833.60312414552,65.7947359182661,20832.3504804866,,,,,,
3/13/19,18,9841.7883915417,10034.5817683361,2080.51993078706,67.8842342271518,22024.773333391,,,,,,
3/13/19,19,10760.0841034337,10684.1833418092,2362.8524722682,73.7831960800974,23880.9008309204,,,,,,
3/13/19,20,11787.7715993016,11629.5761102773,2612.19003020336,82.2465691707434,26111.7830960841,,,,,,
3/13/19,21,11962.9631949885,11776.4911378215,2552.69504250135,81.7886569186426,26373.9370576358,,,,,,
3/13/19,22,11596.6433630031,11560.4316222652,2417.75672667917,79.9074965999429,25654.7415442199,,,,,,
3/13/19,23,10772.3160168632,10913.7057256967,2210.54393820904,77.1273991207449,23973.6948717027,,,,,,
3/13/19,24,10031.6119062267,10232.9258690209,2019.4791539035,75.6640006123637,22359.6818610927,,,,,,
3/14/19,1,9513.57109130462,9701.86275766191,1887.83602900145,75.154759677249,21178.4238282221,,,,,,
3/14/19,2,9165.65087137941,9359.30659473467,1811.46101623846,75.076845929888,20411.4960092028,,,,,,
3/14/19,3,8998.95166982173,9105.444589489,1768.82426827002,76.5281011166001,19949.7489095249,,,,,,
3/14/19,4,9026.68454954861,9087.02647270895,1761.86532295441,78.5265070411428,19954.1024668871,,,,,,
3/14/19,5,9325.76044363787,9323.02866326501,1824.4664841384,82.333451132793,20555.5885583459,,,,,,
3/14/19,6,10084.6847411148,10123.4012891778,2011.53400297541,90.2784145316982,22309.8967543297,,,,,,
3/14/19,7,11400.6771407603,11272.6792194995,2307.69832668979,98.8055106946163,25079.856113602,,,,,,
3/14/19,8,12291.9181217445,11739.9998329911,2410.59967582373,100.430287150546,26542.947724724,,,,,,
3/14/19,9,11694.3749498537,11329.7895907992,2203.25839025567,95.5283779981483,25322.9532551543,,,,,,
3/14/19,10,10882.7132017418,10765.298989233,1970.26600758091,88.3813135692681,23706.6624555185,,,,,,
3/14/19,11,10440.6471608179,10428.1139379241,1803.23793256674,81.6787158325197,22753.678473368,,,,,,
3/14/19,12,10178.5646257924,10166.5971920306,1666.21758084976,75.5658970237379,22086.946508763,,,,,,
3/14/19,13,9784.80617385043,9982.08502773071,1592.65962704452,68.6092785414983,21428.159700174,,,,,,
3/14/19,14,9601.03066808119,9862.09087795436,1664.83542565814,65.6692802918015,21193.626267907,,,,,,
3/14/19,15,9529.86715609141,9848.85019678824,1723.05686972907,61.8684628911662,21163.6421238059,,,,,,
3/14/19,16,9684.16281093379,9960.44433576284,1807.97758227502,59.26803226855,21511.8521722481,,,,,,
3/14/19,17,9745.98018152975,10160.4232422865,1974.01836521092,57.8906476381972,21938.3117784832,,,,,,
3/14/19,18,10059.6200820841,10500.8027579872,2178.3112026703,59.5037013288228,22798.2374256665,,,,,,
3/14/19,19,10942.9086164009,11102.3791242514,2436.79007649444,64.3472595818822,24546.4234306364,,,,,,
3/14/19,20,11837.4694408912,12035.1668024595,2654.90159820504,71.2480285781495,26598.784124785,,,,,,
3/14/19,21,11984.0866157911,11969.6536155014,2602.3795911261,71.9128305442996,26628.0330784481,,,,,,
3/14/19,22,11511.7117714437,11546.1214590067,2451.63829551598,70.8087527207215,25580.2815752368,,,,,,
3/14/19,23,10677.094011813,10788.5521080656,2194.43226183395,68.0225925439196,23728.1020173202,,,,,,
3/14/19,24,10029.2055999949,10073.1465476812,1995.68162888206,66.9460190271857,22164.9807079884,,,,,,
3/15/19,1,9481.41252728067,9536.61460752757,1883.95833438493,67.1985704903108,20969.1845528739,,,,,,
3/15/19,2,9132.94015465851,9272.5520108675,1820.76755758287,69.3302566698606,20295.5896176861,,,,,,
3/15/19,3,8921.04690543538,9033.01071825277,1772.22956108611,73.9333215024188,19800.2210160045,,,,,,
3/15/19,4,8885.10453039209,8768.53062643997,1746.88255952046,76.5796441254804,19477.0976187436,,,,,,
3/15/19,5,9058.29090981784,8876.27879234046,1805.37925709177,80.975627232979,19820.92359368,,,,,,
3/15/19,6,9667.32986406291,9322.24810743401,1970.69395588072,87.9525710905038,21048.2224797709,,,,,,
3/15/19,7,10868.491995252,10449.0719679304,2254.99034687085,96.9633952336552,23669.5159415571,,,,,,
3/15/19,8,11726.4546706994,10809.9613036774,2359.04816226211,98.8234368674239,24994.2874755737,,,,,,
3/15/19,9,11304.6392147414,10664.1587626682,2307.33084137084,89.1258677364617,24365.2563438301,,,,,,
3/15/19,10,10844.839574729,10123.6871162383,2090.29798632493,78.8717073274089,23137.6978780996,,,,,,
3/15/19,11,10461.9336461931,9791.69006671801,1918.54514259966,68.4810619045571,22240.6513444157,,,,,,
3/15/19,12,9967.44999927326,9440.80746464912,1871.57355937242,61.0807884487924,21340.9119815046,,,,,,
3/15/19,13,9578.57078406495,9164.65809048608,1784.52921889256,56.8528924026096,20584.6113060186,,,,,,
3/15/19,14,9424.49233391156,9118.93954100238,1810.61043646148,52.3548915563965,20406.3978896368,,,,,,
3/15/19,15,9389.64373661174,9142.4126384955,1784.74967805997,49.1335644695559,20365.9393129601,,,,,,
3/15/19,16,9527.28994551724,9283.91024622257,1849.86644926906,48.5628703620948,20709.6280960301,,,,,,
3/15/19,17,9574.98652795528,9523.23963104035,1983.57767917887,49.1259797871971,21130.9290983278,,,,,,
3/15/19,18,9901.59830789129,9962.00910799623,2100.93292832231,50.7274914220451,22015.2672514576,,,,,,
3/15/19,19,10587.4624767318,10424.1888385507,2284.15836337593,53.3088934941835,23349.1157547266,,,,,,
3/15/19,20,11415.0793810844,11302.8463736646,2500.19385740323,59.2883464463696,25277.4065075562,,,,,,
3/15/19,21,11495.4403106641,11355.3179957397,2445.65928083989,60.3419050579454,25356.7606333961,,,,,,
3/15/19,22,11153.9340396643,11102.984893832,2356.12808218755,59.947465941653,24672.9948980252,,,,,,
3/15/19,23,10538.5502766064,10591.3803206034,2178.27487695329,59.0158339838862,23367.2224844186,,,,,,
3/15/19,24,9900.83801736864,10059.1607656292,1985.9697029485,59.047311394622,22005.0179653598,,,,,,
3/16/19,1,9589.37993828848,9445.20305957697,1872.62972977749,60.3541184086302,20967.5677071592,,,,,,
3/16/19,2,9400.72853253681,9040.43284156648,1778.93941951891,61.8302549706257,20281.931356917,,,,,,
3/16/19,3,9185.87223670979,8769.68988668103,1723.31358152294,63.7576020419548,19742.6332280699,,,,,,
3/16/19,4,9116.82083145396,8600.23295333567,1700.47390457364,66.9617391132064,19484.4892597882,,,,,,
3/16/19,5,9181.61903686461,8613.87943325388,1718.97313349471,72.1149298891706,19586.5859151682,,,,,,
3/16/19,6,9394.37531324009,8935.88960861015,1791.51138976157,78.693601748659,20200.4697041445,,,,,,
3/16/19,7,9995.01379142715,9410.34129655343,1925.18083969992,85.9802572460176,21416.5150883543,,,,,,
3/16/19,8,10434.2957542021,9455.45634593195,1968.45516657536,89.7734813620271,21947.9795156442,,,,,,
3/16/19,9,10315.4904104761,9271.60456829319,1908.80391486783,81.7370444153227,21577.636597638,,,,,,
3/16/19,10,9951.94003498359,8968.07944471681,1802.11505274517,71.6025072606645,20793.7376015913,,,,,,
3/16/19,11,9681.50341043546,8754.25611887294,1659.21271759386,62.0344475958505,20157.0077945365,,,,,,
3/16/19,12,9230.49442867991,8637.68770392704,1553.33544253313,54.2944869997627,19475.8124402472,,,,,,
3/16/19,13,8906.64837170173,8522.78046489355,1472.2022906981,50.5586316167803,18952.1893761399,,,,,,
3/16/19,14,8711.22811715852,8604.9670955978,1440.55861865152,47.6256291569112,18804.3796471276,,,,,,
3/16/19,15,8701.91288448717,8653.15595942279,1486.90046338565,46.2474699129544,18888.2158100756,,,,,,
3/16/19,16,8921.60330509537,8923.83187466255,1581.73064495854,46.05061109705,19473.2157185029,,,,,,
3/16/19,17,9085.39903384921,9293.03562847419,1771.64445423156,46.8106625270996,20196.8895279527,,,,,,
3/16/19,18,9581.8878175889,9775.71687143388,2009.51009607574,48.5768401558171,21415.692685153,,,,,,
3/16/19,19,10370.1954429377,10447.245386669,2309.88265934019,50.680959814123,23178.0028075349,,,,,,
3/16/19,20,11098.2795234665,11149.6073588744,2500.47047176914,54.1283179537027,24802.4842383582,,,,,,
3/16/19,21,11206.4133534066,11067.7510009998,2351.37295782636,53.9409205230762,24679.4783698787,,,,,,
3/16/19,22,10852.1192696539,10716.6794988729,2256.77294787566,53.1614166672534,23878.7351784086,,,,,,
3/16/19,23,10287.84571272,10168.5961911603,2103.460247055,51.5941766104376,22611.4982436025,,,,,,
3/16/19,24,9663.41216466459,9550.98209072165,1921.78668394624,50.503067054139,21186.6853457117,,,,,,
3/17/19,1,9167.87548034437,9102.09292582507,1812.92312982432,50.5650291881073,20133.4576991345,,,,,,
3/17/19,2,9125.78934934516,8741.89662809904,1731.02551304561,51.229582642349,19649.9424054638,,,,,,
3/17/19,3,8916.23260435583,8488.00170332547,1671.51343196408,53.2239770415364,19128.9715230075,,,,,,
3/17/19,4,8830.35442827789,8354.45283511805,1639.34309027587,55.5445358976556,18879.6947693108,,,,,,
3/17/19,5,8834.78897915074,8361.0321173865,1656.32312209827,60.6379922806354,18912.7811993041,,,,,,
3/17/19,6,9000.17496761502,8446.79766660985,1696.87423530074,66.1925670963532,19210.0369039376,,,,,,
3/17/19,7,9432.13063566186,8745.17699888695,1789.80817706711,73.9996037032852,20041.1147872075,,,,,,
3/17/19,8,9387.62089541864,8714.92133684805,1804.53732068823,77.4023849469602,19984.4815484144,,,,,,
3/17/19,9,9570.86456570731,8569.68523912955,1724.20059044288,70.7092750308546,19935.4593453479,,,,,,
3/17/19,10,9163.74231751807,8408.38186371412,1676.84755186604,63.2222134376002,19312.1945028212,,,,,,
3/17/19,11,8674.09145595467,8258.08720783356,1538.10409685112,56.0340953585448,18526.3171998273,,,,,,
3/17/19,12,8298.58268009526,8213.86225041354,1464.50051035635,50.5334866658891,18027.4792955798,,,,,,
3/17/19,13,8045.466662498,8254.9370475391,1440.37339366368,48.5081301049224,17789.2853055374,,,,,,
3/17/19,14,7979.08314375341,8305.69708883687,1422.23854476263,46.83636874493,17753.8552445138,,,,,,
3/17/19,15,8105.73547626037,8532.34511722273,1477.1141314273,45.9786833412052,18161.1726944067,,,,,,
3/17/19,16,8440.35970685502,8888.86341984172,1601.80545815349,45.9405542758932,18976.9684122241,,,,,,
3/17/19,17,8612.35872325139,9304.88381843787,1810.80472556133,47.3305119029098,19775.3775588364,,,,,,
3/17/19,18,9456.44222381882,9969.04770005923,2075.07155131188,49.1235773314863,21549.6841507888,,,,,,
3/17/19,19,10413.7110016634,10642.450261913,2364.09717194812,51.1439914732315,23471.4005220316,,,,,,
3/17/19,20,11268.2082016318,11306.4614469441,2592.95471024954,54.5616669997931,25222.184183791,,,,,,
3/17/19,21,11398.3152363434,11238.5186590994,2549.15324945802,53.8695498093026,25239.8575374462,,,,,,
3/17/19,22,10968.4520366157,10759.2125545237,2376.40551042097,51.529116232235,24155.5999095915,,,,,,
3/17/19,23,10176.288450639,10132.4372227888,2100.68495670809,48.6583330632654,22458.0701337452,,,,,,
3/17/19,24,9411.34664217604,9412.56106494303,1895.41802684607,46.1543832933761,20765.4813827789,,,,,,
3/18/19,1,9195.36794561155,9011.86512210427,1809.86719121646,44.6238224230149,20061.7245445094,,,,,,
3/18/19,2,8949.93021908844,8675.27403289943,1721.16020268207,45.5220508294614,19391.8862537243,,,,,,
3/18/19,3,8801.59742156031,8537.15859225702,1662.84472712302,47.6782864299532,19049.2792728156,,,,,,
3/18/19,4,8804.46945344319,8509.89072100703,1655.96502999517,50.0012786702569,19020.3253645673,,,,,,
3/18/19,5,8733.07842715377,8698.20893851463,1713.49499595563,54.5523297618496,19199.3340960647,,,,,,
3/18/19,6,9267.16422719412,9371.36204801729,1869.29233782721,63.1036638495501,20570.9194262359,,,,,,
3/18/19,7,10457.0684296833,10439.4524320124,2145.48545647061,72.7524734325781,23114.7574151524,,,,,,
3/18/19,8,11210.4546027784,10788.1422586176,2218.67158180255,76.500140931297,24293.7685058699,,,,,,
3/18/19,9,10888.079495126,10722.7744946532,2150.98626781996,69.443373423581,23831.2833087933,,,,,,
3/18/19,10,10488.6211934514,10525.4255478649,2000.53722769032,63.8915778533379,23078.4771039248,,,,,,
3/18/19,11,10348.3154673193,10477.1170306661,1891.10005186104,58.6670175268136,22775.1996535842,,,,,,
3/18/19,12,9992.11691406183,10452.8063520199,1814.15980382629,54.8137106644605,22313.8970914929,,,,,,
3/18/19,13,9760.30414032915,10470.4527879992,1751.64780786512,53.1036707255307,22035.5087578249,,,,,,
3/18/19,14,9418.55171407293,10542.5662917072,1762.53705463123,51.9429081732696,21775.5984097544,,,,,,
3/18/19,15,9461.68227579484,10758.3080204005,1830.77790765213,50.9173713537432,22101.6841614167,,,,,,
3/18/19,16,9657.80158811271,10998.1202472872,1870.58619376779,50.748564523279,22577.2571410525,,,,,,
3/18/19,17,10073.8821696287,11197.7034634613,2006.86151957532,50.9054190573062,23329.3518935446,,,,,,
3/18/19,18,10811.6032499279,11476.7935572086,2256.09901663405,52.3149947937064,24596.8103031642,,,,,,
3/18/19,19,11467.1636937108,11870.6743747169,2541.04308833869,53.0640280174826,25931.9444369819,,,,,,
3/18/19,20,12103.3400214355,12374.097870187,2646.79595171439,56.5998563713512,27180.8325241204,,,,,,
3/18/19,21,12014.6341155124,12105.0276183171,2528.75723683826,55.4480219435891,26703.8676088132,,,,,,
3/18/19,22,11357.4208258381,11569.7756252178,2364.82085856226,52.109371111145,25344.1275966118,,,,,,
3/18/19,23,10407.1991116706,10741.2056331299,2140.89048162689,48.7444440549986,23338.0409239501,,,,,,
3/18/19,24,9622.76635419692,9987.84047185424,1932.4712954364,46.041117414532,21589.1203243671,,,,,,
3/19/19,1,9255.94851379116,9396.88513934248,1833.8913386495,45.0198614424009,20531.7441142493,,,,,,
3/19/19,2,8900.28909556398,9047.58335326228,1767.36250785061,44.8352851085072,19760.0721658338,,,,,,
3/19/19,3,8708.53310987739,8795.37151154867,1702.83202868408,46.2051746019444,19252.9425700531,,,,,,
3/19/19,4,8644.67829643334,8736.76928601946,1678.81899557274,48.1014241419558,19108.3684245952,,,,,,
3/19/19,5,8855.82933498734,8961.4467601003,1733.33976242749,52.4999280457473,19603.1147628894,,,,,,
3/19/19,6,9498.63523349539,9626.6469734936,1882.67499707281,60.1811905309041,21068.1363263456,,,,,,
3/19/19,7,10645.0051426359,10624.7657971561,2166.66647283212,68.6153942727846,23505.0506628982,,,,,,
3/19/19,8,11415.8835230908,10967.7527133692,2242.99629451997,71.2639435422975,24697.8957708008,,,,,,
3/19/19,9,11252.4345702004,10903.5232885686,2218.61025142294,67.2194718486022,24441.7868311131,,,,,,
3/19/19,10,10837.8168050307,10695.5656488934,2078.39325398369,63.5005950261944,23675.2761737535,,,,,,
3/19/19,11,10561.0861715988,10596.3258831185,1823.02094045499,58.369384667896,23038.8023213867,,,,,,
3/19/19,12,10345.9787050308,10470.6207941479,1638.99447221733,54.0417668999185,22509.636126142,,,,,,
3/19/19,13,10123.8610263025,10572.3313169382,1584.80203797973,52.4257259436866,22333.4203199486,,,,,,
3/19/19,14,10239.0902387814,10592.6903615083,1555.7789384616,51.7353144729213,22439.2947691597,,,,,,
3/19/19,15,10489.0054458508,10508.2542664063,1627.61913066506,51.0268218776812,22675.905747208,,,,,,
3/19/19,16,10724.113715258,10758.9954409576,1784.73732511347,51.0580053665088,23318.9045788628,,,,,,
3/19/19,17,10889.8341246727,10871.2632363155,1884.18509592665,51.7480267743105,23697.0300287368,,,,,,
3/19/19,18,11317.7939090315,11170.4140617804,2178.92911771654,52.3852153666206,24719.5208435011,,,,,,
3/19/19,19,11697.5528895539,11422.0787078905,2422.32134485809,54.0267827969496,25595.979536092,,,,,,
3/19/19,20,12233.2819603598,11975.8244554293,2588.62713663014,57.8680625142336,26855.6012854385,,,,,,
3/19/19,21,12137.2399736506,11830.4442751665,2533.16785945121,56.6996330909491,26557.5522386492,,,,,,
3/19/19,22,11514.8934429017,11307.7308983929,2371.73126094622,52.3715441011891,25246.7278114264,,,,,,
3/19/19,23,10647.6710926049,10415.275663716,2146.99896290747,48.6780917087362,23258.6257346407,,,,,,
3/19/19,24,9908.29124182046,9754.24524462564,1967.29394528917,46.005885432383,21675.8377492846,,,,,,
3/20/19,1,9375.95550320882,9287.20807808503,1850.91255443561,44.1426474233785,20558.2188871668,,,,,,
3/20/19,2,9002.05541091173,8895.4278681423,1761.1060440487,43.2885322865691,19701.8781321338,,,,,,
3/20/19,3,8778.47315345431,8660.82827740688,1705.63404099808,42.6487760106182,19187.5843060004,,,,,,
3/20/19,4,8744.46992126956,8591.51975942381,1685.98112504371,43.9380543314938,19065.9090306169,,,,,,
3/20/19,5,8963.64845841628,8805.19973937496,1747.19619783924,46.3983931841561,19562.4429160864,,,,,,
3/20/19,6,9608.35616932718,9497.30755002531,1887.35700237767,50.6310473099426,21043.6512480758,,,,,,
3/20/19,7,10751.8366563145,10622.4289977277,2171.08367536127,58.9056605141269,23604.253674317,,,,,,
3/20/19,8,11622.6430918584,11074.8619521624,2293.96092770057,61.9332594746812,25053.3986040383,,,,,,
3/20/19,9,11564.9609555295,11133.3234015108,2346.05343283811,62.8954024702964,25107.2345336073,,,,,,
3/20/19,10,11322.861742891,11039.651967671,2256.87384258297,63.441393127008,24682.8293824384,,,,,,
3/20/19,11,10854.7598585728,10890.5768219919,2039.61376225737,64.2770147691759,23849.2270369047,,,,,,
3/20/19,12,10396.1363198893,10696.5533777038,2008.94626907229,64.4685129768149,23166.1042939215,,,,,,
3/20/19,13,10177.6619833372,10707.1629873946,2008.72461597793,66.8024894639902,22960.3529753631,,,,,,
3/20/19,14,10028.9807234907,10825.1823402164,2097.00775884881,66.6011531797557,23017.7712119559,,,,,,
3/20/19,15,9897.00022356203,10865.2746477129,2200.78981940807,62.1720397666973,23025.236358913,,,,,,
3/20/19,16,9913.20214954317,10820.9856527711,2049.31704424482,62.4929025444033,22845.9987094253,,,,,,
3/20/19,17,10154.0403792675,10861.0094029431,2008.94298833544,64.028756843411,23088.0215085664,,,,,,
3/20/19,18,10620.0151722765,10943.5023267512,2252.78030073705,64.1445138436657,23880.4423980842,,,,,,
3/20/19,19,11283.3357954801,11105.9504928456,2427.95894919592,64.5347787498077,24881.7783619951,,,,,,
3/20/19,20,12022.2803006743,11699.7658501381,2604.97089324909,68.4204773785636,26395.436546604,,,,,,
3/20/19,21,12071.6703247075,11506.9259038999,2549.50562229572,68.8047910736335,26196.9070309403,,,,,,
3/20/19,22,11588.9305227844,11047.46353752,2398.94597824991,64.7499227592251,25100.0091951723,,,,,,
3/20/19,23,10736.1647615895,10324.82159812,2185.63830156669,60.8402237655486,23307.4658530432,,,,,,
3/20/19,24,9953.3751979284,9680.16959319481,1983.68939790299,57.6367801443718,21674.8721597499,,,,,,
3/21/19,1,9384.22320022135,9233.02074466829,1873.01020683884,55.0422030119383,20545.2962022822,,,,,,
3/21/19,2,9058.3219607017,8962.15418164323,1830.09401593133,53.7341897643389,19904.3055486734,,,,,,
3/21/19,3,8880.49866586345,8748.48688712454,1779.05733018146,54.1632561344009,19462.2070426657,,,,,,
3/21/19,4,8850.70612150164,8715.61672872565,1756.9417460223,55.4712784062991,19378.7349968266,,,,,,
3/21/19,5,9091.63847109176,8965.02791423156,1810.24477722748,60.6672787501317,19927.5762458537,,,,,,
3/21/19,6,9808.85298616476,9667.86584201737,1942.67581895832,66.6242852135988,21486.0164361026,,,,,,
3/21/19,7,11106.1329506424,10707.5387740075,2229.57908051737,76.7721407120445,24120.0195265103,,,,,,
3/21/19,8,11899.1866410551,11175.5335859213,2301.62144688453,80.3493563321299,25456.6892309256,,,,,,
3/21/19,9,11559.1744185414,11215.9631330561,2233.08625316906,80.2245501784105,25088.448951155,,,,,,
3/21/19,10,10939.1045196968,11052.2876370666,2228.98994603382,79.5143612868765,24299.8979516064,,,,,,
3/21/19,11,10426.2347206172,10893.6720189122,2161.18595603657,75.9056298694979,23556.9998542615,,,,,,
3/21/19,12,10369.7987127109,10799.5460914421,2002.12262472569,70.2508343458922,23241.7195205907,,,,,,
3/21/19,13,9998.35811289537,10466.9252643867,1883.9033836598,64.5898217360723,22413.7768116524,,,,,,
3/21/19,14,9777.37353106004,10216.508811793,2014.13599944516,61.9493991815391,22069.9665868147,,,,,,
3/21/19,15,9750.81206633944,10039.3538345009,2126.56979120302,60.6109760447696,21977.3470605049,,,,,,
3/21/19,16,9848.92669405395,9979.38300966966,2232.22868827098,61.3009825525217,22121.8387229625,,,,,,
3/21/19,17,9906.83651313166,10010.3372039178,2189.94476302633,65.3930133216304,22172.5114602414,,,,,,
3/21/19,18,10194.1638680592,10186.159097473,2204.86795986106,66.9215723115855,22652.1113967337,,,,,,
3/21/19,19,10991.7031294473,10818.8605128264,2349.6361351824,67.8863926956893,24228.0831031064,,,,,,
3/21/19,20,11816.0817377401,11718.9419587901,2631.8226883362,70.3577464483915,26237.2034602822,,,,,,
3/21/19,21,11975.4918842771,11706.8513396616,2559.33377437749,69.2908807363822,26310.9706520994,,,,,,
3/21/19,22,11467.9937142326,11268.6632967007,2409.98283123475,66.8395235462408,25213.4822816515,,,,,,
3/21/19,23,10676.5215476273,10682.8816036978,2193.63645282931,63.9130466115194,23616.9539101196,,,,,,
3/21/19,24,9944.60653595685,9949.77459292707,1995.94611691783,61.511185194079,21951.8411541305,,,,,,
3/22/19,1,9374.85343615241,9297.22446573109,1902.0996323478,59.5455223819818,20633.7230215032,,,,,,
3/22/19,2,9040.96062547366,8870.1720421735,1853.34900370357,58.8786016302705,19823.3606983636,,,,,,
3/22/19,3,8831.22231661226,8577.2772705806,1796.50406796091,60.9298241581157,19265.9336758605,,,,,,
3/22/19,4,8798.89086739221,8525.99824090574,1775.09715884207,63.4983763425935,19163.484586471,,,,,,
3/22/19,5,9016.71504495476,8767.8901809943,1799.48587334217,66.7420868248626,19650.8322318812,,,,,,
3/22/19,6,9698.81203564272,9435.31185737977,1953.03898018162,74.0965080131439,21161.2568789846,,,,,,
3/22/19,7,10853.0422245095,10521.2810922629,2233.98059375272,82.6875804594351,23690.9904028176,,,,,,
3/22/19,8,11657.7566560472,10839.0088403213,2317.91934913955,83.8989228220538,24898.5825825161,,,,,,
3/22/19,9,11708.9681633968,10635.2632521961,2206.98468538652,74.0679235481702,24625.2856026039,,,,,,
3/22/19,10,11729.0245681517,10460.0123026005,2030.44311536456,65.5373593428746,24285.0166256882,,,,,,
3/22/19,11,11621.1848953422,10320.0071035345,1950.22918336,58.1408100131387,23949.5641447715,,,,,,
3/22/19,12,11469.3585706638,9968.50367960997,1793.81462760647,52.8725761484308,23284.5500144185,,,,,,
3/22/19,13,11299.372614367,9780.29328778682,1703.58737468534,50.4263548397544,22833.6796422737,,,,,,
3/22/19,14,11368.8990649,9647.5453165902,1655.54968743385,47.9200413556509,22719.9138624157,,,,,,
3/22/19,15,11577.5269422821,9628.73351864967,1658.954789481,45.6527235236494,22910.8688274367,,,,,,
3/22/19,16,11603.6317677224,9638.44942468104,1730.0074540401,45.4490794885868,23017.5391297729,,,,,,
3/22/19,17,11443.165119863,9784.07484821015,1880.2180786657,46.0361453638549,23153.4937320576,,,,,,
3/22/19,18,11306.8579654363,10094.4044702644,2059.71702235231,48.032435035671,23509.0117492137,,,,,,
3/22/19,19,11659.8294653942,10562.6056727718,2263.74133885808,50.7000551278421,24536.8762017031,,,,,,
3/22/19,20,12078.0237851577,11344.5223947766,2493.67967171989,54.7948719367107,25971.0171550381,,,,,,
3/22/19,21,11960.4403467929,11309.8011199971,2458.4853431821,54.4884247477891,25783.2167246347,,,,,,
3/22/19,22,11515.9003158877,10913.3875572856,2339.03897924246,53.0405987902789,24821.3683199373,,,,,,
3/22/19,23,10773.8172394835,10275.3681635312,2170.81310936433,51.1371530002621,23271.137670848,,,,,,
3/22/19,24,10065.1357452968,9647.4557676744,1990.56802192204,49.7191579946362,21752.8802442882,,,,,,
3/23/19,1,9503.53918116849,9207.53611987077,1885.40926789414,49.5745586497928,20646.0599336276,,,,,,
3/23/19,2,9123.3316838725,8917.73264894174,1849.48407522661,49.3442399628878,19939.8933611261,,,,,,
3/23/19,3,8921.87314590154,8648.64959896742,1800.1273681419,49.9720034295448,19420.6203992191,,,,,,
3/23/19,4,9026.21063735424,8533.27539359081,1751.4624589319,51.4488428488621,19362.3984413666,,,,,,
3/23/19,5,9220.8786588939,8640.7796287691,1737.74750779365,53.8840638245737,19653.2899380875,,,,,,
3/23/19,6,9373.97374337913,8876.61873377935,1814.03316859579,58.2282330849475,20122.8541797881,,,,,,
3/23/19,7,9588.19761783523,9339.23270030829,1901.59851073987,65.9869615682877,20895.0180718571,,,,,,
3/23/19,8,9970.7195501082,9352.57767275275,1954.32915788782,69.1153048431146,21346.7398034108,,,,,,
3/23/19,9,10118.9466890372,9314.5807819625,1922.8829079182,63.4650844260808,21419.87524874,,,,,,
3/23/19,10,10187.1903068277,9275.86385940727,1833.06271620992,58.0022589676752,21354.116025486,,,,,,
3/23/19,11,10325.4320427059,9130.16553484208,1804.00754054056,53.2268364921026,21312.8299816788,,,,,,
3/23/19,12,9872.00406302812,8756.52353300805,1721.39151421458,49.2886159075392,20399.2082345183,,,,,,
3/23/19,13,9389.32978286589,8427.98909235493,1537.7090290557,47.4908713603091,19402.5185142773,,,,,,
3/23/19,14,9110.18694160104,8249.7093834716,1426.6093398026,46.5087036490549,18833.0159785608,,,,,,
3/23/19,15,9033.59343843489,8139.60595072251,1433.47612326245,44.6416988198523,18651.3156995871,,,,,,
3/23/19,16,9047.8645457734,8367.26948545274,1520.07722589593,44.4275637493812,18979.6379663608,,,,,,
3/23/19,17,9043.37894158402,8642.5879100429,1696.7925558801,45.2693672610833,19428.0276521069,,,,,,
3/23/19,18,9362.61563633952,9072.96923555264,1895.14176963444,47.6717119807538,20378.3964202185,,,,,,
3/23/19,19,10205.5778019833,9804.4608141958,2104.95219622698,50.3314449005635,22165.3216748051,,,,,,
3/23/19,20,11037.8608522221,10596.0309736332,2394.063078221,53.3893910370855,24081.3427754307,,,,,,
3/23/19,21,11264.5668041197,10647.2516006849,2337.23590315592,53.3382716965842,24302.3923429872,,,,,,
3/23/19,22,10974.0573148103,10364.3956724089,2254.7749400087,52.2353078287221,23645.4640174239,,,,,,
3/23/19,23,10395.2933321476,9806.67983778006,2092.35855022329,50.6340535933259,22344.9672451089,,,,,,
3/23/19,24,9778.48724014115,9304.54888171818,1923.00262738352,49.0946661559746,21055.1341120934,,,,,,
3/24/19,1,9281.79053553373,8776.33615253357,1830.04976425011,48.480714366886,19936.658395483,,,,,,
3/24/19,2,8905.30265259393,8383.83544437135,1764.66576110891,48.961528246058,19102.7658787199,,,,,,
3/24/19,3,8685.61292828167,8143.94397134276,1724.87902892105,50.7927928901589,18605.2290634788,,,,,,
3/24/19,4,8571.6114869865,7972.01430218015,1679.06655827207,52.7989626794301,18275.4915637921,,,,,,
3/24/19,5,8614.14904442746,8044.09300692092,1643.67825507345,55.6895318415096,18357.6102984375,,,,,,
3/24/19,6,8819.67299223495,8219.63337414334,1700.23232729022,61.5322199829329,18801.0700662857,,,,,,
3/24/19,7,9243.68739156618,8487.86189137048,1778.20769364159,68.3412533734602,19578.0974542612,,,,,,
3/24/19,8,9497.36174124861,8512.41672952904,1802.25321848253,70.1526378041983,19882.1841242865,,,,,,
3/24/19,9,9621.42524596616,8283.62956089094,1771.85636550867,66.4285553571733,19743.3388700599,,,,,,
3/24/19,10,9598.51999603709,7782.20596293548,1682.73059389037,59.7751579970539,19123.231712498,,,,,,
3/24/19,11,9045.96715941948,7751.68512200751,1584.30696978113,54.0030039719826,18435.962189039,,,,,,
3/24/19,12,8560.10247287859,7570.59315210366,1452.09838490513,49.8599124595987,17632.6553041783,,,,,,
3/24/19,13,8203.78934257385,7467.75355945309,1357.27175835622,47.7016316653711,17076.5162157024,,,,,,
3/24/19,14,8225.90096300096,7433.33665266432,1333.6854136848,46.2726109473804,17039.1941275582,,,,,,
3/24/19,15,8632.51412742209,7543.70889503873,1379.75503675015,45.06877960844,17601.0453694314,,,,,,
3/24/19,16,9079.27842837096,7880.40452844179,1504.11070476823,44.6382496750818,18508.430574203,,,,,,
3/24/19,17,8990.43819193429,8272.88372584366,1688.76470157979,45.8944518335189,18997.9820895291,,,,,,
3/24/19,18,9380.95269921343,8952.67332784146,1900.47891815302,48.1111704061671,20282.2147007517,,,,,,
3/24/19,19,10313.4162189084,9863.6432079637,2166.65045143399,50.3625169743811,22394.0687230403,,,,,,
3/24/19,20,11146.3629918759,10813.5397970876,2415.79122242407,54.0995748673689,24429.792328386,,,,,,
3/24/19,21,11337.2202613637,10835.6209233506,2362.76006670128,54.217271635989,24589.8199078393,,,,,,
3/24/19,22,10958.629006302,10530.105698627,2236.11151590981,52.4226258040177,23777.2699895083,,,,,,
3/24/19,23,10242.3833392769,9916.29865100238,2052.87583878591,49.6563206534479,22261.2155552454,,,,,,
3/24/19,24,9480.51566800009,9274.38733338937,1877.91999646466,48.0198976006086,20680.8439929874,,,,,,
3/25/19,1,9037.51254126349,8812.64200553733,1783.25720495217,47.8479231527819,19681.260438183,,,,,,
3/25/19,2,8966.58248625613,8514.51728708191,1743.99551925027,48.3290700559831,19273.4251640146,,,,,,
3/25/19,3,8817.83874844735,8374.1054641207,1703.60756311224,50.4493802790178,18946.0014291993,,,,,,
3/25/19,4,8834.50679011514,8384.37295763885,1701.36550706822,52.9238766991607,18973.1676551819,,,,,,
3/25/19,5,9049.3754435766,8682.18991930359,1735.50798160136,58.868369054341,19525.9416055632,,,,,,
3/25/19,6,9513.91679529699,9390.61776471573,1878.61627068066,67.4817543997305,20850.6288458394,,,,,,
3/25/19,7,10785.1088604959,10432.5305129528,2122.81449657235,77.8198277223694,23418.2709571532,,,,,,
3/25/19,8,11593.9438101211,10793.6645087291,2242.13923544658,79.5176787745661,24709.2637035734,,,,,,
3/25/19,9,11447.6944136614,10570.7827694523,2152.9214791211,72.4507525537788,24243.8501217467,,,,,,
3/25/19,10,11277.0285549654,10166.7212046089,1991.44475254993,64.8664505881405,23500.0615054308,,,,,,
3/25/19,11,10843.9386604091,9969.60743487721,1845.55516173843,58.6349897990011,22717.7392780166,,,,,,
3/25/19,12,10639.1643027625,10058.8419327923,1743.59133957391,55.1123049410424,22496.7090506238,,,,,,
3/25/19,13,10750.5817999411,10079.9060991446,1701.34633923396,51.4513055649576,22583.2864016189,,,,,,
3/25/19,14,11309.5146922806,10185.1147258653,1714.25734364648,49.9084034773581,23258.7930426092,,,,,,
3/25/19,15,11330.6178493955,10199.2412077228,1748.25372224117,49.3765943660541,23327.4906162009,,,,,,
3/25/19,16,11395.4235064786,10308.1437195992,1843.03865464353,49.0665672517208,23595.672811654,,,,,,
3/25/19,17,11335.5162659,10449.5682344992,1984.3428999439,51.050785181092,23820.479398075,,,,,,
3/25/19,18,11322.2725726832,10821.304967167,2171.0813848791,51.7296419908717,24366.38786855,,,,,,
3/25/19,19,11995.3398038529,11264.4895449285,2363.29230053858,52.9133936467103,25676.034057199,,,,,,
3/25/19,20,12499.758382902,11981.064503781,2577.10563462394,57.2628011700675,27115.1906529128,,,,,,
3/25/19,21,12344.2723463395,11809.7841248216,2508.54145839608,56.1999065885524,26718.7983989542,,,,,,
3/25/19,22,11752.7142144911,11251.5414205966,2365.58587150768,52.325229976273,25422.1706004782,,,,,,
3/25/19,23,10833.9234555324,10495.0907670387,2142.57354878357,48.684481347451,23520.2747849091,,,,,,
3/25/19,24,10037.5012901211,9718.34324336611,1947.36243984966,46.52680352578,21749.7365532617,,,,,,
3/26/19,1,9452.990065575,9182.98727473801,1847.36301419316,46.0626707292355,20529.4044075345,,,,,,
3/26/19,2,9009.16691134791,8753.76144569231,1815.52593108612,46.3388940453381,19624.7937255077,,,,,,
3/26/19,3,8787.29112621062,8483.92143084411,1777.79120970081,48.1416359919424,19097.1466148556,,,,,,
3/26/19,4,8759.28899596806,8481.78876357365,1748.72658258932,50.1121017868582,19039.9167087521,,,,,,
3/26/19,5,8941.10002557864,8689.07736775329,1781.63276807694,54.7902723820605,19466.6000227215,,,,,,
3/26/19,6,9505.53907696633,9323.98541703883,1918.8234475526,62.9435996375242,20811.2880514086,,,,,,
3/26/19,7,10753.3356037809,10367.9112898571,2166.72926525384,71.6683635238595,23359.640722253,,,,,,
3/26/19,8,11584.4119029395,10680.6099270782,2259.47971855537,72.6331051941364,24597.1330083365,,,,,,
3/26/19,9,11413.1956099348,10693.4393232935,2218.58729156342,65.8807929666583,24391.103227263,,,,,,
3/26/19,10,10798.33764548,10622.3895043281,2150.92713261104,60.4462060473647,23632.101845061,,,,,,
3/26/19,11,10119.544547027,10449.9646423572,2057.33279790725,56.2072473461188,22683.0489274009,,,,,,
3/26/19,12,9723.10664406513,10490.8541445856,1982.23844788805,54.0677044287834,22250.2677494368,,,,,,
3/26/19,13,9494.3076664257,10211.5207879689,1851.88800430116,52.9986449986627,21610.716790608,,,,,,
3/26/19,14,9449.642709113,10259.0307416655,1815.0213911499,52.4818571431704,21576.1760771694,,,,,,
3/26/19,15,9629.35797862769,10277.6009557798,1826.75686296908,50.5981558788541,21784.3131139192,,,,,,
3/26/19,16,9850.75525529982,10315.5968050756,1886.17669992181,50.3461682571071,22102.8738148661,,,,,,
3/26/19,17,10177.2048629731,10480.3457395332,2049.87101361735,51.0753775577681,22758.4950293403,,,,,,
3/26/19,18,10713.6781756768,10786.1866555269,2190.80124093397,52.5630926941054,23743.227667087,,,,,,
3/26/19,19,11347.8201613175,11225.4790341352,2362.77505569817,53.6411506068167,24989.7135546266,,,,,,
3/26/19,20,11993.0964164891,11835.7602968766,2563.99640331772,56.4582589611314,26449.3108711657,,,,,,
3/26/19,21,11947.648252691,11798.4106781672,2512.68228386726,55.6653425605259,26314.4073442012,,,,,,
3/26/19,22,11407.9060457358,11240.1557400262,2391.14181976423,53.4339541040094,25092.6400569207,,,,,,
3/26/19,23,10534.4788402846,10526.6316923567,2174.95316185396,50.3196747331053,23286.3852905525,,,,,,
3/26/19,24,9814.0011979066,9725.5569851885,1961.51151800563,47.742955773054,21548.8131070683,,,,,,
3/27/19,1,9315.24078512289,9227.62927557604,1880.91211509261,46.7959530206114,20470.5775959901,,,,,,
3/27/19,2,8997.07947537908,8847.07856359859,1845.05337786769,46.4037816949522,19735.6164530398,,,,,,
3/27/19,3,8931.36595429897,8635.78380842164,1769.17987233624,47.9818737716694,19384.3104492705,,,,,,
3/27/19,4,9043.04018802734,8566.29445722051,1750.97974307803,49.7007171948373,19410.0143977687,,,,,,
3/27/19,5,9248.24651901635,8770.3014851111,1765.41655175547,53.2111620760631,19837.1741799456,,,,,,
3/27/19,6,9755.59025512396,9422.00618032362,1903.08766186005,59.7223512380706,21140.4040775262,,,,,,
3/27/19,7,10678.7669034508,10445.4574995148,2150.95594854325,67.379597789751,23342.5575295591,,,,,,
3/27/19,8,11545.4288393017,10760.9392922555,2266.3358234408,68.914427863813,24641.6174922267,,,,,,
3/27/19,9,11635.3770040867,10831.0920837038,2226.67699647684,67.1270991230245,24760.2733654075,,,,,,
3/27/19,10,11496.8384570609,10808.9407678961,2100.71230214602,62.1479941071872,24468.6400384803,,,,,,
3/27/19,11,11265.0212739842,10725.9711351128,1990.58092769329,56.1192429050925,24037.6912462686,,,,,,
3/27/19,12,11305.345791734,10445.1769526079,2006.56771237387,53.4225169886839,23810.5131206633,,,,,,
3/27/19,13,11325.5327102436,10192.664347866,1980.52939375506,51.4456743910885,23550.1731569268,,,,,,
3/27/19,14,11156.4140169807,10322.2930792374,1817.62555509109,48.9674347687896,23345.3017521028,,,,,,
3/27/19,15,10897.6996629482,10048.3943775707,1785.67964642545,47.9715994555423,22779.7459435261,,,,,,
3/27/19,16,10705.0451666246,10020.8316589149,1809.5037707019,49.3994757821531,22584.780087214,,,,,,
3/27/19,17,10549.4553758847,10286.3819957862,1965.63299041116,50.3872484128268,22851.8584948289,,,,,,
3/27/19,18,10636.6405189886,10565.8745812129,2149.33639685549,50.850219685555,23402.7009450792,,,,,,
3/27/19,19,11210.8910038852,11079.3312362376,2368.04887631476,52.499940780808,24710.7694358224,,,,,,
3/27/19,20,11942.1512971618,11848.4464239236,2558.18607480483,55.2722652863392,26404.0543664256,,,,,,
3/27/19,21,12076.9472749953,11764.9816701069,2549.72341641469,54.8655405157623,26446.5199789971,,,,,,
3/27/19,22,11531.0796949807,11168.9862479404,2392.12726043469,52.2540019832231,25144.4492981848,,,,,,
3/27/19,23,10672.0652224614,10346.3048460912,2176.87566169372,48.5764650291488,23243.8257783997,,,,,,
3/27/19,24,9906.52838817964,9654.03677217891,1977.32906123782,45.0368240281466,21582.9344981949,,,,,,
3/28/19,1,9465.58643860631,9164.91923901958,1877.12099437132,42.8632633032889,20550.4902523937,,,,,,
3/28/19,2,9109.71476284459,8833.05674157442,1820.96276624466,42.6057853983066,19806.3422721634,,,,,,
3/28/19,3,8891.33416237026,8724.08735756872,1766.69027136718,45.0920470899651,19427.2034048345,,,,,,
3/28/19,4,8846.52371094647,8668.52075176594,1750.21550192795,46.3844745067488,19311.6443320984,,,,,,
3/28/19,5,9095.17961548679,8823.73585761518,1755.89429132522,49.3378009836015,19724.1468936496,,,,,,
3/28/19,6,9779.52136044457,9439.99832932449,1901.88584529588,54.1129900071238,21175.5149792615,,,,,,
3/28/19,7,10981.0763502459,10447.5915110881,2122.36792503141,62.4685832670195,23613.5004825242,,,,,,
3/28/19,8,11666.9675941464,10740.3541544686,2239.47067810366,63.8092821681786,24710.5989382467,,,,,,
3/28/19,9,11412.416362604,10642.2720131284,2135.12516106487,61.3189841896391,24251.1336623183,,,,,,
3/28/19,10,10904.9532461113,10504.9046315157,2030.52359159462,57.8180061261929,23498.1983774421,,,,,,
3/28/19,11,10417.5036049001,10347.3527271257,1945.83366893961,55.3029051845962,22765.9941787193,,,,,,
3/28/19,12,10110.0022814943,10210.4383823211,1909.24240435001,51.8367639090502,22281.5197713726,,,,,,
3/28/19,13,9959.05888513638,9987.25541749249,1797.17557218869,49.7149766687472,21793.2079643217,,,,,,
3/28/19,14,9944.02054969445,9894.95566702054,1736.21641330264,49.348027741721,21624.5440139991,,,,,,
3/28/19,15,9927.47400922808,10043.6032689156,1642.41448483061,48.1831618668298,21661.6755550918,,,,,,
3/28/19,16,10281.5144217652,10128.0474324335,1659.65091565053,47.8905267922117,22117.099982133,,,,,,
3/28/19,17,10923.4502375233,10230.8382892331,1854.56158761254,49.9300965264486,23058.7805859463,,,,,,
3/28/19,18,11185.3026505846,10467.4514381118,2025.04791451754,50.3782000909338,23728.1792824205,,,,,,
3/28/19,19,11355.984208004,10927.6572133605,2200.00195174229,52.4847415097294,24536.1268419872,,,,,,
3/28/19,20,11984.2077633445,11719.3990316428,2457.01875583334,55.2710155908828,26215.8969045868,,,,,,
3/28/19,21,12108.9582656986,11732.3943286694,2417.54024472812,54.9561443136286,26313.8497894495,,,,,,
3/28/19,22,11592.5091657316,11260.2410454285,2376.76423353395,53.0320282997896,25282.5475643147,,,,,,
3/28/19,23,10723.5915682476,10511.5854870041,2160.08569324357,49.9999622723143,23445.2647917468,,,,,,
3/28/19,24,10018.4648996609,9797.43253325746,1953.90503804383,47.5175776016537,21817.3211179825,,,,,,
3/29/19,1,9456.7397144288,9232.56376001404,1905.54364690635,46.6187563542813,20641.4668789781,,,,,,
3/29/19,2,9102.54570039003,8887.14290318828,1846.58088662018,46.7070768530278,19882.978317748,,,,,,
3/29/19,3,8914.13880694451,8644.4545793988,1748.13231367271,47.9745519980987,19354.7012391533,,,,,,
3/29/19,4,8859.59271207977,8581.308592227,1731.93719926369,49.7304840356419,19222.568718619,,,,,,
3/29/19,5,9094.54818757806,8864.59063362986,1778.31021865383,53.129025511324,19790.577524226,,,,,,
3/29/19,6,9758.95093474581,9515.5459388647,1908.44706487414,60.5527395746203,21243.4935071013,,,,,,
3/29/19,7,10964.3458364526,10483.4638412037,2123.11943070618,68.460176598659,23639.3859622235,,,,,,
3/29/19,8,11611.3549032562,10745.2445965837,2247.93508570918,69.631535013223,24674.1642489042,,,,,,
3/29/19,9,11198.5689825297,10575.9760634767,2178.14790371804,64.2903155331183,24016.9835282204,,,,,,
3/29/19,10,10575.1611792397,10181.7182047411,2013.81011032185,57.8186216243804,22828.5123054821,,,,,,
3/29/19,11,10291.7027337753,10036.2789760417,1854.80976138735,53.719749826368,22236.5111666842,,,,,,
3/29/19,12,10085.4883445132,9909.24068759274,1764.04281357002,50.1846283686887,21808.9581226784,,,,,,
3/29/19,13,9818.43173158172,9791.87712073667,1700.93485293052,48.5659753759855,21359.8096200079,,,,,,
3/29/19,14,9680.36446797135,9746.16226993724,1707.24568035848,47.1637083604495,21180.9360066212,,,,,,
3/29/19,15,9586.5259754589,9752.04767432977,1735.47941284305,45.9788274137931,21120.0317206614,,,,,,
3/29/19,16,9608.80463639902,9840.13359433456,1809.96229382998,45.7952976424921,21304.6934561306,,,,,,
3/29/19,17,9974.92964814374,10020.5500083161,1949.19016763212,47.7878464830093,21992.457850253,,,,,,
3/29/19,18,10313.5054272808,10289.7164614272,2094.07973366871,48.4146826747529,22745.7176392043,,,,,,
3/29/19,19,10735.1968076381,10684.6830198537,2275.23301130117,50.1500432712269,23745.2605630414,,,,,,
3/29/19,20,11473.530119093,11445.9436421475,2506.41845020244,54.0239582742955,25479.9138786768,,,,,,
3/29/19,21,11715.7708906943,11453.8729434006,2461.64233890677,54.6088251247546,25685.8959562783,,,,,,
3/29/19,22,11323.422706885,11066.6816348808,2349.20153023461,53.4876801764246,24792.7957304926,,,,,,
3/29/19,23,10694.7773115349,10435.9861392819,2188.60769709663,51.2686780303864,23370.6417012149,,,,,,
3/29/19,24,9998.86851931239,9697.83891555013,2013.81330796748,49.8225568165049,21760.3458732633,,,,,,
3/30/19,1,9424.77011871092,9168.14668980927,1908.4001052807,49.7200464108321,20551.0373059822,,,,,,
3/30/19,2,9031.29689225001,8772.35832060274,1826.11401373388,50.0568536473496,19679.8290500591,,,,,,
3/30/19,3,8792.6629217367,8555.93039366114,1758.54818120616,51.7903869039224,19158.932906764,,,,,,
3/30/19,4,8690.99626868866,8439.17922568495,1744.00887247421,53.7003151752115,18927.8834625896,,,,,,
3/30/19,5,8756.98044629468,8532.41313168169,1744.96422252581,57.0288315237324,19091.3870456847,,,,,,
3/30/19,6,9051.57292216337,8866.71595785197,1807.06399086054,63.798018617656,19789.1492050776,,,,,,
3/30/19,7,9574.52129876818,9287.28104092079,1917.05974169283,69.7740142202488,20848.6355434958,,,,,,
3/30/19,8,9864.85838172669,9318.54467665958,1952.93569784756,70.793540450985,21207.1323642386,,,,,,
3/30/19,9,9952.66835978924,9222.97479281122,1847.80098131932,64.7455149535117,21088.1873832052,,,,,,
3/30/19,10,9722.67160496574,9033.32696359807,1705.42980645864,57.7258609207718,20519.1541162114,,,,,,
3/30/19,11,9150.68287697494,8828.00594095289,1564.63137793101,52.6678518897389,19595.9916048866,,,,,,
3/30/19,12,8673.91821693402,8676.37492536446,1457.2861429059,48.1196964560614,18855.6999468571,,,,,,
3/30/19,13,8348.13528735958,8635.13066663862,1380.05220296313,46.3812851997827,18409.7013672777,,,,,,
3/30/19,14,8208.23795807642,8655.14141133625,1363.25943058223,45.5084635741864,18272.146584671,,,,,,
3/30/19,15,8213.744664376,8817.3489372455,1474.28494301565,44.5635799669356,18549.9420789245,,,,,,
3/30/19,16,8407.15956014088,9095.34224468188,1598.56928155045,44.8071718355546,19145.8762119042,,,,,,
3/30/19,17,8577.16189083781,9451.38490371716,1787.75311535804,46.38174486947,19862.6800069956,,,,,,
3/30/19,18,9128.53465697458,9932.33799912758,1985.21874342877,47.9589154192355,21094.0477764572,,,,,,
3/30/19,19,10097.1567463741,10357.4438792223,2206.38072906777,49.767151026726,22710.7477083325,,,,,,
3/30/19,20,10884.6010032307,10957.1482915714,2399.16770787257,52.8433061881409,24293.7582485324,,,,,,
3/30/19,21,11108.7446025654,11047.0089218235,2396.24172217605,52.7393285209447,24604.7335655343,,,,,,
3/30/19,22,10768.7515173338,10748.9341948733,2304.0410204513,51.1083126791356,23872.8378843109,,,,,,
3/30/19,23,10187.2496857404,10199.5639639258,2144.98584165613,49.1793598875572,22580.9813630602,,,,,,
3/30/19,24,9583.76649347023,9568.09324154533,1974.02606343178,47.2917798955591,21173.1798613589,,,,,,
3/31/19,1,9068.01152782705,9046.86796925978,1865.65499723473,46.5921432231798,20027.1276626336,,,,,,
3/31/19,2,9014.58324610026,8654.19715824765,1784.32427014514,47.3067451524087,19500.4124968147,,,,,,
3/31/19,3,8800.52915066199,8429.78809113442,1713.29892715384,48.6385396348556,18992.256019159,,,,,,
3/31/19,4,8705.67834939764,8302.75823126508,1681.97608057535,50.2218488285241,18740.6344375071,,,,,,
3/31/19,5,8726.49673947001,8303.72940227059,1684.18179013522,53.2774895983433,18767.6855160064,,,,,,
3/31/19,6,8930.39157602052,8389.44105415569,1728.43818393948,57.9151178865584,19106.1852295426,,,,,,
3/31/19,7,9293.28688238194,8635.61865355653,1800.9325300183,64.8083865126111,19794.6460031105,,,,,,
3/31/19,8,9410.98943352196,8608.29442394414,1816.69045276626,65.8669242810435,19901.8401846408,,,,,,
3/31/19,9,9488.86902226263,8525.67241375224,1731.63221781768,61.6712382705995,19807.8468338623,,,,,,
3/31/19,10,9034.22011688285,8357.9568841093,1600.42465421952,55.989751083252,19048.5942379347,,,,,,
3/31/19,11,8561.71037120941,8282.06695307052,1497.56286292647,51.8766312098778,18393.2169836523,,,,,,
3/31/19,12,8184.85398802423,8291.08166092245,1438.46082845497,48.6062076298822,17963.0031699175,,,,,,
3/31/19,13,7995.08791296683,8340.97768169418,1443.43020189057,47.1640089412773,17826.6607622738,,,,,,
3/31/19,14,7961.25970515179,8443.11023359199,1451.52279318402,45.6725351188634,17901.5644416111,,,,,,
3/31/19,15,8102.46875401165,8723.84267145315,1565.88153199358,44.8275609136191,18437.0167020935,,,,,,
3/31/19,16,8445.31992708228,9124.43836117838,1670.73017822461,45.1169451346905,19285.6023328445,,,,,,
3/31/19,17,8820.80725161965,9645.84884447053,1903.98010515859,46.6076776285659,20417.240573235,,,,,,
3/31/19,18,9529.36004543371,10245.5619199211,2170.23189123174,48.5384446149732,21993.6903035801,,,,,,
3/31/19,19,10366.2391336684,10732.0390816977,2320.80562906302,50.9100087065751,23469.9925180976,,,,,,
3/31/19,20,11119.7936599268,11373.9999217179,2519.15298355617,53.5664810269091,25066.5112001441,,,,,,
3/31/19,21,11265.413524488,11360.3059501221,2469.7576769607,53.5830685368025,25149.0618281763,,,,,,
3/31/19,22,10787.4841729894,10901.136897862,2337.05357428173,51.3531383635612,24077.0317540408,,,,,,
3/31/19,23,10005.5766507606,10218.6387620962,2142.73929362858,48.3000294620754,22415.2598958625,,,,,,
3/31/19,24,9271.76152751208,9507.31423506299,1954.85661520096,45.5514357214897,20779.4862860737,,,,,,
4/1/19,1,8732.65141132442,9002.29807074074,1849.65877572764,43.3732531547087,19627.981926579,,,,,,
4/1/19,2,8410.63528041279,8726.00990261792,1769.29496985711,43.7649270305265,18949.7054372193,,,,,,
4/1/19,3,8223.72255704514,8532.78746634827,1716.68114716551,46.9033154656779,18520.095248095,,,,,,
4/1/19,4,8222.32592445735,8513.8857007668,1703.24870095397,49.5882619048204,18489.0475262563,,,,,,
4/1/19,5,8457.31559334993,8774.63451319572,1747.27022285398,53.7981454251055,19033.0162108221,,,,,,
4/1/19,6,9094.00713679981,9447.24777492752,1898.38134609134,61.1946646178559,20500.8252358281,,,,,,
4/1/19,7,10197.5501341626,10335.0388194948,2098.92620194147,69.3245234631189,22700.8355338402,,,,,,
4/1/19,8,10886.9698809211,10644.1662222703,2250.90608108571,72.1236082982214,23854.1623965459,,,,,,
4/1/19,9,10898.5117902416,10791.5456502619,2208.17041074579,66.9549181926264,23965.1824771123,,,,,,
4/1/19,10,10648.9559370846,10851.8945919326,2088.93639721741,60.8253535676004,23650.6146350589,,,,,,
4/1/19,11,10637.7894188044,10875.489217967,2015.36908757118,55.8304094034569,23584.4859546306,,,,,,
4/1/19,12,10442.9532140428,10933.3507323386,1953.88411094132,53.040565253819,23383.2253581775,,,,,,
4/1/19,13,10490.3922630039,10982.9441055934,1966.70605972599,51.9386141337164,23491.979483443,,,,,,
4/1/19,14,10635.0325229702,11144.9969749536,1964.58927765516,51.3882348505081,23796.007637435,,,,,,
4/1/19,15,10744.1224493443,11320.1282495431,2013.26644908963,50.3223560614687,24127.8399592768,,,,,,
4/1/19,16,11066.4883377389,11531.7943773285,2125.95746057085,50.065791979492,24774.3047528534,,,,,,
4/1/19,17,11144.1739894274,11827.031132383,2312.8714617128,51.1407504190298,25335.2175114961,,,,,,
4/1/19,18,11370.9115145389,11998.9978949707,2527.38662301283,52.2690481289153,25949.5628251376,,,,,,
4/1/19,19,11654.5355885192,12047.907164212,2620.80578353482,53.140897317174,26376.389722977,,,,,,
4/1/19,20,12042.1358740037,12566.4821569053,2725.84398955779,55.37689582744,27389.8375249911,,,,,,
4/1/19,21,12003.8850950037,12466.3448516552,2633.61785950846,54.5721852562193,27158.4232551864,,,,,,
4/1/19,22,11419.7346692237,11852.5399160044,2494.93610581341,51.9447779554469,25819.1587329475,,,,,,
4/1/19,23,10535.0129844799,10961.1806818092,2289.27717406528,48.3532793014039,23833.8269543656,,,,,,
4/1/19,24,9754.06657172168,10145.1888099222,2062.22937911931,45.0853871738289,22006.5709216995,,,,,,
4/2/19,1,9206.00423053605,9612.89225580728,1961.00356580841,41.9445937278031,20821.8463398791,,,,,,
4/2/19,2,8826.61348272086,9180.72887539816,1841.91200613628,41.8859840825846,19891.1410898426,,,,,,
4/2/19,3,8623.80497849887,8909.73170127901,1783.28207598141,41.7067976522997,19358.5258546383,,,,,,
4/2/19,4,8610.65715096269,8806.58273047584,1758.39381172323,42.6643868516238,19218.2975441632,,,,,,
4/2/19,5,8860.71506222328,9079.47928080488,1749.95981229919,46.9056076103013,19737.0578486251,,,,,,
4/2/19,6,9496.20309895652,9691.84315725727,1851.59670993403,50.4786712658153,21090.1174280168,,,,,,
4/2/19,7,10606.6954922333,10573.0995044004,2061.64634832722,55.7484290296115,23297.1858502871,,,,,,
4/2/19,8,11288.5204783047,10876.3665822475,2150.92353231512,56.7764812461871,24372.5863810449,,,,,,
4/2/19,9,11230.4588011501,10828.7790288157,2077.08683325786,57.5106582231095,24193.836847313,,,,,,
4/2/19,10,11304.7361224434,10671.409638305,1955.87873578654,57.3599346592374,23989.3849407673,,,,,,
4/2/19,11,11098.5047378944,10575.4878697564,1797.08755195924,54.3265581987557,23525.4067577163,,,,,,
4/2/19,12,10957.2801390133,10512.8628193675,1727.70908692928,52.3716566117636,23250.223375692,,,,,,
4/2/19,13,10750.6136299231,10444.7157722677,1706.61248807487,51.5746612373463,22953.5160085443,,,,,,
4/2/19,14,10493.8293492311,10500.5282275612,1699.21931254967,51.648817563636,22745.227280211,,,,,,
4/2/19,15,10437.7845637532,10637.970262804,1685.45482759851,51.3151493128002,22812.522172831,,,,,,
4/2/19,16,10571.6268544516,10684.6466876864,1736.53028838844,52.0520273380164,23044.8551421768,,,,,,
4/2/19,17,10865.1020182935,10802.7846408618,1895.44146868476,52.2701306127081,23615.5954662166,,,,,,
4/2/19,18,11084.3874419879,11019.964953707,2105.55942424358,52.5375344585705,24262.4477236544,,,,,,
4/2/19,19,11541.1905206455,11364.4816062322,2255.6511622381,53.1471316795358,25214.4678410118,,,,,,
4/2/19,20,12114.0749436189,12020.9395097672,2447.32818928046,55.5826342033559,26637.923102201,,,,,,
4/2/19,21,12141.308143012,12055.0350273536,2463.62642857872,55.1893312698918,26715.1600603297,,,,,,
4/2/19,22,11549.7105537016,11546.2756252834,2335.47533855549,52.408401212062,25483.8730116104,,,,,,
4/2/19,23,10656.0496666878,10783.4232313769,2047.80443021651,49.2274708761536,23536.5093802496,,,,,,
4/2/19,24,10110.9408081793,10021.9063881278,1865.90919640487,46.4199468846351,22045.1779472598,,,,,,
4/3/19,1,9539.13855669003,9302.56541510012,1757.21828524038,44.1185445617666,20643.0441153404,,,,,,
4/3/19,2,9015.9581388537,8898.89091830341,1640.95608165168,44.2763587282321,19600.0824437132,,,,,,
4/3/19,3,8812.4911404005,8774.2180084832,1589.87701305814,44.6514773249323,19221.2384844317,,,,,,
4/3/19,4,8771.88305258447,8654.36053698152,1562.36450425872,46.310694572968,19034.9181426483,,,,,,
4/3/19,5,8975.84604276117,8875.49132989981,1660.30774845459,49.847069707573,19561.4908279079,,,,,,
4/3/19,6,9633.02598419516,9454.84991536104,1817.77389518649,55.3711884280373,20961.020045305,,,,,,
4/3/19,7,10722.9042225133,10354.0562327114,2086.19991861178,64.0557645716148,23227.2133591273,,,,,,
4/3/19,8,11343.3665415507,10694.5582010936,2109.81775628186,63.7310116588771,24211.4711011435,,,,,,
4/3/19,9,11295.5604057027,10962.4419723569,2179.99671863831,60.570932425507,24498.5719111519,,,,,,
4/3/19,10,11056.0995620228,11014.6380774292,2236.06944365573,56.4239024365243,24363.2305022355,,,,,,
4/3/19,11,10780.0903928451,11044.9067442109,2057.57657391949,53.8279872367981,23936.401741636,,,,,,
4/3/19,12,10695.8019586809,10909.0056093291,1931.45463050629,52.1745499514812,23588.4378993833,,,,,,
4/3/19,13,10546.4502228393,10764.8337448415,1952.01890175852,52.0152989427805,23315.3194146516,,,,,,
4/3/19,14,10459.3942845259,10714.3393642159,1924.11829734546,51.5959750866945,23149.44976791,,,,,,
4/3/19,15,10349.8842278166,10691.3089788917,1855.70982573387,51.5913533024483,22948.4915662806,,,,,,
4/3/19,16,10352.5260184931,10681.4377990226,1905.31378901835,51.507976503429,22990.7848149445,,,,,,
4/3/19,17,10425.761300128,10748.724912269,2011.32661013958,51.4278664053283,23237.2411903638,,,,,,
4/3/19,18,10954.1561779058,10898.1811537034,2239.62176061434,52.223124380296,24144.1809296431,,,,,,
4/3/19,19,11472.9594654059,11139.2763256721,2208.11036205914,52.8165242062449,24873.1622507333,,,,,,
4/3/19,20,12061.1690547766,11866.6746723157,2457.37508865808,55.2361544370329,26440.4534278657,,,,,,
4/3/19,21,12158.9713590496,11925.6814442261,2427.12061991077,54.545183712379,26566.3190521221,,,,,,
4/3/19,22,11618.3056499595,11474.9661010146,2315.82341081063,52.4059393754627,25461.5023118549,,,,,,
4/3/19,23,10739.5310451734,10695.8473120312,2139.35741989704,48.935778817483,23623.6735590974,,,,,,
4/3/19,24,9954.06846910711,9932.99944904015,1878.08786203552,45.7769869508916,21810.9353261162,,,,,,
4/4/19,1,9409.10110680502,9436.14317172497,1846.36460542499,43.9691663215079,20735.5789952933,,,,,,
4/4/19,2,9063.76951071271,9110.24286191627,1758.50199510183,43.6519554450699,19976.1668715293,,,,,,
4/4/19,3,8858.52024586066,8913.56389883978,1773.83491993045,44.479605477041,19590.3978544294,,,,,,
4/4/19,4,8783.87277503238,8827.20869343394,1772.60657579637,45.4108774894143,19429.097646742,,,,,,
4/4/19,5,8972.64311273008,9037.69663980926,1786.07573621653,48.323553860933,19844.7379516757,,,,,,
4/4/19,6,9594.22594314283,9687.51658689194,1898.57519958784,52.9687786112716,21233.2836620629,,,,,,
4/4/19,7,10676.9927060261,10587.2146759935,2046.15645970144,59.7851454730069,23370.1463430122,,,,,,
4/4/19,8,11387.0675311984,10982.3474733338,2123.02078977404,61.0772659966481,24553.51109362,,,,,,
4/4/19,9,11510.5332403748,11329.2392767837,2229.25662604765,58.7535146886969,25127.7818078974,,,,,,
4/4/19,10,11314.7115170398,11361.6938137109,2127.82615771681,57.410797256867,24861.6419782654,,,,,,
4/4/19,11,11156.8366800837,11155.1398020912,2231.85625886819,54.1581469419635,24597.9872256088,,,,,,
4/4/19,12,10945.5350068752,10897.8019834225,2121.85382443953,52.5500793405524,24017.7402040848,,,,,,
4/4/19,13,10581.1977953726,10711.5478647971,1839.55267762279,50.8576680370225,23183.155396065,,,,,,
4/4/19,14,10488.9108822774,10686.8915655499,1741.06863851653,50.8024178721717,22967.6734509252,,,,,,
4/4/19,15,10387.6916424354,10595.368710718,1646.47586818074,48.8917298283916,22678.4289896598,,,,,,
4/4/19,16,10411.3198031839,10732.1869940137,1756.47252441044,48.3259763043453,22948.3071101868,,,,,,
4/4/19,17,10564.3407903978,10884.1153743938,2107.00113410775,49.6711631840258,23605.1292130677,,,,,,
4/4/19,18,10857.8597908303,11051.2970963889,2086.78308735983,50.3414431378425,24046.2796081488,,,,,,
4/4/19,19,11275.3162928798,11291.7093454321,2281.27259823233,52.7446667504669,24901.0408841435,,,,,,
4/4/19,20,11857.8779411666,11978.7180030714,2509.56682898585,55.0423906245466,26401.2032494039,,,,,,
4/4/19,21,11969.5833529929,11947.6924455252,2406.36809026293,54.5333467467936,26378.1785947354,,,,,,
4/4/19,22,11481.3894051231,11494.5275089284,2231.28862269569,52.5883914524613,25259.7959937139,,,,,,
4/4/19,23,10630.9007041768,10688.5483604301,2048.621443077,48.7543595604171,23416.8288516933,,,,,,
4/4/19,24,9856.77289618444,9888.76614626792,1841.28400356213,44.4240110842349,21631.2492261835,,,,,,
4/5/19,1,9325.55448328238,9284.03363353644,1768.01790904354,43.0729938636532,20420.6791144835,,,,,,
4/5/19,2,8946.04464866307,8816.7798203203,1653.72667461599,42.2083956130206,19458.7601151701,,,,,,
4/5/19,3,8751.7297900669,8640.09448151561,1601.95925395237,42.6299815804326,19036.4138633783,,,,,,
4/5/19,4,8730.09456674206,8645.77180478482,1585.41577119216,43.161416672167,19004.4429198796,,,,,,
4/5/19,5,8915.58249365564,8883.42678736722,1616.40238274992,45.5039915821774,19460.9148410179,,,,,,
4/5/19,6,9524.58219400561,9444.12994658767,1803.58269636053,51.0348325782033,20823.3274776395,,,,,,
4/5/19,7,10594.9114924376,10239.3530864088,2088.3995714337,55.938618409611,22978.5997212311,,,,,,
4/5/19,8,11197.5840889877,10551.5199970995,2164.77950254282,57.6505273934788,23971.5298557337,,,,,,
4/5/19,9,11333.6189687121,10566.3751724434,2038.69668395916,55.5851304896439,23994.2745224258,,,,,,
4/5/19,10,11896.4157211227,10508.1621815844,2037.06345024237,53.0416635430009,24494.6805456111,,,,,,
4/5/19,11,12102.131639742,10607.421042473,2156.74856005295,50.0310872462047,24916.3312230311,,,,,,
4/5/19,12,12158.0808902849,10598.9935619226,2096.94065897656,48.7505377861329,24902.7666754548,,,,,,
4/5/19,13,11806.2217269192,10514.925330824,1921.51062986365,48.2528001687287,24290.9121624109,,,,,,
4/5/19,14,11603.0233145323,10535.0440641207,1760.23915278177,47.7998826767752,23946.106381833,,,,,,
4/5/19,15,10713.8098221195,10595.8812055121,1899.79038592968,47.0096271505032,23256.4909885743,,,,,,
4/5/19,16,10287.5990177287,10572.4751235146,1939.00198230068,47.7010703023247,22846.7757866942,,,,,,
4/5/19,17,10143.4648439729,10532.0493203316,2110.11410697838,48.7866739014652,22834.4137299598,,,,,,
4/5/19,18,10623.1936684946,10506.9759131009,2131.40057898784,49.6734462310103,23311.2442218869,,,,,,
4/5/19,19,11049.0258241464,10800.0707534112,2254.02809360395,50.9153359631158,24154.0393653528,,,,,,
4/5/19,20,11567.0088376615,11424.6796828523,2493.23576967556,54.4366435715703,25539.3592227121,,,,,,
4/5/19,21,11679.3973698435,11482.2724951366,2478.4876051402,53.9218450632799,25694.0804777118,,,,,,
4/5/19,22,11245.98704784,11122.8233506133,2360.49880650246,52.3998641959354,24781.710325348,,,,,,
4/5/19,23,10591.6546220316,10449.3857424336,2180.61742674197,49.1990056927866,23270.8602883051,,,,,,
4/5/19,24,9895.95380373251,9772.7293735873,1990.50132515824,44.9551159992302,21704.1425650087,,,,,,
4/6/19,1,9377.2082864394,9285.94760472663,1870.16031375571,43.4363876601031,20576.75510276,,,,,,
4/6/19,2,8981.82428513012,8869.19403353847,1798.87938025718,42.5989820177371,19692.4981300144,,,,,,
4/6/19,3,8723.62332745749,8575.92496848884,1724.8304474364,42.2855305598898,19066.6648730379,,,,,,
4/6/19,4,8591.29041625002,8447.21018785145,1695.38193834234,43.1986323243362,18777.0817267536,,,,,,
4/6/19,5,8636.03817554058,8460.26169745475,1727.27847143735,46.7272949960351,18870.3060242616,,,,,,
4/6/19,6,8881.96964929825,8624.4689112797,1823.81456655236,50.1194918846161,19380.3708950926,,,,,,
4/6/19,7,9320.70328002447,8953.05981459759,1988.7134703715,54.0851883098766,20316.5610873782,,,,,,
4/6/19,8,9734.49142791195,8898.33011233732,1968.20399310548,55.0668981392871,20656.0900012269,,,,,,
4/6/19,9,10204.5167643277,9021.92914834605,1790.94585760914,53.0944130575063,21070.4846570661,,,,,,
4/6/19,10,10207.6908571587,9064.04708199802,1778.49949367828,51.9372410762033,21102.1746026518,,,,,,
4/6/19,11,9764.89021140191,8981.8444387054,1686.16776687434,48.5356788561246,20481.4397246046,,,,,,
4/6/19,12,9319.16627379873,8741.38912558984,1574.76579248423,47.4189429223255,19682.7401922705,,,,,,
4/6/19,13,9098.30097049762,8549.83016974171,1473.15401437929,47.2773746413644,19168.5634915953,,,,,,
4/6/19,14,8794.82714198598,8475.58005114835,1405.008724295,46.7145103995362,18722.1300380761,,,,,,
4/6/19,15,8708.56162653036,8465.13395720911,1406.57023331454,46.3292118172225,18626.5955359479,,,,,,
4/6/19,16,9018.47649897008,8713.82981522161,1480.38666536901,46.9263714043216,19259.6172016898,,,,,,
4/6/19,17,9417.3724607781,9084.04501680126,1661.37169993284,48.9861195784613,20211.772485196,,,,,,
4/6/19,18,9798.6425099777,9566.8511298694,1912.85758398944,49.6878773044939,21328.0389567178,,,,,,
4/6/19,19,10478.9432376179,10107.9898630969,2110.97476713521,51.3066852563055,22749.2131763102,,,,,,
4/6/19,20,11118.1148954867,10889.207644724,2321.52692637098,52.4511846063969,24381.2997526205,,,,,,
4/6/19,21,11332.8960077213,11010.9303127632,2355.06939864767,52.1577925691358,24751.0535990667,,,,,,
4/6/19,22,10955.2740085213,10682.130571826,2263.52769740676,50.4634382718217,23951.396699565,,,,,,
4/6/19,23,10348.8671775108,10136.7039842568,2098.91861242508,46.6544178556867,22631.1466123518,,,,,,
4/6/19,24,9672.30422880768,9484.1204420531,1962.3662731116,43.1338351347198,21161.9269672359,,,,,,
4/7/19,1,9177.76659867418,8924.90057972669,1860.17758294743,41.7879626758926,20004.6358570199,,,,,,
4/7/19,2,8800.72422230099,8594.47483854017,1747.28392352673,41.0823326082945,19183.5671896878,,,,,,
4/7/19,3,8542.1861415292,8309.32281361068,1708.25101650818,41.4412518499389,18601.2013382985,,,,,,
4/7/19,4,8406.11310448677,8165.21564018141,1668.83854954725,42.242583740924,18282.4102427074,,,,,,
4/7/19,5,8439.01597508834,8195.39173583543,1670.03965234897,44.4516921108989,18348.8987195389,,,,,,
4/7/19,6,8553.40308537591,8327.08997367612,1714.97165930225,47.98864983181,18643.4527785915,,,,,,
4/7/19,7,8915.23840692405,8488.72915770979,1757.1017934379,53.2319634677432,19214.3005661859,,,,,,
4/7/19,8,9237.47937482795,8432.82294395913,1791.0361586102,54.595275159606,19515.9300723853,,,,,,
4/7/19,9,9265.91507078734,8417.651473653,1739.95898441612,53.2840715577228,19476.8080257786,,,,,,
4/7/19,10,9120.18469673223,8308.86551820623,1565.56533450383,51.9667023167301,19046.581228987,,,,,,
4/7/19,11,8883.35727328276,8394.77724108291,1481.5718982093,49.0048630594962,18808.7108336609,,,,,,
4/7/19,12,8424.06099679748,8398.41790171506,1416.40494806067,48.4794485533701,18287.3644531832,,,,,,
4/7/19,13,8211.08737992445,8643.67349726793,1386.19693050445,48.6154845491117,18289.5722227929,,,,,,
4/7/19,14,8227.64029667649,8670.45211842007,1437.81972748177,48.6271863449571,18384.5393832221,,,,,,
4/7/19,15,8378.09910324151,8886.15477461467,1480.53619235877,48.761805683188,18793.5508479563,,,,,,
4/7/19,16,8614.20896054983,9459.81212169666,1615.32870060126,50.7912727084715,19740.1392412004,,,,,,
4/7/19,17,8895.42658043812,10047.7151537723,1814.08050136278,52.3116862328974,20809.5323617687,,,,,,
4/7/19,18,9736.8982828019,10576.8490291088,2067.43940969408,53.972444882067,22435.1583634844,,,,,,
4/7/19,19,10568.1529338411,10995.9097342748,2316.46097008041,54.7875944927542,23935.310973641,,,,,,
4/7/19,20,11287.5730031767,11646.6610236267,2491.87908720393,55.0923373089839,25481.2026691849,,,,,,
4/7/19,21,11585.8889832212,11669.915134505,2479.40221487027,54.1489261479853,25789.357720461,,,,,,
4/7/19,22,11006.2620530986,11175.8178779639,2327.65617265596,51.0518268645524,24560.7913616747,,,,,,
4/7/19,23,10201.9706792815,10408.3151105107,2131.37864162761,46.4411194048984,22788.1078717178,,,,,,
4/7/19,24,9413.6963718579,9704.43194660589,1948.60697740436,42.3508226253611,21109.0881466647,,,,,,
4/8/19,1,8845.05651551599,9105.59214627916,1831.65676075635,40.5117097682108,19822.818649097,,,,,,
4/8/19,2,8485.21535739793,8725.86164012314,1746.60143853964,39.4066524643458,18997.0856724063,,,,,,
4/8/19,3,8318.15168031334,8549.79675704589,1691.75016381024,39.7770526073149,18599.4755713398,,,,,,
4/8/19,4,8284.89546543528,8460.538665179,1691.13861149305,40.4619432454089,18477.0336213561,,,,,,
4/8/19,5,8503.02640421564,8731.13425756716,1741.15441091606,43.3562667675011,19018.6677620343,,,,,,
4/8/19,6,9120.05177055012,9417.98217365489,1872.40474920217,48.8069776759417,20459.2423243374,,,,,,
4/8/19,7,10239.1989609818,10234.1643828366,2067.96215298631,54.532907130786,22595.8558826764,,,,,,
4/8/19,8,10831.1214104782,10612.4258819684,2133.43778928312,57.1342985884501,23634.1166008493,,,,,,
4/8/19,9,10872.6510363932,10831.8065649906,2134.40814007727,56.4557918563233,23895.322975184,,,,,,
4/8/19,10,10575.3723456709,10919.1079005076,2139.87199673873,53.7951462895279,23688.1481811237,,,,,,
4/8/19,11,10654.4359957286,11049.1519678507,2057.58336054914,53.534392814799,23814.7036739016,,,,,,
4/8/19,12,10589.1210782047,11237.7469380513,2098.44814721916,52.9099473198568,23978.224214906,,,,,,
4/8/19,13,10843.3118896437,11527.7977867115,2088.39964325138,53.95799273473,24513.4668713412,,,,,,
4/8/19,14,11015.3100295285,11960.085848702,2049.13971751709,54.0190917887751,25078.5542435939,,,,,,
4/8/19,15,11261.4845361374,12291.4411583563,2127.22966066598,54.6014166874279,25734.7575368445,,,,,,
4/8/19,16,10874.0651469809,12637.7970500053,2249.30368090758,55.8673129123336,25817.0335464709,,,,,,
4/8/19,17,11079.7093814674,12761.1032021865,2358.61288938594,57.8181152511245,26257.2435947881,,,,,,
4/8/19,18,11470.3444491411,12862.8926731851,2557.52597493961,58.0734689681617,26948.8360095941,,,,,,
4/8/19,19,11742.4914793331,12738.6570892287,2682.51717534246,56.7675188696188,27220.4333334971,,,,,,
4/8/19,20,12065.2688808809,13110.3495110354,2796.81074437752,58.0582367449249,28030.4847789454,,,,,,
4/8/19,21,12125.3685084165,13069.0685636198,2737.39793870087,56.8459500225133,27988.6826952528,,,,,,
4/8/19,22,11558.1920552452,12436.1123201197,2549.26155826792,53.4533694434972,26597.0217679871,,,,,,
4/8/19,23,10640.1869116392,11437.8869611551,2303.55498255235,50.026116246771,24431.658349379,,,,,,
4/8/19,24,9806.54655105441,10515.2505697946,2063.45351504366,44.8453463285003,22430.0973748751,,,,,,
4/9/19,1,9283.38315385274,9903.67633233098,1939.24009261372,42.0799879635463,21168.3801123272,,,,,,
4/9/19,2,8884.91429379523,9468.7591506337,1837.66618207752,41.0534132638658,20232.3925518841,,,,,,
4/9/19,3,8682.19171173172,9140.41654644619,1775.58025245606,41.1266540965013,19639.3145080058,,,,,,
4/9/19,4,8613.25864056393,8980.56255604121,1731.32467157285,41.2585061036294,19366.4036288667,,,,,,
4/9/19,5,8791.21806718986,9179.22638856735,1774.11251463714,43.0778898278441,19787.6342371132,,,,,,
4/9/19,6,9400.17936747198,9715.15846949924,1911.31895386928,45.9383793094417,21072.5934989402,,,,,,
4/9/19,7,10443.0824168064,10333.8366175558,2127.28973310665,51.4626182050848,22955.6699990083,,,,,,
4/9/19,8,10915.3150429176,10518.2315965247,2143.62000529287,52.9416162883927,23630.1068861316,,,,,,
4/9/19,9,10566.5229742161,10504.2925073472,2070.52496583861,52.717248281628,23194.0581253458,,,,,,
4/9/19,10,10478.5300991183,10416.6893023671,2056.52212687879,53.113071156155,23004.8565822265,,,,,,
4/9/19,11,10026.2161937585,10365.0879337213,1977.44927657536,53.563841757331,22422.3178550127,,,,,,
4/9/19,12,9608.6709732205,10421.4408615701,1959.6374684217,53.8243228459637,22043.5730276575,,,,,,
4/9/19,13,9352.22585697791,10469.8851333882,1927.50370651003,54.7715195370155,21804.3852722375,,,,,,
4/9/19,14,9256.44414080732,10670.647242911,1952.57725153694,54.8935737000352,21934.5599194356,,,,,,
4/9/19,15,9259.48695497833,10692.7074716693,1987.1224429899,54.4916545552255,21993.8075133848,,,,,,
4/9/19,16,9456.40425283343,10791.5907465155,2044.47476198774,54.0686157077487,22346.5374856626,,,,,,
4/9/19,17,9842.482756412,10897.3420069086,2083.37143550273,54.3338415972612,22877.5282430808,,,,,,
4/9/19,18,10557.4373909626,11054.9834636988,2197.86635195461,54.0393617716408,23864.3245573707,,,,,,
4/9/19,19,10827.9212264753,11220.3077741998,2337.18503916673,54.4593653886575,24439.8719041405,,,,,,
4/9/19,20,11527.2446174351,11874.1492667267,2545.6454807426,56.3565669640814,26003.3947141403,,,,,,
4/9/19,21,11836.3766594011,12087.4878343245,2522.67678496513,55.6662652071573,26502.2080436292,,,,,,
4/9/19,22,11412.6912839263,11613.5071713809,2359.53337631761,53.1901797897281,25438.9228632381,,,,,,
4/9/19,23,10571.9473134311,10635.5576791774,2161.75684045762,49.7787409919769,23419.0437605332,,,,,,
4/9/19,24,9840.88093683352,9819.96817936275,1945.64592509179,45.5415923378638,21652.0363752174,,,,,,
4/10/19,1,9315.63806283007,9226.78185490965,1815.70923529344,44.0727926968178,20402.2026779201,,,,,,
4/10/19,2,9003.04234063018,8922.44856724321,1737.04160855662,43.7160089018924,19706.2499208641,,,,,,
4/10/19,3,8807.82399087097,8711.80005732153,1677.14814308198,44.6132958960479,19241.3862542546,,,,,,
4/10/19,4,8790.00572624217,8743.78663631998,1669.63831171338,46.9736620743382,19250.4043474687,,,,,,
4/10/19,5,9024.24354912276,9010.16466661494,1703.34499564288,52.0212214949116,19789.7733791482,,,,,,
4/10/19,6,9687.34929651084,9680.79424514378,1862.99107727833,57.2409126747365,21288.3734482745,,,,,,
4/10/19,7,10750.9970228211,10454.8556705433,2070.30288153373,65.5659920875709,23341.7188172326,,,,,,
4/10/19,8,11209.5240793984,10677.2681433518,2141.67670673193,66.8669795672244,24095.3332783956,,,,,,
4/10/19,9,10917.0739567156,10582.4320635305,1989.11921139861,65.1263733432166,23553.7514697448,,,,,,
4/10/19,10,10406.2274203461,10505.5783246105,1837.01663881228,61.7381337535898,22810.5605590056,,,,,,
4/10/19,11,9869.54811408921,10464.8004517634,1720.07073303472,59.4840127024045,22113.9042782823,,,,,,
4/10/19,12,9481.22325939943,10472.1505130836,1640.59867030927,55.7592805988668,21649.7339843944,,,,,,
4/10/19,13,9204.61528695319,10507.4283101941,1597.67940967617,55.404074552205,21365.1265032174,,,,,,
4/10/19,14,9033.53063412419,10631.9232274227,1626.153037998,53.1908395340394,21344.7973748829,,,,,,
4/10/19,15,9223.69993479395,10696.2760357879,1642.53897997527,50.9300418013946,21613.4439765004,,,,,,
4/10/19,16,9450.12290796104,10799.1937451184,1736.43380121818,49.771580219108,22035.5197032596,,,,,,
4/10/19,17,9956.82105099561,11009.0059531501,1908.27867733862,51.300662562431,22925.4057407744,,,,,,
4/10/19,18,10613.4386727705,11288.4104341743,2117.66652427692,52.5027597251754,24072.0167902969,,,,,,
4/10/19,19,11089.3059275526,11604.9217554341,2293.74223768968,54.7414459333239,25042.7119120791,,,,,,
4/10/19,20,11769.322469922,12196.165990186,2506.32722163161,57.3096594043014,26529.1229091617,,,,,,
4/10/19,21,12130.1680394227,12303.5685179871,2486.80129340644,57.6322960442906,26978.17193887,,,,,,
4/10/19,22,11649.1591288835,11768.8115718348,2353.45683077947,55.1774612366584,25826.605887848,,,,,,
4/10/19,23,10758.2933081992,10896.5949659424,2130.54167286172,52.0597817407459,23837.492870398,,,,,,
4/10/19,24,9988.61249977242,10078.9236059213,1925.88988878869,50.036025160198,22043.4639433786,,,,,,
4/11/19,1,9656.57491461552,9499.45820715974,1823.5664353801,48.4437804961066,21028.0443907834,,,,,,
4/11/19,2,9484.5076959868,9127.54487485411,1751.61118008541,48.3307620866803,20411.9957888583,,,,,,
4/11/19,3,9260.84985298366,9002.42422397914,1685.07918354342,49.6552208534796,19998.0085126609,,,,,,
4/11/19,4,8901.04342466585,8958.26331438874,1684.57618627919,50.0720835255709,19593.9550779514,,,,,,
4/11/19,5,9107.3554472835,9185.98362297149,1716.41756678403,53.01982718649,20062.7756884211,,,,,,
4/11/19,6,9740.95588367757,9821.72156397145,1864.71534635423,58.2682406241317,21485.6584233867,,,,,,
4/11/19,7,10773.302004362,10645.7973991822,2084.46332768561,65.9657923229587,23569.5241040262,,,,,,
4/11/19,8,11250.3328316103,10740.0646075949,2121.1018173548,65.3585670139566,24176.8555280899,,,,,,
4/11/19,9,11149.2769256157,10653.0650242638,2003.44109529906,61.8011105970366,23867.5838990537,,,,,,
4/11/19,10,11187.2743454232,10731.1651645864,1894.33539545848,56.4458810469097,23869.2212196981,,,,,,
4/11/19,11,10924.795866632,10837.7053642672,1778.56178338983,59.5329830358788,23600.5959933883,,,,,,
4/11/19,12,10849.8317723407,10723.8055142673,1803.20449002562,57.5212526394083,23434.3635654428,,,,,,
4/11/19,13,10874.8277814165,10924.773077471,1679.21150362594,54.5712247822829,23533.3811690417,,,,,,
4/11/19,14,10751.7653296403,11243.1564572336,1761.00199186231,52.880106055477,23808.8039553011,,,,,,
4/11/19,15,10330.7626052922,11293.1926378604,1891.50555081944,52.1552244756827,23567.6156839562,,,,,,
4/11/19,16,9989.69182238889,11232.1492274423,1879.0328384074,51.1247636837769,23151.9978171185,,,,,,
4/11/19,17,9927.16820126278,11230.8577082889,1994.14809809837,50.9121717332094,23203.0846614778,,,,,,
4/11/19,18,10372.505914612,11225.9984052145,2135.66294161223,51.1938654863978,23785.3597900619,,,,,,
4/11/19,19,11035.0073162957,11394.7310653495,2246.88005901573,52.9525965674199,24729.5713720279,,,,,,
4/11/19,20,11739.2740221175,12035.7617735447,2480.89474788725,55.2077370642801,26311.1350828081,,,,,,
4/11/19,21,12163.6074722907,12128.8905242187,2486.10234187283,56.2344546849201,26834.8345357865,,,,,,
4/11/19,22,11661.5339449282,11606.3375068599,2333.1702865969,53.8797261317526,25654.923569728,,,,,,
4/11/19,23,10785.4717146651,10804.0615963601,2127.1218283793,50.8873500830263,23767.5464722556,,,,,,
4/11/19,24,10028.4218889235,10004.8245707088,1921.1084225039,48.2892723617397,22002.6464032898,,,,,,
4/12/19,1,9516.24967393459,9464.12037027152,1814.11049305722,46.6426947473235,20841.1245306811,,,,,,
4/12/19,2,9152.16093451103,9085.0304852939,1729.65637944209,44.1715061791844,20011.0205374998,,,,,,
4/12/19,3,8948.29671911934,8960.30418499331,1677.53678789374,46.1132627573754,19632.2524128557,,,,,,
4/12/19,4,8923.29845617739,8820.76260285855,1663.4983004738,48.269934276741,19455.8300430901,,,,,,
4/12/19,5,9131.90543223668,9071.13620545832,1701.41166937427,51.7994736457721,19956.2517819444,,,,,,
4/12/19,6,9742.38005767247,9719.20769567767,1838.45538271936,56.7498488178186,21356.7897166144,,,,,,
4/12/19,7,10769.3368296654,10395.1907437108,2038.83085972988,64.1169056452504,23267.4745758009,,,,,,
4/12/19,8,11310.7406991806,10739.6133689463,2085.16334697865,64.4405920841291,24199.9561033834,,,,,,
4/12/19,9,10942.4402100052,10662.2693788741,2055.22662923784,60.9277132868645,23720.8655908741,,,,,,
4/12/19,10,10644.1343683543,10509.2626706828,1928.82723551224,57.5600771227371,23139.7854922689,,,,,,
4/12/19,11,10119.7775054976,10507.2996998117,1827.29768712012,54.164157504881,22508.5382799534,,,,,,
4/12/19,12,9692.20188492553,10550.14869194,1758.8047262292,52.0526162283508,22053.210309731,,,,,,
4/12/19,13,9409.04324975889,10537.5869150993,1690.56369505627,51.008628380537,21688.2048931446,,,,,,
4/12/19,14,9336.92135392814,10624.9451103304,1652.5452526743,49.4466267741848,21663.857931695,,,,,,
4/12/19,15,9383.48489987676,10599.8881535573,1679.16187031991,47.2312149352203,21709.7662376917,,,,,,
4/12/19,16,9565.44447515304,10577.5116367197,1743.49152069081,46.8051299395079,21933.252468929,,,,,,
4/12/19,17,9717.97700599865,10745.4991145783,1882.61074640283,48.9648135562447,22395.052420211,,,,,,
4/12/19,18,10281.8380816557,10993.3770675388,2091.09575037647,49.4640306482913,23415.7762482831,,,,,,
4/12/19,19,10890.6977693759,11286.2984344149,2229.35949462131,51.1751904473387,24457.5278694803,,,,,,
4/12/19,20,11478.5691844934,11795.4742107676,2397.82986990776,53.0998895182415,25724.9707471389,,,,,,
4/12/19,21,11756.9856292767,11929.4867456659,2421.67074518592,53.6024305902143,26161.745682379,,,,,,
4/12/19,22,11397.5540360111,11536.82658135,2299.1713485002,52.0690464511092,25285.6233010992,,,,,,
4/12/19,23,10695.905030817,10891.4929098878,2130.24435072957,50.1347854257634,23767.7781128552,,,,,,
4/12/19,24,9944.79022857354,10200.5215258456,1939.1319331834,47.4436416687287,22131.8894360613,,,,,,
4/13/19,1,9319.62655741805,9584.09197246924,1824.50225606558,45.1394784912183,20773.3613394828,,,,,,
4/13/19,2,8948.77571771645,9247.66091561885,1736.54735220351,45.3936649347835,19978.3774792238,,,,,,
4/13/19,3,8698.94713030465,8982.90040579482,1675.00766054111,47.2755868050116,19404.1311605208,,,,,,
4/13/19,4,8561.63368081484,8847.77878692653,1647.07045460094,48.0621723946142,19104.544810245,,,,,,
4/13/19,5,8588.51165666538,8910.31837168127,1662.69970931756,50.3245723298945,19211.8535657136,,,,,,
4/13/19,6,8836.87717692189,9158.04880739737,1715.94916474932,53.9153573918332,19764.7897310227,,,,,,
4/13/19,7,9238.35375747493,9274.19803164748,1789.23094603645,59.058007953363,20360.8402119897,,,,,,
4/13/19,8,9715.55821474958,9247.77314790823,1778.37757055108,58.4248317076082,20800.1318577353,,,,,,
4/13/19,9,9664.56101675238,9198.66539497997,1709.52619398008,55.9118395058127,20628.6638396636,,,,,,
4/13/19,10,9286.3973347333,9153.17618478429,1615.68566579998,53.1843931529744,20108.4437207875,,,,,,
4/13/19,11,8911.81088851172,9110.0594587443,1520.24081180854,49.497842647757,19591.6092725257,,,,,,
4/13/19,12,8649.85967224584,9067.36328523437,1453.76379109838,47.6373042283522,19218.6257004846,,,,,,
4/13/19,13,8499.6945396513,9106.30046091256,1411.66401689284,47.042458590708,19064.702019745,,,,,,
4/13/19,14,8524.31901986007,9197.67842271788,1401.85019017484,46.5476614920886,19170.3947517876,,,,,,
4/13/19,15,8606.87266772636,9368.91696994894,1467.54932018045,46.4879989553627,19489.8271683373,,,,,,
4/13/19,16,8836.30720476807,9616.20823482861,1561.46085149895,47.499566482179,20061.4752320623,,,,,,
4/13/19,17,8941.32208865558,9981.47611232534,1759.33827358962,49.4817241700028,20731.6182779283,,,,,,
4/13/19,18,9659.3425811171,10411.8947999077,1974.47300597926,50.2432112158921,22095.9528766967,,,,,,
4/13/19,19,10250.4243271529,10812.2843952494,2174.13572635848,51.3285566020118,23288.1722616665,,,,,,
4/13/19,20,10751.0388297203,11321.7109098604,2375.21329697137,52.6827534364409,24500.6440062241,,,,,,
4/13/19,21,11070.8809079717,11435.3957095926,2390.50610064204,52.6697199632542,24949.4530964965,,,,,,
4/13/19,22,10760.1261318995,11020.6777386066,2284.7421354574,50.947550136883,24116.4937351622,,,,,,
4/13/19,23,10145.336266858,10387.0852968206,2112.28025077433,48.1121617521257,22692.8180219762,,,,,,
4/13/19,24,9488.3873283974,9727.75468863058,1932.6599410108,43.8638574901087,21192.6675586418,,,,,,
4/14/19,1,8946.35144930109,9201.02559037225,1820.29073975097,42.2313028368379,20009.8998474356,,,,,,
4/14/19,2,8556.80286088026,8856.2925920276,1734.23251848279,41.8834339608978,19189.2117593346,,,,,,
4/14/19,3,8324.79912624883,8568.45711371289,1672.46278061378,41.9812421014939,18607.7002062061,,,,,,
4/14/19,4,8199.63281102474,8421.78231259919,1642.32597863788,42.7134870621235,18306.4554731719,,,,,,
4/14/19,5,8188.61956033816,8379.86242625343,1640.910802562,45.3983572495232,18254.7908820141,,,,,,
4/14/19,6,8341.34943569716,8469.12254989399,1680.31002949815,49.6421037647609,18540.4234358515,,,,,,
4/14/19,7,8577.68528364615,8524.78499493889,1713.73162452127,53.4054981613292,18869.6071450204,,,,,,
4/14/19,8,8604.92590668365,8497.26644961247,1694.8760619151,54.3118908653795,18851.3782269045,,,,,,
4/14/19,9,8617.91653759876,8479.81503936653,1663.7492318293,51.7987742236431,18813.2788451797,,,,,,
4/14/19,10,8322.50758126979,8388.20508342767,1595.9767735698,51.3202872179812,18358.0108074138,,,,,,
4/14/19,11,8255.77026875829,8350.48668407354,1482.34866550311,47.5516241853144,18136.1583029723,,,,,,
4/14/19,12,7997.43807806613,8395.86254381614,1395.96373577309,47.0334378668955,17836.2994912978,,,,,,
4/14/19,13,7874.54127593852,8481.81356621982,1348.52829873509,47.2925847236153,17752.1745732125,,,,,,
4/14/19,14,7878.12535397765,8623.22851432475,1347.58205716139,47.1056794121832,17896.0416212764,,,,,,
4/14/19,15,8058.60828135169,8817.17572174407,1408.39463192661,47.3912816832969,18331.5691538774,,,,,,
4/14/19,16,8440.85857600214,9061.53598963379,1524.58891095592,50.030598835131,19077.0136922992,,,,,,
4/14/19,17,9004.46804014349,9539.55932785035,1710.16169867862,51.4163817623847,20305.6053175782,,,,,,
4/14/19,18,9557.2434703857,10058.2681483031,1950.87523631189,53.7198768526564,21620.1058825812,,,,,,
4/14/19,19,10261.0367610856,10509.4143921206,2167.57284422038,54.0980678646037,22992.1210031489,,,,,,
4/14/19,20,10924.1762946908,11120.7358406339,2389.91806252078,54.7519001810821,24489.5798749771,,,,,,
4/14/19,21,11281.2576898195,11306.2799503631,2386.23941138875,54.1134388607799,25027.8911255047,,,,,,
4/14/19,22,10850.9302283976,10891.8202264267,2256.37977355902,50.9747411097758,24050.10551164,,,,,,
4/14/19,23,10097.1114239905,10193.2377320831,2057.70458911291,47.390491134453,22395.4446998181,,,,,,
4/14/19,24,9393.05703132416,9500.34945290891,1868.17138483716,42.5651667315805,20804.1441445193,,,,,,
4/15/19,1,8883.68765901878,9015.04821802669,1771.63166940052,40.2911479547613,19710.6586173555,,,,,,
4/15/19,2,8571.06205087307,8758.17519067817,1690.65575560002,39.3019717589137,19059.196032266,,,,,,
4/15/19,3,8397.73068276873,8667.49080026032,1649.40629731021,39.5983129070201,18754.2269333284,,,,,,
4/15/19,4,8392.61660642331,8646.25766595771,1641.055985962,40.0719740887997,18720.0012911162,,,,,,
4/15/19,5,8643.86726157471,8906.97140766774,1688.53457585404,42.0052622264601,19281.3777790525,,,,,,
4/15/19,6,9252.52990380432,9558.86280878372,1853.2618927783,47.4903371880081,20712.1437252134,,,,,,
4/15/19,7,10242.3913507777,10343.9972139124,2021.45843367274,51.8286358986321,22659.6744469576,,,,,,
4/15/19,8,10904.4176220312,10601.618910167,2050.44424071559,53.9085747446334,23610.3872004988,,,,,,
4/15/19,9,11193.9815376736,10652.196468186,2034.96609249951,54.0163060137625,23935.1593670254,,,,,,
4/15/19,10,10955.9421197732,10544.5301087965,1927.05549758938,53.0983716974516,23480.6259088987,,,,,,
4/15/19,11,10552.9848086026,10506.0986616762,1776.08188684845,52.9854241388461,22888.1531730798,,,,,,
4/15/19,12,10357.9881432104,10417.1080328655,1669.58717057003,52.8603277058913,22497.5442952742,,,,,,
4/15/19,13,10219.7006140531,10444.8337631966,1632.91690420373,53.2614325008088,22350.7125374035,,,,,,
4/15/19,14,10378.3892998224,10503.5720451488,1640.99567947038,53.3120336169542,22576.2662060717,,,,,,
4/15/19,15,10647.7591620506,10567.5826341198,1686.37332116841,53.4127230757882,22955.12689937,,,,,,
4/15/19,16,10911.5081962171,10698.7191709984,1765.3528973129,52.8106007391265,23428.3903463087,,,,,,
4/15/19,17,11179.4467140279,10832.9005376987,1907.868000547,53.7348002548128,23973.950155525,,,,,,
4/15/19,18,11580.2768436539,11128.8088099071,2151.61565809078,54.2047475342502,24914.9052785635,,,,,,
4/15/19,19,11763.112682075,11413.5888088716,2310.94901559376,54.1517812587082,25541.8014332018,,,,,,
4/15/19,20,12041.5725518927,12059.7474222238,2514.71215837131,55.2557098926297,26671.2868904563,,,,,,
4/15/19,21,12067.0586130691,12242.7778580087,2479.19674931141,54.7229908265717,26843.7580366202,,,,,,
4/15/19,22,11542.4394868546,11707.9664941675,2349.03774893038,51.7283811672224,25651.1731849322,,,,,,
4/15/19,23,10662.2943743076,10872.4462986606,2113.24010603322,47.6041468886537,23695.5868966592,,,,,,
4/15/19,24,9880.41043261149,10051.9278906384,1925.44814919979,43.2220545595397,21901.0099697979,,,,,,
4/16/19,1,9362.65505512664,9511.81918393392,1820.01917537727,41.2468474936474,20735.7409829379,,,,,,
4/16/19,2,9126.24225462349,9195.83801303977,1741.75231407615,40.4943758116755,20104.3272841193,,,,,,
4/16/19,3,8924.32960431663,8958.54128892637,1692.128377114,40.4758045725201,19615.4755831479,,,,,,
4/16/19,4,8863.63432416475,8881.79620809188,1674.71605544734,40.6235076063833,19460.7702338699,,,,,,
4/16/19,5,9063.23825525269,9064.27256046214,1710.88785598732,43.4853581828425,19881.8829836472,,,,,,
4/16/19,6,9621.81890404414,9716.00537611214,1860.56546990469,48.723115011456,21247.111299945,,,,,,
4/16/19,7,10622.4572686002,10496.4179550929,2058.29271733869,53.354137782115,23230.5206276724,,,,,,
4/16/19,8,11211.4419269511,10909.8794838313,2179.14868415634,55.3330359960797,24355.800627803,,,,,,
4/16/19,9,11298.1212657278,11144.9250740673,2175.91891247269,56.1000287609869,24675.1398352417,,,,,,
4/16/19,10,10952.0175015531,11313.7081578774,2154.87943192457,55.052664563457,24475.6571113309,,,,,,
4/16/19,11,10981.4216990477,11449.3142794465,2111.21279838192,55.5242699449517,24597.4736762822,,,,,,
4/16/19,12,10688.3179116876,11420.9609785862,2020.84458095461,57.1495333573261,24187.2746124628,,,,,,
4/16/19,13,10281.4395757011,11304.2674999479,1960.70048990252,57.1420137178196,23603.5502704073,,,,,,
4/16/19,14,10019.5175796673,11229.6597570364,1962.95380258909,55.6184282720986,23267.7469617296,,,,,,
4/16/19,15,9865.49513933421,11055.5303409764,2083.56191720686,52.7575794029226,23057.3482889367,,,,,,
4/16/19,16,9939.41542659813,10936.5236196919,2035.60287630407,51.932964019814,22963.4738844141,,,,,,
4/16/19,17,10167.3871352954,10979.4872801735,2103.92396506292,52.0163455914885,23302.8134867238,,,,,,
4/16/19,18,10324.7058174457,11123.1411432139,2224.87628602231,52.7871607895913,23725.5094486857,,,,,,
4/16/19,19,11070.5642965525,11323.5522308419,2363.21746825702,53.1563025689781,24810.4894629992,,,,,,
4/16/19,20,11728.060356352,12039.0845368751,2527.60563502383,55.7086194641742,26350.4586354958,,,,,,
4/16/19,21,12098.7562880964,12192.8517013688,2509.96423030884,55.1904625580685,26856.7626704136,,,,,,
4/16/19,22,11638.8739840697,11714.3505410284,2357.18795731888,52.9607518929065,25763.3738939889,,,,,,
4/16/19,23,10810.2948185856,10929.9592747112,2136.80417756998,49.8560950154332,23926.9167438124,,,,,,
4/16/19,24,10027.0446046716,10159.5419674191,1940.65460034831,47.2291168458657,22174.4713310911,,,,,,
4/17/19,1,9560.38514657835,9680.25045006745,1832.41048769481,44.6485873500955,21117.6950376888,,,,,,
4/17/19,2,9242.85792730161,9452.9361628882,1752.02914232084,43.5735029829382,20491.3968533415,,,,,,
4/17/19,3,9040.10339024934,9196.99218396116,1708.28721152269,44.4066842126359,19989.7888640878,,,,,,
4/17/19,4,9007.01937843663,9046.84480810413,1694.51820883315,46.8954078341831,19795.2779282246,,,,,,
4/17/19,5,9242.34226345719,9266.70707395527,1738.38397420464,50.4470735247495,20297.8799846859,,,,,,
4/17/19,6,9862.00198389855,9905.82465351581,1888.94801803776,54.5216000252035,21711.2948342627,,,,,,
4/17/19,7,10755.9132318127,10694.8775854461,2058.39284390308,60.4293757317478,23569.6118974172,,,,,,
4/17/19,8,11157.0665898994,11002.5164932552,2131.75002225791,60.2244964103028,24351.5560557173,,,,,,
4/17/19,9,10891.0815600477,10926.3043005435,2009.5818628252,57.5311751173671,23884.499840978,,,,,,
4/17/19,10,10602.3656047722,10851.6628257125,1872.1189035674,54.5881255418938,23380.7362978139,,,,,,
4/17/19,11,10135.9330945908,10763.8642918458,1762.91452934486,52.9892420151062,22715.7013326365,,,,,,
4/17/19,12,9869.8145271518,10731.2426057679,1708.35442528801,51.9638255673444,22361.3751315356,,,,,,
4/17/19,13,9946.34939085942,10810.764882017,1700.72059366156,51.9090637167942,22509.7425866709,,,,,,
4/17/19,14,10034.2590754214,11009.1882652426,1747.25014635216,52.0324003902397,22842.7305053589,,,,,,
4/17/19,15,10145.111634046,11213.4587101335,1758.26370941315,51.8458735064752,23168.6790392757,,,,,,
4/17/19,16,10391.663122449,11326.1818329858,1822.77918378978,52.2463294670687,23592.8709366615,,,,,,
4/17/19,17,10848.900910405,11507.6203090771,1985.69715327343,52.7628906612988,24394.9795391169,,,,,,
4/17/19,18,10943.0935083674,11760.0838175087,2188.20873881799,54.8768112246293,24946.2631623267,,,,,,
4/17/19,19,11505.1163172205,11999.5348663049,2345.89377563402,53.8139668868648,25904.3578581867,,,,,,
4/17/19,20,12029.5531100189,12529.5966065223,2555.30027129908,55.5718615376963,27170.0219515592,,,,,,
4/17/19,21,12304.2721512507,12621.3966685506,2555.15041226869,55.8372738328889,27536.6566052004,,,,,,
4/17/19,22,11828.791819063,12134.7243561041,2397.90159387227,52.3325896068544,26413.7519439571,,,,,,
4/17/19,23,11038.4888583693,11365.3386724143,2186.07033038527,48.3984773646127,24638.2970502624,,,,,,
4/17/19,24,10225.1191944018,10653.7877989802,1971.25743813924,44.9396195141736,22895.1054765342,,,,,,
4/18/19,1,9631.46478405412,10142.0841803168,1852.28628712817,41.6238816253315,21667.4594209364,,,,,,
4/18/19,2,9251.65350081682,9718.83036972497,1761.2584301849,40.6575571852805,20772.4000550658,,,,,,
4/18/19,3,9018.22748405401,9457.57402616582,1703.91469059157,40.9914918227309,20220.7077873551,,,,,,
4/18/19,4,8956.13647744106,9408.3197446962,1687.85545708801,41.9848427327264,20094.2958238053,,,,,,
4/18/19,5,9071.70267149363,9567.74183888384,1726.92736789005,45.3412922172081,20411.7118929452,,,,,,
4/18/19,6,9651.91364374619,10185.5086871035,1875.57503675114,51.4111595945771,21764.4051556534,,,,,,
4/18/19,7,10664.7679068881,10819.1921608701,2048.79529699303,55.8501396996863,23588.6053299734,,,,,,
4/18/19,8,11153.613297488,11180.9617307399,2086.91036318568,56.8053387770989,24478.287993003,,,,,,
4/18/19,9,11045.9342120533,11218.8792442175,2024.0877091113,55.7653480817639,24344.6666391666,,,,,,
4/18/19,10,10867.1661346024,11292.4120095079,1968.4377772377,53.4029647603088,24181.4197546257,,,,,,
4/18/19,11,10458.7709065322,11246.8888976991,1886.81563302537,52.8843019000713,23645.3598029476,,,,,,
4/18/19,12,10310.8895642365,11446.0972846795,1855.10380633982,53.3510677702263,23665.4422486591,,,,,,
4/18/19,13,10294.6526710215,11659.7389550504,1847.11054175329,54.1322006817873,23855.6340731052,,,,,,
4/18/19,14,10185.1122044544,11954.5034914894,1830.66914411688,55.1915424909172,24025.4765292857,,,,,,
4/18/19,15,10463.8428515557,12282.9382198163,1909.37864057766,56.7684111398785,24712.9280612057,,,,,,
4/18/19,16,10852.7444868424,12718.492862512,2030.0189542609,59.6880359214666,25660.9433089262,,,,,,
4/18/19,17,11349.2526604397,13003.0209981129,2160.55565890594,60.6089223474472,26573.4370947019,,,,,,
4/18/19,18,11921.2491691005,13244.9665995189,2359.70963291454,60.8955231314823,27586.820973836,,,,,,
4/18/19,19,12351.9292407627,13279.9900763044,2505.61450107034,61.1451884782637,28198.6782413846,,,,,,
4/18/19,20,12765.3022674783,13397.8819627938,2666.37733020038,60.93558636017,28890.497593119,,,,,,
4/18/19,21,12924.612018894,13450.5709156516,2611.54982246809,59.7859575949602,29046.5192649044,,,,,,
4/18/19,22,12386.7483724853,12922.8231116675,2451.11149045585,53.7040891196111,27814.3881634036,,,,,,
4/18/19,23,11451.211698194,11969.5264175884,2236.64102288931,49.0940861376906,25706.4739949296,,,,,,
4/18/19,24,10580.5871643466,11111.3746932342,2017.95262102768,45.4690319390861,23755.3830554891,,,,,,
4/19/19,1,9997.85023074047,10320.7777824228,1902.36718823705,41.1724836147085,22262.1670976355,,,,,,
4/19/19,2,9566.63444062923,9652.49208217669,1810.93776242365,39.7725430687211,21069.8372178635,,,,,,
4/19/19,3,9299.53106713574,9358.09956679512,1747.17484802515,39.8233943034313,20444.6288969745,,,,,,
4/19/19,4,9115.02598312946,9204.05482117109,1721.25576214657,40.1072714793917,20080.4441732226,,,,,,
4/19/19,5,9200.60384134335,9299.98215744681,1763.5737816263,41.7945982159905,20305.9537376944,,,,,,
4/19/19,6,9656.45455932914,9896.90732247671,1877.06666844556,45.5432802276506,21475.9710586818,,,,,,
4/19/19,7,10375.6000797099,10389.9543072001,2018.49262530278,49.9065159276652,22833.9522745356,,,,,,
4/19/19,8,10799.8506666964,10579.0255782125,2091.08523102399,51.4219420991844,23521.3827486637,,,,,,
4/19/19,9,10894.5600449764,10667.2673986061,2029.02538622661,51.1090352878853,23641.9621935384,,,,,,
4/19/19,10,11022.0999221297,10818.3266062173,1956.68235240852,50.3801338538697,23847.4894329232,,,,,,
4/19/19,11,10993.6866436007,10928.8810654149,1946.1215797669,51.5059663620798,23920.1943942637,,,,,,
4/19/19,12,10850.1096762475,11086.830454738,1930.71713787077,52.6435368443166,23920.3010481559,,,,,,
4/19/19,13,10535.627825871,11411.6784005505,1822.85656954003,55.5359293832866,23825.6975070891,,,,,,
4/19/19,14,10637.4877867058,11675.8079262937,1844.49312915953,57.4064729249115,24215.1955084829,,,,,,
4/19/19,15,10526.8031464585,11867.8497539206,1905.16869618767,58.9183533000383,24358.7400112884,,,,,,
4/19/19,16,10836.8644950391,12062.0638043357,1917.59988998933,61.2305643380182,24877.7580969549,,,,,,
4/19/19,17,11286.2274411824,12183.9830329715,2056.83374039703,62.6205124664042,25589.6637949236,,,,,,
4/19/19,18,11598.9916183381,12251.796250179,2207.26662516503,63.507707411822,26121.5626593546,,,,,,
4/19/19,19,11988.6145484001,12274.0476453813,2375.35871356065,61.0305135231418,26699.0500720024,,,,,,
4/19/19,20,12313.4857747398,12453.158273678,2562.72943234922,59.4803049918957,27388.8533917554,,,,,,
4/19/19,21,12494.019086891,12452.9076015623,2492.97118777821,56.3842370413622,27496.2823141808,,,,,,
4/19/19,22,11944.0397526078,12095.6309767227,2369.2463353373,52.9665604607588,26461.8849951298,,,,,,
4/19/19,23,11155.1069958102,11327.2460143402,2185.78140254355,49.2235006996749,24717.3587811238,,,,,,
4/19/19,24,10384.1290570831,10551.9133768227,2009.90458088481,44.0349334787564,22989.9831822092,,,,,,
4/20/19,1,9857.34872413257,9913.67290378087,1890.98017763377,41.1120964174941,21703.1152485606,,,,,,
4/20/19,2,9595.63359884698,9460.85925152928,1803.13711839101,39.5932055023102,20899.2229083982,,,,,,
4/20/19,3,9292.52701256728,9132.56296546393,1723.29415657953,39.4502867829787,20187.8343533177,,,,,,
4/20/19,4,9111.94566458858,8898.98754880537,1692.31145796684,39.3961020721155,19742.6417233637,,,,,,
4/20/19,5,9102.8317215946,8891.65012733044,1701.54338446974,40.3508176073461,19736.3730075303,,,,,,
4/20/19,6,9296.67202837445,9072.38446311654,1740.85351929722,42.0999683422709,20152.0088272048,,,,,,
4/20/19,7,9774.93003935379,9207.65988770687,1783.68058931856,44.4711081306254,20810.7404037701,,,,,,
4/20/19,8,10209.2833790198,9368.27854739642,1823.15870085737,46.7486689662052,21447.4665169467,,,,,,
4/20/19,9,10430.4765457262,9639.47591304221,1873.96183640719,48.1276962436649,21992.0414294833,,,,,,
4/20/19,10,10233.4225870693,9813.25364326603,1859.7365465337,50.0938046576677,21956.5059364029,,,,,,
4/20/19,11,9937.47083505684,9791.66425681282,1716.95248761236,50.8607233647728,21496.9483451203,,,,,,
4/20/19,12,9505.81039780839,9686.59784899809,1598.79423785255,51.5806599290278,20842.7848509774,,,,,,
4/20/19,13,9281.08288741427,9539.42690845633,1567.50727378353,54.8335964436866,20442.8505281254,,,,,,
4/20/19,14,8933.73287716289,9384.75351258494,1506.57987415305,56.3607711027473,19881.4272328388,,,,,,
4/20/19,15,8950.01882978907,9283.66476614723,1464.90405842263,57.0671038714912,19755.6551710638,,,,,,
4/20/19,16,9122.47215446879,9339.55496496233,1563.15934832481,58.5047815946298,20083.6910535757,,,,,,
4/20/19,17,9250.69700112183,9645.69991522491,1684.27889543476,58.9030268062646,20639.5787874269,,,,,,
4/20/19,18,9589.83096368539,10012.9844054824,1906.63997494675,57.730640184309,21567.1858499569,,,,,,
4/20/19,19,10324.8764537218,10453.1618786099,2162.39216902025,55.8832121676074,22996.313880151,,,,,,
4/20/19,20,10922.742630622,11114.5722074282,2353.07153094433,55.0934026460989,24445.4823773919,,,,,,
4/20/19,21,11321.9056434488,11278.8249581444,2337.94876162355,55.0202012811589,24993.6999138963,,,,,,
4/20/19,22,11021.8787508098,10995.3542352633,2259.00755018561,52.2854632886931,24328.5280248391,,,,,,
4/20/19,23,10425.7860561526,10512.2032309361,2156.3955017032,47.9814127005477,23142.36709158,,,,,,
4/20/19,24,10088.2233850535,9873.32326318454,1974.48829940945,44.0776828302903,21980.1142926142,,,,,,
4/21/19,1,9529.07159650855,9370.1231857139,1858.13238105201,41.5493912605187,20798.877374961,,,,,,
4/21/19,2,9104.3261081866,9010.26426632683,1760.42684585511,40.0068366061608,19915.02376874,,,,,,
4/21/19,3,8847.93497988785,8690.49941665618,1691.90640779646,39.9095016000925,19270.250984619,,,,,,
4/21/19,4,8722.38734621298,8571.47177542985,1647.65773400316,39.7536283475089,18981.2706456417,,,,,,
4/21/19,5,9046.08400804592,8550.533317237,1660.49426425884,40.7292967067292,19297.8410237157,,,,,,
4/21/19,6,9191.35374025352,8677.3689168585,1681.0136843205,42.3931710039021,19592.1290646613,,,,,,
4/21/19,7,9343.56485424706,8717.70402249942,1690.03147342997,43.8256360326467,19795.1253706208,,,,,,
4/21/19,8,9357.99664646918,8650.05833864282,1700.90363817222,46.3315577090838,19755.2903252165,,,,,,
4/21/19,9,9161.79932200557,8692.11762068878,1717.68648934482,48.7590411808511,19620.3627775939,,,,,,
4/21/19,10,8717.28310787762,8627.98366652546,1673.6238682552,50.2920151132088,19069.1832364719,,,,,,
4/21/19,11,8281.95455913275,8633.85442439277,1539.0979943368,48.6500962346546,18503.5577484589,,,,,,
4/21/19,12,7990.36977790984,8536.49393364988,1462.10059054055,48.9440502688617,18037.9082925989,,,,,,
4/21/19,13,7745.02161372296,8276.59540428789,1381.67092319201,49.8252012928312,17453.1122682508,,,,,,
4/21/19,14,7660.31035708514,8125.38688160713,1298.53975052642,49.7563437232812,17133.9932648007,,,,,,
4/21/19,15,7752.40448849404,8128.49329050039,1288.92659521742,49.9102969992701,17219.7342737444,,,,,,
4/21/19,16,8092.81349704892,8363.61309557476,1371.02949810351,52.149964097439,17879.6047326605,,,,,,
4/21/19,17,8611.19048132665,8695.16850643961,1528.72999346636,52.7587401168478,18887.8474881116,,,,,,
4/21/19,18,9158.14604375495,9198.32972560857,1758.05209187149,53.2474885268546,20167.7742941539,,,,,,
4/21/19,19,9758.66054408172,9778.51993597109,1977.22160884282,53.3723962433709,21567.7741595939,,,,,,
4/21/19,20,10479.4145940215,10549.1313131329,2204.83518064611,53.3856013710531,23286.7663352329,,,,,,
4/21/19,21,11040.7265255613,11025.0305014788,2272.25134040855,53.369537164659,24391.3786534853,,,,,,
4/21/19,22,10762.4971864356,10756.6358086597,2183.81469605694,50.8585163988384,23753.8070789802,,,,,,
4/21/19,23,10071.5160568424,10169.914788308,2023.63176159312,46.2639820797452,22311.3270821131,,,,,,
4/21/19,24,9683.38613099914,9548.0225093133,1842.86856165853,43.142202641551,21117.4192617711,,,,,,
4/22/19,1,9170.10882823601,9075.95265238987,1803.50038582381,41.261476370671,20090.8241442782,,,,,,
4/22/19,2,8869.63519123785,8675.84816895737,1727.82307418255,40.1320340384041,19313.4383593282,,,,,,
4/22/19,3,8557.6304298566,8496.58440746184,1702.40598056409,40.6437842115657,18797.2648177282,,,,,,
4/22/19,4,8357.66129730861,8467.16114813063,1698.92854262444,41.3174705436931,18565.067915164,,,,,,
4/22/19,5,8608.76228480931,8788.70011261267,1733.22976266922,43.6720102789935,19174.3634069428,,,,,,
4/22/19,6,9208.46198442142,9463.9281087363,1890.75243766475,47.0839870929557,20610.2257173462,,,,,,
4/22/19,7,10077.1498695794,10074.6239797985,2075.12434724377,51.5266812904082,22278.4237536746,,,,,,
4/22/19,8,10533.3816440358,10385.1295719053,2093.71808665889,52.5830795684544,23064.812107273,,,,,,
4/22/19,9,10430.5258390163,10434.0433973351,1994.03459946219,53.1281636451991,22911.7338645661,,,,,,
4/22/19,10,10010.0486781513,10384.7053547014,1894.1638104657,54.1871549774254,22343.1054429276,,,,,,
4/22/19,11,9782.22529095675,10321.7719540566,1787.03575973283,53.0121320137486,21944.0467480893,,,,,,
4/22/19,12,9724.29843756456,10350.9099463575,1740.77488224378,54.2296649174039,21870.2134715552,,,,,,
4/22/19,13,9786.81710076829,10343.1360240047,1707.38745582537,54.4447681625579,21891.7865181822,,,,,,
4/22/19,14,9903.88165541562,10510.993153204,1706.93650823341,54.3663267945712,22176.1729784685,,,,,,
4/22/19,15,10086.4028938445,10870.9915155651,1739.68391021693,54.6018475183622,22751.678506357,,,,,,
4/22/19,16,10424.7996082716,11100.2085076371,1836.96808069298,53.9621955304372,23415.9367701843,,,,,,
4/22/19,17,10960.8861662018,11314.0282174991,1992.00610417831,54.4970786309323,24321.4166429502,,,,,,
4/22/19,18,11702.9269299186,11613.1022248751,2231.80408674014,54.9026599727981,25602.7342719316,,,,,,
4/22/19,19,12340.2591206438,11728.7542442133,2357.10262399824,54.9184263995721,26481.0341055229,,,,,,
4/22/19,20,12706.3899997274,12256.6620614182,2554.89230858066,55.0986350648798,27573.0421443281,,,,,,
4/22/19,21,12919.384864462,12457.7962787758,2569.22333681874,55.1303226771871,28001.5356694063,,,,,,
4/22/19,22,12277.2203285307,11875.5844138638,2443.0793733973,52.044012949573,26647.930772727,,,,,,
4/22/19,23,11238.7299816012,11040.990712424,2194.75359596404,48.0311599595134,24522.5066425173,,,,,,
4/22/19,24,10325.8433301222,10253.8896671121,1995.63824782452,43.7333927930894,22619.1054902686,,,,,,
4/23/19,1,9689.92428382165,9665.20746332143,1889.93109609715,41.5458848509676,21286.6086950104,,,,,,
4/23/19,2,9282.13869066938,9245.76681359138,1805.48500593656,40.3100917305787,20373.7007757369,,,,,,
4/23/19,3,9027.54884541952,9014.6986797253,1754.2649437834,40.031801947952,19836.543911584,,,,,,
4/23/19,4,8930.1470194079,8940.55639453442,1734.05070054828,40.3755842454065,19645.1292948749,,,,,,
4/23/19,5,9099.04175047021,9095.76886978218,1773.61675565341,42.9344202796359,20011.3598948444,,,,,,
4/23/19,6,9636.87510840644,9702.45620229234,1917.60917812588,47.4131837863497,21304.3516283107,,,,,,
4/23/19,7,10533.5551177103,10321.3680926047,2109.19448662309,50.0995693271107,23014.2138773121,,,,,,
4/23/19,8,10980.8592410594,10583.830444033,2184.45676002434,51.8643180053684,23801.0085900018,,,,,,
4/23/19,9,10911.4680822809,10672.8314070524,2160.91713451027,51.7742161232536,23796.9910573552,,,,,,
4/23/19,10,10707.3359186687,10721.5367409683,1984.15372869833,53.0934455487216,23466.1211129348,,,,,,
4/23/19,11,11209.9410875299,10824.6167536922,1857.3426808617,54.1504680758845,23946.0480070268,,,,,,
4/23/19,12,11418.3570582611,10993.217682642,1798.43324758193,55.8116431454633,24265.8217684229,,,,,,
4/23/19,13,11542.5929315522,11209.4811303252,1779.53153265243,57.6856186437099,24589.4267068439,,,,,,
4/23/19,14,11887.4988249988,11472.4094588983,1804.88954784219,59.2684324307383,25224.0669638184,,,,,,
4/23/19,15,12230.338345554,11764.6895666781,1849.62278325635,60.402149403335,25905.0520190034,,,,,,
4/23/19,16,12471.6108337275,12098.9098476257,1936.40583161658,63.4014950561576,26570.325681097,,,,,,
4/23/19,17,13060.8114465804,12385.4687009895,2094.6073404978,64.4398279083325,27605.3262425898,,,,,,
4/23/19,18,13520.3698782709,12592.6157188939,2282.87581432298,63.6142293847987,28459.4745962857,,,,,,
4/23/19,19,14057.9839451392,12643.2847892875,2368.7719828587,62.9386835078277,29132.9782649462,,,,,,
4/23/19,20,14206.9524134116,12916.2811304311,2525.09305407947,60.6422205777431,29708.9695614114,,,,,,
4/23/19,21,14203.9538446219,13015.8730563977,2565.53009047684,59.3347841397146,29844.6931722675,,,,,,
4/23/19,22,13436.1206182896,12358.61814921,2412.3649905987,55.134281041218,28262.2412331838,,,,,,
4/23/19,23,12223.0987148637,11457.1085307422,2211.18837009528,50.0440503227305,25941.4429378233,,,,,,
4/23/19,24,11157.8975718166,10597.5830705392,1985.85728628767,45.1084756900961,23786.4493639918,,,,,,
4/24/19,1,10361.0937579905,9957.76005628325,1876.32937011632,41.7722809614005,22236.9568814227,,,,,,
4/24/19,2,9856.00450889514,9446.2290388667,1808.74812014902,40.3777228529643,21151.3613036053,,,,,,
4/24/19,3,9548.78217151903,9225.28677450827,1761.95689774882,40.2908977080026,20576.3163357472,,,,,,
4/24/19,4,9379.21426855077,9118.5490718373,1744.79236731799,40.175283076476,20282.7309146796,,,,,,
4/24/19,5,9505.74600019253,9328.98838243564,1788.0062089887,41.7983978636243,20664.5384687623,,,,,,
4/24/19,6,10055.2786179896,9860.2547498781,1922.74251645383,45.4935562138255,21883.7674955304,,,,,,
4/24/19,7,10889.5743683088,10464.0538860935,2121.10151054988,50.5423727035494,23525.2694344711,,,,,,
4/24/19,8,11373.9393262283,10794.3367866378,2218.94129113055,51.4195239575929,24438.6349252532,,,,,,
4/24/19,9,11685.7081164631,10883.1036028433,2178.63737845539,51.5857894803138,24799.0341390346,,,,,,
4/24/19,10,11990.9058213455,10936.7145892422,2071.82420298309,52.3354352356445,25051.778004349,,,,,,
4/24/19,11,12074.3001694699,11175.2453869291,1918.79488284848,54.0427886638002,25222.3825481734,,,,,,
4/24/19,12,12267.137699016,11363.9199076101,1850.39144788858,56.4614991261137,25537.9125013692,,,,,,
4/24/19,13,12209.3217939554,11624.6073252892,1846.45266406285,59.335990774323,25739.7165978755,,,,,,
4/24/19,14,12385.5289320751,11986.8713330089,1877.3773548311,62.8049636768174,26312.5809570646,,,,,,
4/24/19,15,12941.7494554454,12348.6359234638,1937.56989215792,67.1654322020682,27295.1183638069,,,,,,
4/24/19,16,13650.0266831468,12588.3547918287,2038.06450054429,69.4462707005201,28345.8915199811,,,,,,
4/24/19,17,14266.8167224973,12854.5931038269,2176.07671988893,71.3386989609958,29368.8246454455,,,,,,
4/24/19,18,14677.1325124019,13127.0343426357,2316.64891506109,72.9296264425308,30193.7458858914,,,,,,
4/24/19,19,14979.9124091593,13123.5855706432,2501.37463224028,71.5192862338799,30676.3897387438,,,,,,
4/24/19,20,14945.5152721278,13352.4789946592,2610.23706904932,68.287005217652,30976.5175508173,,,,,,
4/24/19,21,14826.9590162696,13361.1292559807,2577.11120837696,65.192519025541,30830.392682006,,,,,,
4/24/19,22,13958.2109664206,12737.5354484022,2416.22752572296,58.4042758536938,29170.3794869155,,,,,,
4/24/19,23,12617.6818020926,11750.2857784625,2190.93632030723,52.9113138856085,26611.818309795,,,,,,
4/24/19,24,11452.2041950013,10799.063547836,2029.73884432381,47.3074791537927,24328.3186648848,,,,,,
4/25/19,1,10652.4224331126,10184.0556690847,1918.60155189965,42.452495893944,22797.5333208613,,,,,,
4/25/19,2,10111.1125447104,9712.92247543864,1832.41589768663,40.3016669058542,21696.7537280726,,,,,,
4/25/19,3,9760.3734540129,9485.11740971226,1777.3086911381,39.9135325865497,21062.7146137516,,,,,,
4/25/19,4,9588.78014321224,9369.74702623791,1745.51680509466,40.0208913147026,20744.0645091909,,,,,,
4/25/19,5,9657.64402367839,9539.52806085739,1781.1563094479,42.173448912331,21020.5013852961,,,,,,
4/25/19,6,10170.5858355933,10124.5360881661,1911.60469764618,45.2155865168721,22251.9397206567,,,,,,
4/25/19,7,10995.3632160122,10718.0912529226,2097.86775711077,49.9087455875537,23861.226633338,,,,,,
4/25/19,8,11514.7354527232,11085.8913107002,2157.15292090716,52.6028601214762,24810.3816277897,,,,,,
4/25/19,9,11760.0602840146,11209.0850779349,2132.28424975275,53.2506918957609,25154.6795448625,,,,,,
4/25/19,10,11888.5030299407,11365.7826985877,2020.42267995904,54.3386358019193,25329.0466469143,,,,,,
4/25/19,11,12131.7438684791,11637.6775521428,1914.19503623924,56.8865825167086,25740.5003985342,,,,,,
4/25/19,12,12103.190003589,11920.102666465,1874.53836018589,60.2382328586857,25958.0691849187,,,,,,
4/25/19,13,12271.9920260449,12229.014413574,1852.88428780431,66.3626175400142,26420.2532825337,,,,,,
4/25/19,14,12123.1495894674,12558.6740277392,1879.15056211708,70.6248226762851,26631.599816149,,,,,,
4/25/19,15,12442.1001652107,12807.3810541926,1947.19976388178,72.9676691686239,27269.6486772225,,,,,,
4/25/19,16,12964.9054856223,13151.9152444296,2059.1140123842,75.953806784532,28251.8880943676,,,,,,
4/25/19,17,13559.6742079707,13416.5503257801,2181.3192398188,78.1343930855288,29235.6781613589,,,,,,
4/25/19,18,14147.3132040105,13615.9583053127,2304.22590834225,77.625336765681,30145.1228349761,,,,,,
4/25/19,19,14426.6140851532,13583.1921086238,2516.9828615019,74.5083847646721,30601.2980107809,,,,,,
4/25/19,20,14364.0468986491,13595.6354260254,2573.49352519256,71.0451400159489,30604.2204498211,,,,,,
4/25/19,21,14248.2329373831,13558.9757335169,2553.01933600457,67.7734707754393,30428.0015142872,,,,,,
4/25/19,22,13445.6460205749,12869.1902428714,2411.82547346271,60.4716211958809,28787.1345515414,,,,,,
4/25/19,23,12251.9413193159,11916.5222255309,2204.3566485275,54.1733581630352,26426.9940263311,,,,,,
4/25/19,24,11207.3635406402,10945.0769812813,2032.09533988479,48.3434714987151,24232.8802957953,,,,,,
4/26/19,1,10461.7480316181,10228.9547485596,1899.29269553139,44.3375799319668,22634.3334157642,,,,,,
4/26/19,2,9935.70673595191,9758.05956440026,1802.1711021191,42.501368594645,21538.4384961012,,,,,,
4/26/19,3,9609.88251747101,9502.2929856582,1771.84561672753,41.122618830387,20925.1439051256,,,,,,
4/26/19,4,9464.90717930753,9361.7157273466,1707.87789533212,40.6365357256856,20575.1377830071,,,,,,
4/26/19,5,9598.89372305396,9525.35076030416,1744.09501528768,42.1537422191768,20910.491458534,,,,,,
4/26/19,6,10116.4507803895,10045.3090401036,1872.57077622369,44.629195076497,22078.9585717837,,,,,,
4/26/19,7,10891.2558011485,10652.3485439541,2033.0401739851,48.3795269206674,23625.023565251,,,,,,
4/26/19,8,11363.9669111228,10981.601019371,2074.88394452263,51.5999642204026,24472.0502207949,,,,,,
4/26/19,9,11452.1896101999,11141.9877268371,2066.81671232577,52.4848708138422,24713.4783804236,,,,,,
4/26/19,10,11411.2240648194,11204.0015411199,1920.01042155904,55.8792307991123,24591.1142563099,,,,,,
4/26/19,11,11274.0495512419,11269.8218639233,1720.59358418572,59.2159484581031,24323.6812515828,,,,,,
4/26/19,12,11238.5198394133,11460.8353984134,1650.68024399236,62.9625052660322,24412.997574058,,,,,,
4/26/19,13,11350.4569693763,11720.1586903079,1627.31421412821,68.6621358632453,24766.5918368229,,,,,,
4/26/19,14,11982.9586780704,11963.8076924639,1582.03631949065,71.0789705265589,25599.8812004341,,,,,,
4/26/19,15,12384.8907306279,12240.9927814227,1638.21642799582,73.1790503637902,26337.2786004246,,,,,,
4/26/19,16,12919.5772121188,12493.3518873664,1712.0011234324,74.8742948025539,27199.8025325379,,,,,,
4/26/19,17,13047.7665925421,12612.46792349,1842.13174382981,76.7473636698168,27579.1130578915,,,,,,
4/26/19,18,13391.5708170318,12697.393070954,2033.24986015567,77.3900261158891,28199.6032251828,,,,,,
4/26/19,19,13681.0008789833,12596.6328152352,2266.43487096583,77.0653871641995,28621.1343366947,,,,,,
4/26/19,20,13683.5284993949,12735.6046517229,2420.72185815667,71.1423540576677,28910.9969438502,,,,,,
4/26/19,21,13655.7280374807,12855.5444345656,2447.73254066167,66.4209862573059,29025.4266405828,,,,,,
4/26/19,22,13045.1687768881,12338.2683368371,2343.29140815273,61.3545996803629,27788.0850342885,,,,,,
4/26/19,23,12071.5684574683,11515.3535111042,2205.31338278062,55.6299909187221,25847.8671898024,,,,,,
4/26/19,24,11089.6087867641,10693.0802985682,1987.34408872309,50.4168771377542,23820.4515102197,,,,,,
4/27/19,1,10326.5294385652,9966.57597419233,1885.5345208357,47.0461169709531,22225.6862500991,,,,,,
4/27/19,2,9758.08128839636,9518.66854820893,1787.57292592667,44.7171999162462,21109.0401379398,,,,,,
4/27/19,3,9403.17262646773,9223.59497981176,1718.5058622261,43.3342158782509,20388.6073019907,,,,,,
4/27/19,4,9189.73503934955,9044.05381113412,1684.5984581137,42.4697025949988,19960.856962397,,,,,,
4/27/19,5,9136.98720871796,9061.97850544875,1686.61519567804,42.8438171531258,19928.4242993933,,,,,,
4/27/19,6,9321.76705772711,9263.50199487333,1741.31521859234,44.6135350948992,20371.197177736,,,,,,
4/27/19,7,9597.91654592805,9393.41266701599,1806.15477817655,45.9371960215365,20843.4206638622,,,,,,
4/27/19,8,10233.4286415042,9568.40158944944,1910.48280705726,48.3770784470106,21760.6887109098,,,,,,
4/27/19,9,10402.6269917153,9902.19941773286,1964.67026978535,51.035560911408,22320.5317109339,,,,,,
4/27/19,10,10226.4623722332,10191.358666282,1952.21907829415,53.1415220926982,22423.1824144421,,,,,,
4/27/19,11,10108.9234412033,10238.6368859191,1762.42299750896,56.4987692647549,22166.4826802122,,,,,,
4/27/19,12,9997.87906532296,10053.1390792871,1584.23789954228,60.2601534135226,21695.5167348449,,,,,,
4/27/19,13,10009.8206160124,9810.17584530512,1519.28740926752,65.7929842202882,21405.0765100804,,,,,,
4/27/19,14,10140.3290558582,9710.17912982434,1482.81505508437,70.2939015817162,21403.6152707996,,,,,,
4/27/19,15,10490.0975478831,9790.12549594456,1502.32417218794,73.1292912083814,21855.6758998743,,,,,,
4/27/19,16,10648.6022650341,10057.972206317,1603.09953992613,74.9986213283843,22384.6729088063,,,,,,
4/27/19,17,10843.7613546967,10445.5615767166,1769.16740729937,74.2293004903564,23132.7197685444,,,,,,
4/27/19,18,11186.0171016834,10844.5524765433,2000.18520721889,71.6827845725206,24102.4368267836,,,,,,
4/27/19,19,11651.7800113478,11163.6372915315,2178.14709212386,68.3142945691553,25061.8781254841,,,,,,
4/27/19,20,11925.5416560811,11507.1470163873,2313.85510632243,64.24592058945,25810.7887917662,,,,,,
4/27/19,21,12175.1481955455,11656.2358873435,2352.4825058772,62.051525477053,26245.9175990803,,,,,,
4/27/19,22,11769.3970248736,11339.5615314294,2277.99243504882,57.9144964391731,25444.8658210697,,,,,,
4/27/19,23,11032.5848475894,10686.0923460751,2139.63039932494,52.8346212027104,23911.1423752987,,,,,,
4/27/19,24,10265.1835938406,9966.08745773364,1947.39591993676,48.3139362345307,22226.9820488085,,,,,,
4/28/19,1,9649.25164746455,9499.40152273347,1837.09685015286,45.1040421495933,21030.8542057953,,,,,,
4/28/19,2,9203.5623324332,9159.27333103666,1750.99755484877,42.9572142039605,20156.7906375528,,,,,,
4/28/19,3,8905.24406400544,8851.62687539416,1697.91017713754,41.0095277262808,19495.7909043344,,,,,,
4/28/19,4,8742.34108711353,8634.69616713228,1648.88778534451,39.2720673973118,19065.1966619959,,,,,,
4/28/19,5,8719.50981721498,8599.19594824155,1643.13246072124,41.6600392250548,19003.4984569657,,,,,,
4/28/19,6,8811.49371958009,8727.70212562762,1691.54703063167,42.8796551477873,19273.6219235876,,,,,,
4/28/19,7,9232.27148749897,8635.45191976126,1698.15405757541,43.8817744841734,19609.7586956525,,,,,,
4/28/19,8,9530.73761246397,8647.98618311536,1732.38246522695,46.376560355109,19957.4822417068,,,,,,
4/28/19,9,9422.56837938986,8796.53649597791,1760.01225169223,49.4094933200912,20028.5266721637,,,,,,
4/28/19,10,9206.17412312038,8964.51309336782,1673.4765563291,51.2054899178863,19895.36891239,,,,,,
4/28/19,11,8976.60326650088,9084.21452836286,1514.19187415467,53.2637988731743,19628.2734740207,,,,,,
4/28/19,12,8770.79990065395,9094.75856635251,1558.26945069212,56.8159659763927,19480.6445974767,,,,,,
4/28/19,13,8715.13358398901,9248.54570746716,1503.23202838632,61.912941832059,19528.8238818425,,,,,,
4/28/19,14,8870.59303338752,9629.60808037736,1765.37138692884,66.4487172699042,20332.0210088923,,,,,,
4/28/19,15,8920.07885161439,10108.7934873714,2009.76047919347,69.5192583462928,21108.1519583569,,,,,,
4/28/19,16,9058.11905781659,10071.4878102938,1939.95513901266,72.3922069779934,21141.9541290934,,,,,,
4/28/19,17,9682.72383547945,10025.9756375461,1911.73381843128,76.0696025098412,21696.5027469519,,,,,,
4/28/19,18,10609.248644093,10571.7805397569,1991.13982043446,75.663404782185,23247.8317360229,,,,,,
4/28/19,19,11328.6351561294,11047.5829963539,2191.72789749631,71.4126894663309,24639.358874149,,,,,,
4/28/19,20,11702.8895580014,11588.4075837047,2344.51538523603,68.7971097908559,25704.6089439884,,,,,,
4/28/19,21,12092.7008645786,11738.3059138114,2355.14662639735,64.8321538322557,26250.9850814375,,,,,,
4/28/19,22,11676.4170167903,11349.7657712883,2242.81858801873,59.4652725771795,25328.4667171037,,,,,,
4/28/19,23,10837.8641627839,10694.5465769731,2075.45639883996,54.2574527102672,23662.1252867706,,,,,,
4/28/19,24,9988.77408084671,10016.1144587827,1906.36130211773,49.5235545913997,21960.7747624323,,,,,,
4/29/19,1,9409.07162525932,9475.59855191611,1822.2264493212,45.8498227571824,20752.7469272766,,,,,,
4/29/19,2,8990.47547497081,9117.43746306156,1735.09914672102,43.5923614141277,19886.6042099638,,,,,,
4/29/19,3,8746.53853799598,8922.04765188578,1694.73608608862,42.8054500949431,19406.1277319593,,,,,,
4/29/19,4,8727.87537878371,8789.6125763338,1681.34015593963,42.5596669110761,19241.3882441024,,,,,,
4/29/19,5,8975.17971268255,9016.44862715608,1728.4304176425,43.9398056369154,19763.9988810027,,,,,,
4/29/19,6,9607.06858322,9600.87912559224,1893.52890316263,47.0314107399735,21148.5072839749,,,,,,
4/29/19,7,10454.5347593698,10257.7126205069,2052.97513439831,50.2956571410138,22815.5175096164,,,,,,
4/29/19,8,11025.3732827785,10712.0602217706,2142.16827101414,53.0865734975662,23932.6879489804,,,,,,
4/29/19,9,10954.864598333,10941.1311668502,2203.52017073127,55.0078138663029,24154.5232803006,,,,,,
4/29/19,10,10655.7158893556,11049.0142963185,2222.36428091648,56.152628959605,23983.2475297244,,,,,,
4/29/19,11,10480.5208222215,11044.6970839372,2153.64289525633,56.0984616588492,23734.9596739203,,,,,,
4/29/19,12,10639.856449301,11166.5313327292,2242.36838664644,56.5593718283891,24105.3158916097,,,,,,
4/29/19,13,10651.5027795248,11173.6803517681,2226.0624006938,55.9893642708619,24107.235505688,,,,,,
4/29/19,14,10582.9839420702,11445.0980947781,2097.38637991809,54.5266807626124,24179.9950868455,,,,,,
4/29/19,15,10677.2980063297,11540.3702005303,2075.71145110769,53.7113709210235,24347.0907499382,,,,,,
4/29/19,16,10599.5527888152,11532.4924675836,2114.53453961909,52.7754912593113,24299.3540819728,,,,,,
4/29/19,17,10709.7543631907,11489.2918987321,2227.73670150926,51.733006128685,24478.5157467449,,,,,,
4/29/19,18,11402.1603260811,11400.7665385392,2255.44644451071,51.5304429294834,25109.9040978647,,,,,,
4/29/19,19,11989.7414899817,11477.3480573136,2315.57909205503,51.4082159304239,25834.0766780828,,,,,,
4/29/19,20,12330.5403347572,11926.286070914,2470.35293828088,52.2975071206431,26779.4759076417,,,,,,
4/29/19,21,12614.1004177127,12139.6522523246,2503.24344061228,52.6532831425783,27309.6490037082,,,,,,
4/29/19,22,12083.5475457148,11670.6833242992,2357.07740972809,49.7777032852573,26161.0867283309,,,,,,
4/29/19,23,11102.9974658883,10811.644113421,2160.80162738128,46.1935359790424,24121.6367245974,,,,,,
4/29/19,24,10281.1178202019,10030.2805676145,1954.78062973277,41.8038551395285,22307.9835628674,,,,,,
4/30/19,1,9691.3769855875,9567.27145333019,1855.39868574719,41.7031807498873,21155.7505750117,,,,,,
4/30/19,2,9293.395654211,9146.82911008736,1765.93038683565,40.2555192391268,20246.4107244673,,,,,,
4/30/19,3,9056.71560709388,8929.24156395,1747.40115180856,40.683372294435,19774.0411835949,,,,,,
4/30/19,4,8986.88393285616,8871.18563059408,1740.23852582147,41.6865136870921,19639.9942761478,,,,,,
4/30/19,5,9253.66218717401,9067.21020139159,1733.79715288294,44.3785173757596,20099.0479362756,,,,,,
4/30/19,6,9846.26912256171,9745.07440049467,1877.95025802986,48.3940280194249,21517.6871299501,,,,,,
4/30/19,7,10738.2416147277,10500.6618077472,2075.77512498416,52.5675941248481,23367.2449652747,,,,,,
4/30/19,8,11245.1573438883,11000.4681557963,2244.62221859451,52.7624092228485,24543.0094379872,,,,,,
4/30/19,9,11195.5635936609,11153.6433350202,2260.73149995642,53.0372134719655,24662.9745894343,,,,,,
4/30/19,10,11067.6663900197,11186.419423389,2229.89191973502,51.2457074599481,24535.2228086511,,,,,,
4/30/19,11,11093.1409290114,11187.7725627309,2189.34037561672,51.2957885231728,24521.5493106612,,,,,,
4/30/19,12,11003.5238048078,11120.236674604,2208.64624733083,50.6921273889271,24383.0989152986,,,,,,
4/30/19,13,10839.6933896571,10838.5379521287,2242.04971270088,50.834664362569,23971.1163125108,,,,,,
4/30/19,14,10810.2417100393,10670.2819718525,2252.19016464192,50.7074562847407,23783.4209725853,,,,,,
4/30/19,15,10841.7122649317,10602.2779167247,2213.58052575966,50.1368883579611,23707.7097169326,,,,,,
4/30/19,16,10906.4864585666,10738.5714102564,2197.71997589033,50.7001762922446,23893.4779498267,,,,,,
4/30/19,17,10876.9206769745,10882.6008845244,2231.39530174853,52.2739580056922,24043.1889872157,,,,,,
4/30/19,18,11073.8583846825,11105.2367456727,2281.55335353224,52.1951832423747,24512.8432732579,,,,,,
4/30/19,19,11633.1932077782,11423.5857762986,2360.48036178315,52.753017540557,25470.013023424,,,,,,
4/30/19,20,12118.3452687944,11969.0782542599,2492.83605122743,53.2598827284136,26633.5193429766,,,,,,
4/30/19,21,12542.5084270179,12148.5272599312,2501.46929642813,53.8637133462264,27246.3698077043,,,,,,
4/30/19,22,12048.5226889688,11649.054101612,2371.09783598407,50.930862252172,26119.60741784,,,,,,
4/30/19,23,11101.574711974,10890.8121599384,2177.22605079399,47.6198308548647,24217.2335084497,,,,,,
4/30/19,24,10268.2018163925,10156.0146442826,1992.01129475721,44.1686032651201,22460.3971545637,,,,,,
5/1/19,1,9748.71152641939,9623.82038969061,1869.52267706288,41.7324224737453,21283.7871753707,,,,,,
5/1/19,2,9378.27712828687,9283.58313550009,1801.1111781736,39.8810198478388,20502.8520105318,,,,,,
5/1/19,3,9163.82825046543,8960.12506338296,1771.70392695436,40.3838146743902,19936.0409967056,,,,,,
5/1/19,4,9114.30123741477,9037.5186257854,1711.70229381729,41.883080548322,19905.4052547845,,,,,,
5/1/19,5,9302.57612601099,9242.08663221977,1753.72668923878,45.0043588688454,20343.3934392543,,,,,,
5/1/19,6,9911.18183099653,9855.28689746122,1892.4421621111,48.9673785113623,21707.8774262505,,,,,,
5/1/19,7,10738.8050807225,10444.6223629491,2097.5773899284,52.7829838325191,23333.7860055735,,,,,,
5/1/19,8,11256.6743857242,10797.8293436646,2216.50165549943,54.4621450255391,24325.467266255,,,,,,
5/1/19,9,11307.568012069,10827.5385601014,2196.17245359448,53.3275558893095,24384.6062715809,,,,,,
5/1/19,10,11055.5339230134,10850.4850059361,2121.15883720973,21.1710485321165,24048.3483679531,,,,,,
5/1/19,11,10656.1522512975,10733.0413419943,1945.15660985282,6.76233371583792,23341.1126504241,,,,,,
5/1/19,12,10454.9714013091,10593.5530634328,1732.41886006836,5.71382208776475,22786.6573451742,,,,,,
5/1/19,13,10310.8614023269,10642.941094617,1671.39651605702,33.7473325194904,22658.9466466762,,,,,,
5/1/19,14,10404.7561045887,10683.5787754967,1667.31712045317,50.8212343852194,22806.4727746273,,,,,,
5/1/19,15,10589.08797556,10808.7559944284,1705.39271746845,51.0410836378907,23154.2776982195,,,,,,
5/1/19,16,10570.6216715467,10975.9757059898,1792.29111846704,51.6329232228759,23390.5216590703,,,,,,
5/1/19,17,10733.5965001407,11173.7753954904,1928.72947206441,52.4326071625465,23888.5334139606,,,,,,
5/1/19,18,11335.384451467,11371.3423346018,2136.2225840857,54.2029643191581,24897.1525295442,,,,,,
5/1/19,19,11956.7041759743,11709.1446301964,2312.53257035391,53.5997736050845,26031.980458329,,,,,,
5/1/19,20,12363.4536911634,12168.6196491433,2512.70552628791,53.3928461813564,27098.1713180982,,,,,,
5/1/19,21,12687.6531982955,12580.7623359647,2559.40433648552,53.9737699873932,27881.7920485528,,,,,,
5/1/19,22,12199.1918184492,12139.2001129508,2428.33282609578,51.7856477070886,26818.5113358673,,,,,,
5/1/19,23,11373.4010990284,11171.2601832045,2201.401207871,48.6791107151842,24794.7423507736,,,,,,
5/1/19,24,10679.8407528183,10322.4372044203,1994.00576471745,43.6811961510208,23039.9658860461,,,,,,
5/2/19,1,10154.8633899978,9787.4567388874,1935.45281993676,41.0129135628892,21918.7847575898,,,,,,
5/2/19,2,10057.8661345009,9424.2266273365,1856.47091971126,39.999649092287,21378.5636206857,,,,,,
5/2/19,3,9812.01368411746,9138.43422629833,1786.74682531065,40.2747299936779,20777.468861012,,,,,,
5/2/19,4,9405.13752346639,9035.29638575286,1766.20199095027,41.1217835151396,20247.7574741605,,,,,,
5/2/19,5,9282.60734373029,9283.62081476008,1815.00470274505,45.5752886616939,20426.8071659783,,,,,,
5/2/19,6,10169.4128092969,9820.55979149514,1911.32642275929,49.9872401326244,21951.2860319594,,,,,,
5/2/19,7,10684.7702357683,10402.1499314674,2067.82456481741,53.2428701518584,23207.9873902057,,,,,,
5/2/19,8,11076.0822654234,10780.7698806558,2159.71392772015,53.4872243432932,24070.0536701358,,,,,,
5/2/19,9,10950.1874798024,10960.5864675392,2158.24896879432,52.2379413658589,24121.2592021563,,,,,,
5/2/19,10,10791.7667650865,10995.0891907194,2081.85947217879,51.4175934616119,23920.1338572617,,,,,,
5/2/19,11,10482.7325516364,10899.9741266895,1907.7474178596,51.8048956212322,23342.2585570582,,,,,,
5/2/19,12,10381.4915834282,10893.671448576,1863.64405301781,52.3741407127152,23191.1822376939,,,,,,
5/2/19,13,10292.2674732405,10994.1408630929,1850.49734125339,53.2122446498198,23190.1176044019,,,,,,
5/2/19,14,10361.8110634953,11125.2043993282,1918.31729514943,54.0680999722607,23459.4016236275,,,,,,
5/2/19,15,10536.8933043868,11266.7538071597,1915.9391785365,54.8859480019933,23774.4718110028,,,,,,
5/2/19,16,10732.21256667,11388.9137163993,1944.54842891355,56.363729225409,24122.0373275867,,,,,,
5/2/19,17,11133.6524052125,11571.8369267901,2022.18662633427,59.2125084662931,24786.8874916179,,,,,,
5/2/19,18,11758.1575579784,11815.4830805362,2174.77644658249,59.2644512458477,25807.6819531469,,,,,,
5/2/19,19,12329.678880978,12021.1453217193,2336.02707805119,60.8895019416857,26747.7412583888,,,,,,
5/2/19,20,12712.4366384272,12436.2199393302,2513.42974817938,59.4623594374952,27721.5490288922,,,,,,
5/2/19,21,12962.2576750371,12690.9312332958,2565.72522418692,57.4009754533095,28276.3156187601,,,,,,
5/2/19,22,12516.2886541972,12104.7693609706,2409.226197414,53.0267855705078,27083.3121812459,,,,,,
5/2/19,23,11548.8931443194,11264.0547424683,2200.09842770496,48.8399910128586,25061.8871286601,,,,,,
5/2/19,24,10645.785631811,10442.3763638811,1997.81933187199,45.2033302492784,23131.1855555585,,,,,,
5/3/19,1,10202.9199658793,9862.62185531502,1936.07505749911,42.5301799742778,22044.1466596767,,,,,,
5/3/19,2,9878.50606475487,9478.68321387297,1849.66150355929,40.9242080360247,21247.7752759879,,,,,,
5/3/19,3,9630.90668804369,9209.43109382029,1796.81836719851,40.7345959748873,20677.8907826535,,,,,,
5/3/19,4,9556.47409840974,9143.52502906516,1774.87135389571,41.142886246051,20516.0128383921,,,,,,
5/3/19,5,9393.72558213966,9264.89696067311,1820.12484023975,43.6193015357001,20522.3656565376,,,,,,
5/3/19,6,9968.59103774654,9823.30677563037,1897.90681112966,46.9147273129469,21736.7188132276,,,,,,
5/3/19,7,10767.8677399253,10425.8232732163,2091.28757135534,50.2715329359049,23335.2496698744,,,,,,
5/3/19,8,11352.7077320453,10713.1841619661,2205.39605356499,51.5132532696066,24322.8009664653,,,,,,
5/3/19,9,11363.585262434,10737.2301974075,2261.41476972864,50.4497789459404,24412.6804284081,,,,,,
5/3/19,10,11175.0987773638,10802.3807544555,2264.10024236476,50.0983911320441,24291.6778376539,,,,,,
5/3/19,11,10963.3627205607,10845.5336186065,2204.13547943427,51.0884687906219,24064.1200405138,,,,,,
5/3/19,12,10713.3516674351,10921.9721257817,1917.87054534962,52.3260834834555,23605.5199382122,,,,,,
5/3/19,13,10613.841974491,11010.3985336731,1754.29342756045,54.9401307395216,23433.4740253989,,,,,,
5/3/19,14,10781.720179556,11152.9663175312,1712.16403498259,56.873040315836,23703.7240396136,,,,,,
5/3/19,15,10962.2834408783,11329.1965529993,1756.53736242018,58.1717114660939,24106.1889799673,,,,,,
5/3/19,16,11271.6942822816,11533.8941310432,1842.81251353467,61.0835926313524,24709.4844673241,,,,,,
5/3/19,17,11547.1148563495,11818.6420600228,1959.05178691745,63.0373710673186,25387.8454093904,,,,,,
5/3/19,18,12046.9988501105,12072.2772282075,2165.42060982603,63.7387119675025,26348.4343811063,,,,,,
5/3/19,19,12342.3851277913,12188.93250394,2279.93365154152,63.0856049392123,26874.3362376358,,,,,,
5/3/19,20,12520.1104461722,12411.8227699098,2429.69000017293,59.9199821128227,27421.5424283196,,,,,,
5/3/19,21,12638.8756916923,12671.3206751204,2475.37837504635,57.9771636405596,27843.551801228,,,,,,
5/3/19,22,12199.4580470343,12227.8751169356,2374.03759203982,53.9371541156001,26855.3084460489,,,,,,
5/3/19,23,11469.9212736597,11424.4222469927,2206.48843130319,49.71539894324,25150.5480320238,,,,,,
5/3/19,24,10939.4434486297,10537.8619058293,2022.84992759592,43.9931405240238,23544.148846617,,,,,,
5/4/19,1,10529.7273012326,9901.97478021175,1906.25448393817,42.4122695763994,22380.3690127219,,,,,,
5/4/19,2,9941.46359446489,9474.62056508338,1793.86541397948,41.2764818981563,21251.2258806113,,,,,,
5/4/19,3,9659.75969468592,9169.5442179245,1727.13632906683,40.2831085074777,20596.7230416286,,,,,,
5/4/19,4,9489.13729151176,9015.55790262789,1685.94921060015,40.145930601771,20230.7904195854,,,,,,
5/4/19,5,9501.90004789731,9049.10923513386,1690.7681982389,41.3912460294976,20283.168028394,,,,,,
5/4/19,6,9714.69356899975,9229.05237524348,1742.28888876426,43.2845291557555,20729.3195448868,,,,,,
5/4/19,7,9945.86578639644,9271.03523752597,1789.81979003239,45.2617571254725,21051.9822090166,,,,,,
5/4/19,8,10092.2138120619,9293.8498389609,1872.70404935033,46.8576762440474,21305.6250978483,,,,,,
5/4/19,9,10047.8957393561,9439.46512256357,1937.73121548789,47.8294652389163,21472.9214480066,,,,,,
5/4/19,10,9739.92329885459,9453.61850988638,1880.40366163711,49.545911832063,21123.4926349355,,,,,,
5/4/19,11,9447.48791454161,9314.14900040879,1654.29628953422,51.6708208243926,20467.6044126685,,,,,,
5/4/19,12,9385.4879424668,9355.06899895791,1489.12958046359,53.919923240672,20283.6077637612,,,,,,
5/4/19,13,9299.86252588512,9430.2468471976,1469.4788799732,57.2053326215773,20256.7931923195,,,,,,
5/4/19,14,9378.36572718684,9563.09513257255,1478.2577485711,59.8900662019185,20479.6081893703,,,,,,
5/4/19,15,9600.28495964318,9772.87312305959,1526.79569486336,61.7800479630717,20961.7333702257,,,,,,
5/4/19,16,10027.4119321281,10051.4487336396,1633.0481095049,63.7899967367476,21775.6975053856,,,,,,
5/4/19,17,10662.8289782659,10360.3566106773,1739.22865542052,66.9163366054922,22829.3305448765,,,,,,
5/4/19,18,11077.2908224935,10822.564995328,1955.6563223559,67.2432802876498,23922.7543996828,,,,,,
5/4/19,19,11556.9752323078,11195.5360630436,2133.36835659648,65.4471030433101,24951.3273289864,,,,,,
5/4/19,20,11754.5086564813,11524.0975319728,2319.38164360492,62.5492086744667,25660.5367608721,,,,,,
5/4/19,21,11949.6102728105,11778.9827309811,2385.88274145786,59.2897117074038,26173.7648583153,,,,,,
5/4/19,22,11618.0663121065,11361.3890566455,2272.57637628209,53.8744096431736,25305.905543534,,,,,,
5/4/19,23,10932.1835570334,10761.4755214252,2129.41942170835,49.5498649887177,23872.6288538664,,,,,,
5/4/19,24,10523.48642961,10069.7094902973,1962.94026601717,45.8493783472506,22601.9859098067,,,,,,
5/5/19,1,9616.30014390907,9562.98646680495,1843.27256699638,43.1085830702452,21065.6681342216,,,,,,
5/5/19,2,9182.06030251683,9128.57578906138,1760.28315817536,41.3411492518396,20112.2601302354,,,,,,
5/5/19,3,8895.82769656146,8851.20152381931,1695.59068215688,40.4809952988255,19483.1008948489,,,,,,
5/5/19,4,8733.32110415395,8686.49929455671,1651.92437330004,40.3057937341358,19112.0507272268,,,,,,
5/5/19,5,8709.93934891572,8638.72153265794,1647.72057263496,41.2494998289765,19037.6308166039,,,,,,
5/5/19,6,8807.24089289793,8666.09965769107,1685.7377620167,42.8027878006658,19201.8804031893,,,,,,
5/5/19,7,8914.70466060214,8603.32906586112,1707.32878743807,44.072169059577,19269.4336880796,,,,,,
5/5/19,8,8933.49733749969,8630.82901321625,1749.19177261805,46.8830003189023,19360.4000717412,,,,,,
5/5/19,9,8799.05597151603,8818.82002391527,1770.77423704674,47.6872105087091,19436.3377303133,,,,,,
5/5/19,10,8446.945995512,8769.97622904581,1576.13721421745,49.5671951410838,18842.6265583261,,,,,,
5/5/19,11,8132.90057356295,8641.426954068,1457.10925785356,51.4751430097016,18282.9129670315,,,,,,
5/5/19,12,7933.68582656723,8497.40124570676,1420.81774444945,53.7733637444104,17905.6789255452,,,,,,
5/5/19,13,7791.88429253911,8511.76199021252,1406.96692746537,57.2561546846575,17767.8693680173,,,,,,
5/5/19,14,7774.31515378928,8573.75218765278,1417.2592109054,59.2823318902186,17824.6090388973,,,,,,
5/5/19,15,7990.77509873581,8819.63563092195,1423.90822877008,61.5034254955243,18295.8224820786,,,,,,
5/5/19,16,8464.93378944018,9132.4265095748,1535.53616162877,62.6467842158133,19195.5432655279,,,,,,
5/5/19,17,9040.77611802669,9510.90658115804,1661.99346343626,64.14400964301,20277.8185057056,,,,,,
5/5/19,18,9955.07175033542,10005.7751245886,1966.46324070483,65.4901527442531,21992.7998823018,,,,,,
5/5/19,19,10660.2241498339,10432.8532020557,2153.28472058028,63.7594124061261,23310.1209525344,,,,,,
5/5/19,20,11127.1984244523,10983.4235257329,2315.79704785748,59.7305228435438,24486.149124866,,,,,,
5/5/19,21,11568.4243047422,11385.6860982625,2381.81102245692,58.0486835402162,25393.9698455851,,,,,,
5/5/19,22,11239.9942683223,11036.9954182647,2256.87790825534,53.6121903043157,24587.4801030849,,,,,,
5/5/19,23,10446.836011819,10399.2024185447,2107.46567863728,48.7171708995222,23002.2219920372,,,,,,
5/5/19,24,9698.57583386033,9737.22879786225,1913.48927100081,44.1445487550488,21393.4389573326,,,,,,
5/6/19,1,9316.35537399086,9325.0710364845,1816.07099562531,41.2314633559213,20498.7287800643,,,,,,
5/6/19,2,9160.85175639629,9027.07200690963,1756.87077438433,40.4318434778719,19985.2264893769,,,,,,
5/6/19,3,8992.84948391755,8879.35709256627,1725.26680045048,40.619261308824,19638.092393158,,,,,,
5/6/19,4,8997.40038988596,8796.56381787103,1714.56013801422,39.4766990717771,19548.0007992061,,,,,,
5/6/19,5,8895.8354840718,9030.30505432968,1742.97137487611,42.0852294869807,19711.196358174,,,,,,
5/6/19,6,9475.33223574437,9673.72533692507,1885.18502520651,46.4617813900841,21080.7028541026,,,,,,
5/6/19,7,10367.2326782625,10223.5256093368,2041.16178761123,49.8715009473025,22681.7882022758,,,,,,
5/6/19,8,11359.8090862704,10700.8364521735,2154.09016266292,51.5542782542368,24266.2893807732,,,,,,
5/6/19,9,11663.1694648566,10818.7719835124,2167.29155891105,52.0284397680896,24701.2616475231,,,,,,
5/6/19,10,11723.6955398776,10938.9442662359,2125.9914597461,52.0815692678154,24840.7122216237,,,,,,
5/6/19,11,11482.8999831838,11051.0794856399,2046.96476678276,53.2417748490596,24634.1861619791,,,,,,
5/6/19,12,11296.7637422864,11107.8894056511,1973.65598698147,54.0402905999142,24432.3488045945,,,,,,
5/6/19,13,11033.4822405893,11123.5481248844,1880.68293667209,55.3610718629289,24093.0755826657,,,,,,
5/6/19,14,10942.2413320838,11143.8598191617,1826.37806057276,57.0861913530774,23969.5638300945,,,,,,
5/6/19,15,10927.4351819827,11034.4274331153,1832.01903705136,58.2883887435941,23852.1698663565,,,,,,
5/6/19,16,11094.6901504589,11056.6764262389,1937.68746228811,60.2834126037579,24149.3357983634,,,,,,
5/6/19,17,11112.3511841602,11072.6998872471,2082.09496468306,62.0302996891397,24329.1759128111,,,,,,
5/6/19,18,11324.0924355931,11304.2553296125,2230.85027754853,61.7212012370304,24920.9192097457,,,,,,
5/6/19,19,11909.4687084546,11503.2861407093,2317.23390900169,59.9606346725658,25789.9497161947,,,,,,
5/6/19,20,12320.2120335437,12018.8918848911,2462.62879848689,58.2186035986188,26859.9510278776,,,,,,
5/6/19,21,12576.2866350582,12391.1844346802,2529.72504549432,58.0344456759203,27555.2306553426,,,,,,
5/6/19,22,12043.7837649544,11873.4688731718,2363.08378486144,54.440003728802,26334.7778763912,,,,,,
5/6/19,23,11102.2329829749,11051.32010029,2150.30332300446,49.1792534129862,24353.0361834692,,,,,,
5/6/19,24,10299.4026250353,10277.3065753431,1949.31639083851,45.4715948250422,22571.4976913366,,,,,,
5/7/19,1,10048.5812994369,9685.21534017195,1865.85245005418,43.022403785527,21642.6711182033,,,,,,
5/7/19,2,9709.71470089666,9307.24127106393,1775.99027231651,41.394263497655,20834.3401078207,,,,,,
5/7/19,3,9485.84323346204,9057.15275860216,1725.80629449931,41.1045171334469,20309.9062377805,,,,,,
5/7/19,4,9333.51540270722,8995.99765825252,1723.98595174217,41.6236682517546,20095.1231335146,,,,,,
5/7/19,5,9264.86538089208,9202.69350068013,1746.01935773965,43.7890319508913,20257.3666880985,,,,,,
5/7/19,6,9885.81259380817,9799.25763979925,1877.53965646799,46.8249141313023,21609.433586006,,,,,,
5/7/19,7,10710.2014757214,10534.7430531108,2088.71252441362,50.2417769596873,23383.8980369064,,,,,,
5/7/19,8,11564.8209456696,10932.1369695587,2184.62627018669,51.9028067786954,24733.4866862832,,,,,,
5/7/19,9,11772.6000512968,11152.1666747111,2159.00223934484,52.2849933052578,25136.0535249324,,,,,,
5/7/19,10,11481.7050409279,11123.3592687647,2151.17941462356,52.1950595312449,24808.4386892202,,,,,,
5/7/19,11,11184.0343414457,11250.3719184202,2164.24829225801,53.3473145244799,24652.001443989,,,,,,
5/7/19,12,10837.1046742988,11334.0217795037,2156.8516217647,54.4598084694587,24382.438841773,,,,,,
5/7/19,13,10547.7889036981,11262.9249084397,2090.59575829181,56.970895915793,23958.2808502775,,,,,,
5/7/19,14,10678.2759038303,11344.3275528829,2082.37971762219,59.5988021333563,24164.5817915754,,,,,,
5/7/19,15,10775.8688268176,11293.3244595934,2066.16631749867,61.1399121907199,24196.4991639789,,,,,,
5/7/19,16,11089.952096461,11300.4880216806,2097.58384389016,62.9522278309657,24550.9750612244,,,,,,
5/7/19,17,11139.4285182462,11312.6381555445,2184.67712067488,65.3127465050733,24702.0561813863,,,,,,
5/7/19,18,11459.2725445153,11417.7712708741,2188.90897563672,66.3333656733271,25132.2863822428,,,,,,
5/7/19,19,12089.4579486189,11606.5207623102,2276.8510032262,64.6636934689358,26037.4931588797,,,,,,
5/7/19,20,12447.3429314807,12099.0313140229,2428.69779393523,63.4049674431588,27038.4765188653,,,,,,
5/7/19,21,12799.5991677756,12406.4597863191,2488.72133802663,62.8337574497194,27757.6142338837,,,,,,
5/7/19,22,12343.4755141164,11901.4804117432,2338.79805733057,58.1933699694501,26641.9483604155,,,,,,
5/7/19,23,11384.950257313,11109.8389077857,2136.70943710946,52.0105141136897,24683.510006084,,,,,,
5/7/19,24,10544.6340580173,10291.5117268097,1949.71430239696,47.5588887561737,22833.4185213657,,,,,,
5/8/19,1,10301.1986032375,9713.58035723939,1849.38814156632,44.8924340096263,21909.0603328742,,,,,,
5/8/19,2,10210.8387004605,9309.28354561482,1767.60453635012,42.5398062607783,21330.266954583,,,,,,
5/8/19,3,9914.38380116054,9002.31654878824,1714.98895589692,41.661944970806,20673.3510064983,,,,,,
5/8/19,4,9512.11035969196,8934.72087500273,1694.7777562205,42.3551693274894,20183.9653225641,,,,,,
5/8/19,5,9360.08471679067,9138.08295136414,1734.16028081832,44.0643608255888,20276.3925676485,,,,,,
5/8/19,6,9943.69637551297,9765.4713929512,1866.41476813782,46.8676736046117,21622.4489112052,,,,,,
5/8/19,7,10818.2543812074,10474.397560891,2046.29770854399,49.7162618784649,23388.66415196,,,,,,
5/8/19,8,11696.9083648229,10994.366490406,2187.76736799938,51.9820367971066,24931.0241680968,,,,,,
5/8/19,9,12060.6505844423,11213.8402523658,2195.43485471957,53.1853009171661,25523.1112887363,,,,,,
5/8/19,10,11834.3851377882,11367.0844638794,2228.84959047425,54.4580045175953,25484.7777298912,,,,,,
5/8/19,11,11461.9968405735,11569.3008908967,2239.18228131764,55.5397234120955,25326.0210114435,,,,,,
5/8/19,12,11137.6618289024,11724.7989858391,2230.46263146918,56.5049106757242,25149.4282211629,,,,,,
5/8/19,13,10959.2637544383,11803.3604035112,2253.46607901453,59.9600055602232,25076.0522660965,,,,,,
5/8/19,14,11053.0369945215,11883.1924563117,2288.37340163562,62.3693458962633,25286.9717118937,,,,,,
5/8/19,15,11355.9285359492,11843.580944938,2323.45640266506,64.2999080579115,25587.2661107829,,,,,,
5/8/19,16,11618.6722614772,11715.0942084619,2356.06255793881,66.4274154435679,25756.2569749547,,,,,,
5/8/19,17,11617.2988879532,11595.7290018707,2342.55352149582,66.975997466729,25622.5559107271,,,,,,
5/8/19,18,12036.3297714606,11536.5239332486,2351.48739889412,66.6777859653267,25991.0192635859,,,,,,
5/8/19,19,12407.8887284598,11780.351534275,2378.30897593918,64.9129123046737,26631.4614598032,,,,,,
5/8/19,20,12810.5695083735,12238.6574743204,2470.27273495072,63.5495905947277,27583.0476657969,,,,,,
5/8/19,21,13176.2523407737,12384.354415973,2509.98535656509,62.9050957494725,28133.4978287653,,,,,,
5/8/19,22,12741.2149463094,11935.215010237,2322.48351902686,57.7402362389761,27056.6548980931,,,,,,
5/8/19,23,11783.1852621595,11115.0412692318,2116.82302953604,51.5997299564198,25066.6505124324,,,,,,
5/8/19,24,10875.7887025699,10289.5472945033,1931.27737851196,47.5644094113069,23144.1789948609,,,,,,
5/9/19,1,10462.6633927378,9710.91475934782,1828.12532916261,45.1399739911999,22046.8432415654,,,,,,
5/9/19,2,10183.9519575537,9353.05472396179,1755.51597915168,43.5672861574774,21336.090865729,,,,,,
5/9/19,3,9843.83915011146,9127.53338078217,1702.79723836206,42.4147022249231,20716.584950555,,,,,,
5/9/19,4,9447.3387188763,9033.46987071469,1680.13346629995,42.1978638632273,20203.139581759,,,,,,
5/9/19,5,9621.29533792083,9239.32802315514,1724.16869592114,43.6915944470591,20628.4824962197,,,,,,
5/9/19,6,10189.3210519759,9881.50694510425,1847.65642843667,46.6818184263206,21965.1646661504,,,,,,
5/9/19,7,11007.6986412083,10712.665350941,2040.1205326926,49.3139483560251,23809.7963140684,,,,,,
5/9/19,8,11595.4113606869,11249.3671243401,2155.40994731879,52.0404888001493,25052.2285623523,,,,,,
5/9/19,9,11766.6744859297,11472.1745391363,2203.71468821075,53.570588421682,25496.1341754917,,,,,,
5/9/19,10,11998.7166766473,11694.2721487756,2173.81604758644,54.4514952128099,25921.2552015648,,,,,,
5/9/19,11,11962.7356305911,11747.0278158109,2203.80217970443,54.6469687549782,25968.2118638929,,,,,,
5/9/19,12,11706.3273492347,11697.711655088,2235.27073412522,55.1350295353267,25694.4441966534,,,,,,
5/9/19,13,11493.1656546771,11674.2774253306,2251.84562796987,54.8902949564656,25474.179212963,,,,,,
5/9/19,14,11544.1991473609,11709.6959712782,2215.67596940706,55.3392557282645,25524.909526038,,,,,,
5/9/19,15,11600.0881649143,11601.8795148426,2212.7025470103,55.0992184699859,25469.7694591535,,,,,,
5/9/19,16,11829.0227540387,11595.0442432389,2208.87796494521,56.1879024279396,25689.1330936074,,,,,,
5/9/19,17,11873.0584335682,11626.2847403625,2241.96501302647,57.2934062040244,25798.6014800187,,,,,,
5/9/19,18,12392.8490418528,11594.4824645106,2291.21055440769,56.0511133405821,26334.5922579431,,,,,,
5/9/19,19,12481.8632869631,11645.1081769324,2348.15077539255,54.6362686132238,26529.7588430726,,,,,,
5/9/19,20,12692.9332134803,12069.0651707285,2446.80710184236,55.4819366668326,27264.2870502784,,,,,,
5/9/19,21,12947.7962221565,12289.8901971397,2457.83006198381,55.1722294217245,27750.6890598708,,,,,,
5/9/19,22,12491.335623493,11830.5871096087,2314.19055595388,52.6851134527536,26688.7984899292,,,,,,
5/9/19,23,11562.144627921,11023.0759839532,2115.27370021116,49.1149070551047,24749.6102747035,,,,,,
5/9/19,24,10718.7813901016,10275.4434614035,1947.40354780075,45.4603965241035,22987.0889419383,,,,,,
5/10/19,1,10410.9793938704,9684.14201984513,1830.25083900495,41.2958682663382,21966.6678373292,,,,,,
5/10/19,2,9693.00305601275,9308.31064110359,1756.16423289279,40.2241647358046,20797.7024776569,,,,,,
5/10/19,3,9490.27417715324,9059.39649900489,1739.61838116338,41.957284110561,20331.2452771946,,,,,,
5/10/19,4,9423.91660659689,8994.68412296697,1718.64528116057,41.8068400410051,20179.0519559793,,,,,,
5/10/19,5,9566.56752960125,9191.8480891565,1719.65753645795,43.0852760794075,20521.1576849645,,,,,,
5/10/19,6,10165.5515931039,9867.67320686443,1847.5502012936,46.2542344857932,21927.0280943447,,,,,,
5/10/19,7,10977.4680056739,10569.288098305,2010.51152405001,50.2730155682403,23607.5395486636,,,,,,
5/10/19,8,11521.9347884343,11189.2853956016,2081.99908093548,51.3840394936148,24844.6025071771,,,,,,
5/10/19,9,11382.8628251332,11609.6052737813,2101.24312387562,51.8495230916383,25145.5608091311,,,,,,
5/10/19,10,11084.7720740985,11831.4338702021,2091.4998001828,52.3927093322496,25060.0994187212,,,,,,
5/10/19,11,10733.286713456,11906.2678445765,2074.25836218024,51.2038558942685,24765.0171426505,,,,,,
5/10/19,12,10457.791271655,11697.8035264481,2114.2755670759,49.7976838025231,24319.6685205911,,,,,,
5/10/19,13,10325.1274254516,11397.98793562,2257.10692758211,45.9192867314132,24026.1405600598,,,,,,
5/10/19,14,10323.9938137722,11340.8725165247,2347.44646957677,42.5466977545136,24054.859040646,,,,,,
5/10/19,15,10453.4367007736,11417.0923999122,2306.87005709839,44.4472599509582,24221.8461364461,,,,,,
5/10/19,16,10733.1541925514,11460.6410293059,2275.90248588582,44.2857227251013,24513.9816350281,,,,,,
5/10/19,17,11204.0561454648,11418.5197921474,2237.96861278973,46.0775154605667,24906.6210759554,,,,,,
5/10/19,18,11652.487588587,11434.1440879627,2254.68333573803,46.3214664482975,25387.6347594337,,,,,,
5/10/19,19,12034.8705142608,11351.6494637455,2289.12805116396,46.9934192266803,25722.6415563775,,,,,,
5/10/19,20,12268.0504992002,11642.2867959684,2366.92565477111,48.6213761464692,26325.8835785127,,,,,,
5/10/19,21,12476.6341003396,11882.9866195907,2441.00504706279,49.188444866341,26849.8148736268,,,,,,
5/10/19,22,12184.9339894034,11603.7044728794,2309.93817929517,45.9202928992903,26144.4976782943,,,,,,
5/10/19,23,11419.8963769598,10970.3516041884,2139.02891854498,42.6947463421533,24571.9729978712,,,,,,
5/10/19,24,10578.3028044927,10264.2130695553,1963.14585068901,40.3195400091457,22845.9824666103,,,,,,
5/11/19,1,10258.7626816539,9774.76639398558,1856.36829076434,38.0192621173698,21927.9179472969,,,,,,
5/11/19,2,9492.0057060025,9345.17544018109,1773.09965514771,37.0669915814569,20647.3485254438,,,,,,
5/11/19,3,9172.73592183811,9107.85112156174,1706.08606515915,36.8069464154741,20023.4809848317,,,,,,
5/11/19,4,9009.73936777265,8960.08467947016,1668.71605960607,36.9808105924053,19675.5214686461,,,,,,
5/11/19,5,9029.19790667102,8958.51336299999,1676.22196522313,38.1100499054407,19702.0430237718,,,,,,
5/11/19,6,9240.60521854228,9150.43671859565,1732.63714170322,41.2303019811748,20164.9093068565,,,,,,
5/11/19,7,9610.49638863543,9208.6574973729,1785.01808034133,43.8351655293882,20648.0061905818,,,,,,
5/11/19,8,10243.8194187589,9307.91557013425,1886.66276595586,44.4222944094646,21482.8186440386,,,,,,
5/11/19,9,10217.1292941273,9438.93743336919,2025.74766392564,44.8987810038168,21726.7131100886,,,,,,
5/11/19,10,9971.19678873477,9460.34279037771,2106.36115206362,45.7573250092558,21583.6576035545,,,,,,
5/11/19,11,9775.41298831624,9567.19457039257,2012.66430039243,45.3317541040051,21400.6043391396,,,,,,
5/11/19,12,9610.46707911794,9512.81450938103,1863.67043837599,46.3155495643877,21033.2677463673,,,,,,
5/11/19,13,9540.2981323255,9549.65983983395,1684.86589202374,48.2492471432772,20823.0740883928,,,,,,
5/11/19,14,9626.24966804398,9662.64989507235,1586.94932620135,49.9141766997416,20925.7622463797,,,,,,
5/11/19,15,9867.98048483862,9613.37316761856,1535.32594129486,50.05103107912,21066.7304725221,,,,,,
5/11/19,16,10223.1972058519,9742.30434158244,1606.73982141403,53.179356451396,21625.4199391595,,,,,,
5/11/19,17,10465.2163595129,10023.1812887615,1789.06911386607,54.795712941196,22332.2620009621,,,,,,
5/11/19,18,10872.5565538991,10362.7112680556,2026.60145437059,56.5060479530257,23318.3747077919,,,,,,
5/11/19,19,11431.4348663928,10630.8160498,2137.89752787741,55.8729691932851,24256.0212830428,,,,,,
5/11/19,20,11804.8338349881,11023.4382797956,2260.57158202362,53.9316955720425,25142.7743939452,,,,,,
5/11/19,21,12075.5631741012,11511.6170984876,2356.54123263718,53.6067657046299,25997.328416447,,,,,,
5/11/19,22,11796.9089166391,11209.7578812196,2273.05854550284,51.0173528805806,25330.7430764351,,,,,,
5/11/19,23,11137.1634824454,10623.6435135767,2129.67455858306,47.081655013124,23937.5635680163,,,,,,
5/11/19,24,10374.6415322311,9950.75074694147,1948.83523722684,42.685262794445,22316.9136792056,,,,,,
5/12/19,1,10055.2206623364,9428.55722785344,1869.36311909643,39.4327448435238,21392.5744221859,,,,,,
5/12/19,2,9926.59244347874,9053.06122524425,1744.71325809871,38.1320858544423,20762.4991866885,,,,,,
5/12/19,3,9637.5799062778,8766.59090342332,1675.27874376212,36.5527864591203,20116.0025197257,,,,,,
5/12/19,4,9463.91839594182,8590.91969204439,1645.4058603993,36.5148367876297,19736.7582982173,,,,,,
5/12/19,5,9416.52750765396,8555.58412599268,1640.49154156803,37.72835248196,19650.331033174,,,,,,
5/12/19,6,9560.41993673814,8630.22786785591,1671.79629458311,40.2746544648054,19902.7188183468,,,,,,
5/12/19,7,9603.59275085455,8516.39847514346,1680.44113352872,41.8977000400866,19842.3295389414,,,,,,
5/12/19,8,9616.39933211002,8541.25617282833,1737.52173685428,43.0087512422217,19938.1853513826,,,,,,
5/12/19,9,9600.34562045901,8660.36296215921,1737.12622964212,44.7066469374364,20042.5411798506,,,,,,
5/12/19,10,9360.39675401749,8777.54061307569,1666.86173746639,47.0871268894605,19851.8862276809,,,,,,
5/12/19,11,9017.36324906845,8838.68322292481,1575.29258507275,47.1438763157639,19478.4821486831,,,,,,
5/12/19,12,8850.62677145955,8873.48466302746,1451.93007796766,50.7121247316613,19226.7528647747,,,,,,
5/12/19,13,8871.14542677836,8971.07162673499,1419.29108270747,54.351527004928,19315.8582679846,,,,,,
5/12/19,14,9032.48310588894,9182.52863295217,1431.68245230003,56.8016572538433,19703.4950651178,,,,,,
5/12/19,15,9358.38973378165,9444.9963224518,1494.77503794929,59.1634842877521,20357.3238215202,,,,,,
5/12/19,16,9851.07820341318,9809.26626700502,1606.69048939052,61.8732661028195,21328.9069989796,,,,,,
5/12/19,17,10549.1233164392,10227.4225348677,1771.05638420683,63.1481351666406,22610.7492945994,,,,,,
5/12/19,18,11383.5788773674,10659.4789923105,1940.88592663118,65.3322039036424,24049.2744007618,,,,,,
5/12/19,19,11678.3347820567,11038.0964639615,2112.00677318737,65.3154282557794,24893.7516021751,,,,,,
5/12/19,20,11851.0335719891,11395.7087227132,2275.967192281,62.3510945553767,25585.060489102,,,,,,
5/12/19,21,12172.2306227916,11833.7979139148,2415.97360443147,60.3027912202733,26482.3053768535,,,,,,
5/12/19,22,11821.5431516291,11428.5918637183,2283.41074747754,55.1417620869574,25588.6885574699,,,,,,
5/12/19,23,10953.5192229816,10682.3608326602,2087.71521465288,49.0798986427474,23772.6762426055,,,,,,
5/12/19,24,10609.0149623554,9918.84320964248,1916.84739545551,44.9187638348847,22489.6253854308,,,,,,
5/13/19,1,10148.5269766516,9370.75387733874,1839.8615472749,39.8575672976933,21399.0000601681,,,,,,
5/13/19,2,9706.1257370119,9000.44605310983,1773.81969746638,38.1015941864747,20518.4927472372,,,,,,
5/13/19,3,9491.55311304855,8766.15509903828,1752.48069483996,37.3827683433407,20047.5721852368,,,,,,
5/13/19,4,9450.18853886537,8707.32559359843,1724.91021344075,37.4939767489329,19919.9183195728,,,,,,
5/13/19,5,9640.96354343432,8984.86799215856,1743.09263050907,40.7070794226839,20409.63182001,,,,,,
5/13/19,6,10172.7961508573,9576.11818365607,1885.25164484529,43.876042198537,21678.0404731578,,,,,,
5/13/19,7,10649.8599498848,10298.7970696718,2083.1873282777,46.8397539927434,23078.683114358,,,,,,
5/13/19,8,11141.4792053309,10839.223243159,2229.89008069009,49.4684335067361,24260.0583007446,,,,,,
5/13/19,9,11179.9606997597,11216.6604730937,2301.0872397447,50.2242319263592,24747.9316852757,,,,,,
5/13/19,10,11236.5413870868,11509.7767690852,2355.30067856885,52.3482631038357,25153.9668189273,,,,,,
5/13/19,11,11049.8736669651,11552.6476695945,2280.41950674451,53.7348732421646,24936.6744565166,,,,,,
5/13/19,12,10900.3523381935,11437.9456208757,2124.68928520704,59.4607032919475,24522.4482588575,,,,,,
5/13/19,13,10895.7180795263,11324.7239995315,2055.31429904114,63.4360354719534,24339.1918929334,,,,,,
5/13/19,14,11002.9852074055,11389.7562590238,1892.16693349807,51.185606074014,24336.0931717623,,,,,,
5/13/19,15,11237.0517917648,11438.9586546453,1911.21039127414,68.6979354712544,24655.9185481804,,,,,,
5/13/19,16,11534.7966924783,11538.8856762509,1994.71000946638,70.8990116907795,25139.2913325955,,,,,,
5/13/19,17,11821.4913889506,11735.916378318,2042.15143736815,72.9290589345878,25672.4877693013,,,,,,
5/13/19,18,12193.378654576,12014.6717077589,2274.50967007412,73.0167354543957,26555.5764880632,,,,,,
5/13/19,19,12580.8483629083,12208.3439234007,2365.26916904287,69.4397064239112,27223.9004055229,,,,,,
5/13/19,20,12792.468699866,12506.9230519031,2500.6127670941,66.188708832496,27866.1920397505,,,,,,
5/13/19,21,12998.4149662965,12833.3554337182,2549.93067779887,64.4537020036768,28446.1540099992,,,,,,
5/13/19,22,12504.0039996999,12284.5685897021,2403.41478751911,58.8903723404374,27250.8798203502,,,,,,
5/13/19,23,11581.8965888775,11330.5910853333,2174.24700485682,50.951994888757,25137.6876737588,,,,,,
5/13/19,24,11186.5055084224,10389.5678191877,1972.66090541215,46.0915034570971,23594.8267321803,,,,,,
5/14/19,1,10592.164460315,9834.75468045506,1888.8602946206,43.1349815075928,22358.9151054857,,,,,,
5/14/19,2,10222.534720307,9422.98541543415,1820.46289473091,41.7351395087174,21507.7194345286,,,,,,
5/14/19,3,9884.90945900521,9155.34307747414,1750.40808008188,40.8834739474963,20831.5441173781,,,,,,
5/14/19,4,9503.64465364104,9058.00819248616,1729.48481973561,40.7772297834243,20331.9154294702,,,,,,
5/14/19,5,9335.84453211407,9192.05074787435,1767.66113429387,42.1521974668007,20337.7084947617,,,,,,
5/14/19,6,9904.20819841515,9818.06252978142,1883.14473722753,45.1036207215194,21650.5191248032,,,,,,
5/14/19,7,10693.5457412409,10515.0628713081,2069.78349902242,47.5085218018223,23325.898434791,,,,,,
5/14/19,8,11209.7852804013,11090.1799947189,2212.96433592531,51.3808698634579,24564.3060685588,,,,,,
5/14/19,9,11128.6690290848,11425.646951912,2269.52334380429,54.2041790688453,24878.0429211361,,,,,,
5/14/19,10,10965.7722948879,11542.1909885279,2132.9380896922,56.3231642622704,24697.2253451424,,,,,,
5/14/19,11,10659.1042912581,11506.7132516812,1984.04347366566,57.8588055702497,24207.7196132801,,,,,,
5/14/19,12,10987.9378542466,11467.2019281532,1891.58950768375,60.817734452931,24407.5476601536,,,,,,
5/14/19,13,11059.137366657,11498.5717075872,1838.51870993004,64.9163234088639,24461.1438526968,,,,,,
5/14/19,14,11161.7475049249,11740.1526315974,1858.77356450223,68.2923045540069,24828.9660876216,,,,,,
5/14/19,15,11565.364429846,11950.247798765,1923.82823758282,68.5691709969849,25508.0084182324,,,,,,
5/14/19,16,11602.0753126193,12177.6176884467,2037.80977633751,70.3209388939594,25887.8235565925,,,,,,
5/14/19,17,12026.5390019914,12411.1177077356,2120.7416918842,70.9380729113817,26629.3355052268,,,,,,
5/14/19,18,11965.2697369073,12665.0810972953,2342.30978718379,72.4851220393381,27045.1453217033,,,,,,
5/14/19,19,12161.9805261815,12581.8858924072,2434.05733336397,70.2899534241448,27248.213091966,,,,,,
5/14/19,20,12524.8950303907,12708.6020844701,2516.530772039,66.9344373717889,27816.9622428794,,,,,,
5/14/19,21,12673.7620419394,13000.9606184036,2581.77799759531,63.5399620385548,28320.0402308631,,,,,,
5/14/19,22,12273.5489867529,12506.9700543906,2446.94576726531,58.9927905142321,27286.4608464128,,,,,,
5/14/19,23,11324.3103418063,11568.076722486,2214.80691460043,51.8225531851787,25159.016808676,,,,,,
5/14/19,24,10558.4560007824,10659.2252827725,2025.84699800943,46.5006391815372,23290.0297842859,,,,,,
5/15/19,1,9939.64818058707,10065.4918849732,1899.27096049438,43.4618201715846,21947.8745726268,,,,,,
5/15/19,2,9571.14767573974,9638.7214322014,1817.03763767971,41.3683593622081,21068.2757573491,,,,,,
5/15/19,3,9343.37152482981,9361.06565069697,1762.23821574661,40.9262237898538,20507.602717666,,,,,,
5/15/19,4,9264.1517374154,9217.28811519145,1725.90292017303,41.2982731745546,20248.6416169983,,,,,,
5/15/19,5,9561.61688932022,9373.20294855526,1765.07266004708,42.6614534686941,20742.5535092534,,,,,,
5/15/19,6,9960.37129871071,9948.23379849619,1906.93708405754,44.9252519492055,21860.4661676574,,,,,,
5/15/19,7,10824.562662854,10587.1346489361,2090.3391347321,49.3951065661897,23551.4294302535,,,,,,
5/15/19,8,11600.8098369957,11143.4425130546,2220.02995207753,51.9091105648698,25016.1888853331,,,,,,
5/15/19,9,11862.2340493488,11355.1170195984,2288.08826048154,52.4283909879248,25557.8670571356,,,,,,
5/15/19,10,11825.1200366632,11437.9565089327,2325.91447708978,55.1526171824234,25644.1440368595,,,,,,
5/15/19,11,12051.6198548328,11650.3713472994,2251.83469729076,53.7144348886353,26007.5399855313,,,,,,
5/15/19,12,12204.4260178159,11468.6174947588,2259.48061398791,45.8135094933164,25978.3360794045,,,,,,
5/15/19,13,11842.3142840578,11285.4843713903,2248.97573786435,57.0835865626299,25433.8596625565,,,,,,
5/15/19,14,11617.6485474059,11339.5015980572,2166.63404560001,61.0534023244125,25184.8369910715,,,,,,
5/15/19,15,11789.7409701157,11442.7998980782,2111.94601416477,63.3289870656055,25407.8157324853,,,,,,
5/15/19,16,11735.3959637739,11462.2492762814,2116.7748863324,64.3954156939172,25378.8147491799,,,,,,
5/15/19,17,11762.9815598493,11569.6736501453,2184.72908122308,63.0783948422048,25580.4637355242,,,,,,
5/15/19,18,12023.0637431755,11631.4766520161,2401.94249629915,62.816211436203,26119.2984381953,,,,,,
5/15/19,19,12237.6164691262,11656.6723838349,2480.28196164659,60.4810155156945,26435.0506957517,,,,,,
5/15/19,20,12371.3845845511,12017.8397968411,2554.6334094623,59.7862342565383,27003.6435505084,,,,,,
5/15/19,21,12464.9412847877,12370.2554971206,2511.19260863888,59.4281886181156,27405.8185269503,,,,,,
5/15/19,22,11965.0155568323,12010.7965290586,2390.09406467384,54.7619565000229,26420.6697421605,,,,,,
5/15/19,23,11118.5025808818,11316.9302373058,2199.19960185565,49.2614602360325,24683.8948655256,,,,,,
5/15/19,24,10335.1664663576,10498.9726552176,1992.07468447909,45.326796367272,22871.5408644454,,,,,,
5/16/19,1,9797.17604403735,9911.57680511913,1872.69501548152,42.0135099159576,21623.4610047021,,,,,,
5/16/19,2,9425.58028834301,9515.8728186236,1783.92779061273,40.3950626865804,20765.7745979095,,,,,,
5/16/19,3,9184.60255289075,9265.482849038,1730.81467049107,40.0350179522694,20220.936220582,,,,,,
5/16/19,4,9085.09710123302,9222.82048836119,1723.15059970013,40.0106354309712,20071.0785763509,,,,,,
5/16/19,5,9234.69290531025,9369.38696661464,1747.72937507561,41.8310420550049,20393.6400272006,,,,,,
5/16/19,6,9801.69819494389,9941.69942197739,1877.5136546526,45.3256488014813,21666.2369102574,,,,,,
5/16/19,7,10584.3876822185,10621.7864584491,2068.74937584213,50.0802450278891,23325.0026668928,,,,,,
5/16/19,8,10991.4824930221,11122.3281480427,2215.79553816154,52.4887832560111,24382.0937390883,,,,,,
5/16/19,9,10810.1730908,11323.5297616138,2264.43782528192,53.0392051048537,24451.1798729999,,,,,,
5/16/19,10,10964.5196437521,11372.169235509,2345.34474489349,55.6257787666421,24737.6601096854,,,,,,
5/16/19,11,11193.2814862987,11286.2436888878,2358.86014241234,55.8009417318402,24894.1869823525,,,,,,
5/16/19,12,11256.1947338232,11055.9540627008,2321.50340961556,53.8298165006385,24687.482720287,,,,,,
5/16/19,13,11215.6852979823,10731.2546359261,2025.77481978649,49.8847701569979,24022.6011177272,,,,,,
5/16/19,14,11344.2067397736,10479.3430791623,1844.5615266101,47.3284681658926,23715.4398169954,,,,,,
5/16/19,15,10996.3949223597,10258.0763638669,1740.44868407412,49.3446276859483,23044.2649427706,,,,,,
5/16/19,16,10643.1025240011,10262.0962332093,1790.04194927025,48.4487332599206,22743.6892925262,,,,,,
5/16/19,17,10823.7268562276,10412.8862100413,1902.57566059141,48.4414979400796,23187.6304756382,,,,,,
5/16/19,18,10947.5929682576,10726.4783604938,2063.17469370419,50.1646965181808,23787.4100009477,,,,,,
5/16/19,19,11156.4459060292,11045.2527118304,2220.91619014698,50.5001521089234,24473.115163471,,,,,,
5/16/19,20,11414.4828982849,11491.3933764207,2374.25673114438,50.5930219829112,25330.7253195189,,,,,,
5/16/19,21,11692.9594805027,11941.9913703594,2458.24996214938,52.1877348809914,26145.3882597879,,,,,,
5/16/19,22,11438.6178689365,11565.6395140831,2375.6866987027,50.1197712476239,25430.0650967654,,,,,,
5/16/19,23,10644.5031888656,10906.6707992733,2143.26309347285,46.9582108003056,23741.3964128812,,,,,,
5/16/19,24,10378.7354460734,10178.1851574016,1948.46623216972,43.8254034747322,22549.2136609712,,,,,,
5/17/19,1,10074.4833311772,9638.45257822444,1842.3742420152,42.3647758428467,21597.6763971612,,,,,,
5/17/19,2,9733.58426736047,9339.45437071409,1763.6299755641,41.7517741412123,20878.4200128173,,,,,,
5/17/19,3,9527.13227745708,9107.03285261197,1744.50620925782,42.0713330190149,20420.7433383286,,,,,,
5/17/19,4,9473.95068971134,9040.5870333404,1725.45586755709,42.1969599504754,20282.1904391845,,,,,,
5/17/19,5,9277.3015028154,9250.32664071225,1727.67711994049,44.813647091173,20300.1179574143,,,,,,
5/17/19,6,9576.8738249772,9772.29388653595,1873.6411100527,48.3697600364652,21271.1778254154,,,,,,
5/17/19,7,10338.4902610778,10262.991310341,1995.56441628325,50.9144112444745,22647.9593991863,,,,,,
5/17/19,8,10798.4769308458,10512.4674606463,2102.14692316266,52.0057936783808,23465.0964139414,,,,,,
5/17/19,9,10987.9545694447,10401.8264179729,2055.50223322649,50.5914320010977,23495.8743227115,,,,,,
5/17/19,10,11179.6769506559,10398.9033093249,1968.62761512159,50.6739840842329,23597.8816386929,,,,,,
5/17/19,11,11003.6942672709,10345.1556069872,1887.86574152018,43.4854256089826,23280.2021313088,,,,,,
5/17/19,12,10713.4449364054,10325.4776352181,1808.79998061705,42.351926688553,22890.074741091,,,,,,
5/17/19,13,10521.6519973233,10204.4254205272,1748.82425884354,42.1872645439474,22517.0889963943,,,,,,
5/17/19,14,10218.8910206954,10171.3248555219,1686.5708630313,41.4676277688254,22118.2549866377,,,,,,
5/17/19,15,10010.6024698478,10100.0442483289,1712.77235900927,40.0210588747209,21863.4404309601,,,,,,
5/17/19,16,9951.02175240626,10173.2255023828,1737.11177823105,40.4122228573229,21901.771185869,,,,,,
5/17/19,17,10248.1624903077,10353.3433130174,1859.50242757602,41.7111568814061,22502.7190064708,,,,,,
5/17/19,18,10772.1072970474,10558.8424527532,2037.63055639554,41.8329711983655,23410.4114970357,,,,,,
5/17/19,19,10931.6470763238,10771.9006310758,2160.50839949643,40.6136471078664,23904.6711945886,,,,,,
5/17/19,20,10993.7516494181,11206.8379250219,2297.29268897856,39.5396789891358,24537.4211279926,,,,,,
5/17/19,21,11479.7693407917,11695.5750587362,2404.04474630604,40.6756688235329,25620.063946178,,,,,,
5/17/19,22,11311.1449410567,11501.2580828539,2316.45088572808,38.6137279373355,25167.4683596036,,,,,,
5/17/19,23,10622.237048347,10832.6077297411,2145.28228083594,35.9949726191669,23636.1234481182,,,,,,
5/17/19,24,9909.79757326006,10110.6882887516,1959.17795950433,34.1065038479881,22013.7706892719,,,,,,
5/18/19,1,9376.80077689731,9541.54983800475,1847.2036612792,32.198956862607,20797.7538021637,,,,,,
5/18/19,2,9058.35131686414,9137.03409328692,1757.41230789643,31.0481999125567,19983.84553704,,,,,,
5/18/19,3,9028.36336164647,8853.80008452616,1695.84966973999,30.6080323350905,19608.6209846496,,,,,,
5/18/19,4,8890.77273116282,8747.92139260971,1666.28573374518,30.7017301180296,19335.6810718949,,,,,,
5/18/19,5,8706.63230999343,8810.26164604372,1677.52095398503,31.7934225140584,19226.2082066181,,,,,,
5/18/19,6,8849.27157876262,8946.80216737306,1722.28289177133,33.2651257663115,19551.6214520189,,,,,,
5/18/19,7,8960.43757106718,8925.15353053072,1732.19333756695,35.022612013039,19652.8064430338,,,,,,
5/18/19,8,9463.38878830261,8891.7142386316,1719.20941631488,36.5764923749937,20110.888044495,,,,,,
5/18/19,9,10065.0301072179,9081.6774139507,1691.22122908851,38.3022818507498,20876.2307467429,,,,,,
5/18/19,10,10370.2705038976,9166.61633692685,1604.72322663572,39.35937591512,21180.9683736673,,,,,,
5/18/19,11,10714.7714250085,9154.14979906183,1595.77801046079,39.8364161977311,21504.5356666765,,,,,,
5/18/19,12,11039.0106779249,9054.48300612891,1517.81923519522,40.1939587636733,21651.5061155974,,,,,,
5/18/19,13,11322.070945556,9105.64165818322,1510.27612849867,40.8728631696624,21978.8615101251,,,,,,
5/18/19,14,11468.9547416159,9270.55589898699,1466.10527037659,41.3365666511389,22246.9519758304,,,,,,
5/18/19,15,11467.8611789289,9445.98649886803,1510.07697175437,41.0986625410645,22465.0232919867,,,,,,
5/18/19,16,11054.8925360034,9672.03846565135,1621.89159986413,41.9192172995303,22390.7423132092,,,,,,
5/18/19,17,10960.736974229,9853.89972601215,1794.29428657266,42.0317045534733,22650.9640184925,,,,,,
5/18/19,18,10888.7465504003,10066.0140838658,1912.95523942958,41.1940106384894,22908.909203931,,,,,,
5/18/19,19,10944.7950960149,10242.5897012457,2057.3231968232,39.5975766578798,23284.3059452745,,,,,,
5/18/19,20,11014.5928183183,10725.3371532703,2223.34240199086,39.3858358341923,24002.6585515568,,,,,,
5/18/19,21,11196.3398375583,11057.751383349,2353.52843182412,40.4398129329734,24648.0590425064,,,,,,
5/18/19,22,10933.290937109,10776.6249602209,2258.89495263888,38.5858319990804,24007.3972639307,,,,,,
5/18/19,23,10306.979329952,10150.3335419734,2094.668643617,35.4620451861447,22587.4439743508,,,,,,
5/18/19,24,9638.07676506646,9427.51387594871,1940.70822656362,33.0784074720647,21039.3779960796,,,,,,
5/19/19,1,9113.3773954104,8970.36700479552,1856.87185878928,31.199232665154,19971.815725777,,,,,,
5/19/19,2,8851.33949033497,8716.86437926129,1751.63195288005,29.3554947704804,19349.1919983378,,,,,,
5/19/19,3,8765.01865256918,8549.80403388109,1693.19183014605,28.6169100602274,19036.6314441217,,,,,,
5/19/19,4,8623.09530742052,8351.76599212776,1645.70129820353,28.5240435188089,18649.0864829652,,,,,,
5/19/19,5,8617.72119525475,8374.00473225796,1654.29418871628,29.7891026384947,18675.8084536999,,,,,,
5/19/19,6,8786.60665729974,8461.86199002147,1666.05504722673,31.2029085303379,18945.7262153331,,,,,,
5/19/19,7,9197.32552667784,8416.44229516852,1700.9252567861,33.1790253929077,19347.8715876012,,,,,,
5/19/19,8,9459.69712637726,8547.17192378806,1701.81806498452,35.4579356603286,19744.1449315263,,,,,,
5/19/19,9,10127.3575762224,8660.24299077279,1794.39487724212,37.5252515718319,20619.5199786835,,,,,,
5/19/19,10,10071.2919196178,8799.39599686968,1938.91328274408,39.1004443976072,20848.7011399977,,,,,,
5/19/19,11,9883.23551230345,8844.45393982447,2009.32469024747,39.3187961082475,20776.3328731727,,,,,,
5/19/19,12,9691.56117879471,8822.47208450318,1964.86064645951,39.082682039156,20517.9757024197,,,,,,
5/19/19,13,9607.92261083717,8747.56500080278,1984.74747938167,38.6088363042315,20378.8447396557,,,,,,
5/19/19,14,9435.27507561798,8622.25613938471,1970.98494153367,38.4460881552188,20066.9627103779,,,,,,
5/19/19,15,9560.6271419664,8438.11018851148,1798.42229447473,38.0215748758215,19835.1820175603,,,,,,
5/19/19,16,9711.59317333909,8609.1129741886,1608.99514922906,37.6369122114646,19967.3386152311,,,,,,
5/19/19,17,9845.62557926187,8881.37422624126,1729.25945966915,38.326962226985,20494.5861948233,,,,,,
5/19/19,18,9724.76157184953,9341.5952342351,1892.12780415369,39.0100606693243,20997.4943442374,,,,,,
5/19/19,19,10020.7166776602,9681.97434817375,2059.99213911901,38.2592361851292,21800.9422793756,,,,,,
5/19/19,20,10469.2740930864,10363.8231129484,2225.53048084847,37.9771426780889,23096.6037301433,,,,,,
5/19/19,21,10983.051093205,10844.9072392375,2360.28057551818,40.3084489680363,24228.5474157523,,,,,,
5/19/19,22,10759.42987587,10472.7660743861,2220.62263096018,38.7202570698705,23491.5392253467,,,,,,
5/19/19,23,10021.9796265454,9850.87825428466,2053.82430988387,35.6031165217813,21962.2862278219,,,,,,
5/19/19,24,9475.38726706255,9304.25398873673,1874.0308285144,33.0730583954318,20686.7455077583,,,,,,
5/20/19,1,9173.550171805,8906.72994767652,1788.01585456145,31.2480143679596,19899.5442584132,,,,,,
5/20/19,2,8858.60188132888,8727.72228267163,1748.78340919455,40.2191408760434,19375.3266597725,,,,,,
5/20/19,3,8713.99105271374,8474.03162347429,1700.71762696954,41.5498892699175,18930.2903579057,,,,,,
5/20/19,4,8703.20284340132,8487.63452520297,1689.89412241799,42.3221361503582,18923.0535758298,,,,,,
5/20/19,5,8881.041867508,8730.38269587437,1724.18740607866,44.6740911384912,19380.2856240931,,,,,,
5/20/19,6,9322.00318131132,9319.98369969767,1852.46922396681,49.3590763615794,20543.8144186022,,,,,,
5/20/19,7,10084.8474656266,9901.09890234312,2015.89744046528,55.695191452715,22057.5383226095,,,,,,
5/20/19,8,10538.6006358088,10226.477368258,2102.68088674079,58.0012871205318,22925.7608286061,,,,,,
5/20/19,9,10567.7175859355,10244.4399891783,2040.77853793881,57.2180468283451,22910.1544322248,,,,,,
5/20/19,10,10834.955323786,10197.3831641673,1998.29628273077,55.0292162083638,23085.6645474049,,,,,,
5/20/19,11,10756.5043684043,10203.2613381077,1886.21982508807,53.5969406056994,22899.5816399106,,,,,,
5/20/19,12,10546.6529261262,10225.0214096995,1849.99771271697,52.2125838218341,22673.8854175194,,,,,,
5/20/19,13,10304.7165245052,10181.7351938983,1829.43191516618,52.1377811990929,22368.0210532729,,,,,,
5/20/19,14,10065.4417625791,10222.5703078509,1737.05982774093,51.3468699734212,22076.4175974686,,,,,,
5/20/19,15,9839.15243604294,10262.7079422936,1722.72899185557,49.9125138443894,21874.5032130964,,,,,,
5/20/19,16,9923.95261296422,10305.7489281253,1775.68017354655,49.4829678910807,22054.8626627836,,,,,,
5/20/19,17,10273.402114746,10455.8634133346,1946.4224157185,50.1966570856188,22725.8845481072,,,,,,
5/20/19,18,10627.6855701794,10597.9183926739,2085.89324255269,52.4269490674089,23363.9232181116,,,,,,
5/20/19,19,10673.8268694063,10805.9503530446,2205.00329966925,51.8307825547799,23736.6113217455,,,,,,
5/20/19,20,11252.8648083234,11224.5055192023,2360.72264917335,52.308142905392,24890.4017852218,,,,,,
5/20/19,21,11640.6584056292,11803.1822391112,2464.70730243989,53.9328873144164,25962.4820404029,,,,,,
5/20/19,22,11401.2987049215,11478.6897641299,2343.99810280315,50.2031032924768,25274.1902915681,,,,,,
5/20/19,23,10530.3772918243,10670.2272791734,2130.13335653597,46.2686226668167,23377.0074008174,,,,,,
5/20/19,24,9801.576118671,10010.0967908176,1925.24956749064,43.4536485902713,21780.376704116,,,,,,
5/21/19,1,9302.0172193806,9559.23007716649,1821.037373326,41.9349527004252,20724.2203008052,,,,,,
5/21/19,2,8950.64956838542,9249.38260369312,1746.46124441157,41.1739498408477,19987.6669114763,,,,,,
5/21/19,3,8750.01192671638,9061.82450378832,1734.93854118832,41.6921683108336,19588.4664490723,,,,,,
5/21/19,4,8714.44824032572,8958.92158763456,1713.21263868837,42.2774359538598,19428.8598327875,,,,,,
5/21/19,5,8868.86091466443,9098.10755548702,1728.96774922698,45.2879501196352,19741.2246082528,,,,,,
5/21/19,6,9414.52756524526,9622.39628917311,1859.08227667035,48.8639803501605,20944.8687948956,,,,,,
5/21/19,7,10108.6396807569,10239.7518695939,2061.88474800728,53.9804880728881,22464.2561059062,,,,,,
5/21/19,8,10590.5426770883,10520.5781442026,2178.82296730371,53.7324315361038,23343.6752207678,,,,,,
5/21/19,9,10489.8030474215,10507.0594220795,2191.22353813943,52.7013781663945,23240.7879294666,,,,,,
5/21/19,10,10624.94599851,10572.8055340502,2176.9602287562,51.6264873436785,23426.3382363804,,,,,,
5/21/19,11,11047.7740667418,10442.8022981587,2150.23160787884,50.1670033709804,23690.9748565934,,,,,,
5/21/19,12,10940.4694047279,10570.6461594759,1910.4803021346,49.0101838960799,23470.6058085046,,,,,,
5/21/19,13,10606.0488789709,10554.6832357895,1857.38573132559,49.3885373829543,23067.5070435343,,,,,,
5/21/19,14,10333.1922546845,10485.3895140918,1893.17338440962,49.5487403236758,22761.3033913538,,,,,,
5/21/19,15,9949.48773184254,10478.1108711544,2023.86352521308,50.5849089578025,22502.0471064094,,,,,,
5/21/19,16,10014.3171475493,10642.7754069005,2063.17293614798,52.4175744245852,22772.6820307158,,,,,,
5/21/19,17,10285.9326411253,10753.7219455515,2085.44947888761,53.8949630449338,23178.9974425477,,,,,,
5/21/19,18,10504.8342471413,10863.585185404,2161.18946187045,53.1429917242703,23582.7524223126,,,,,,
5/21/19,19,10962.4072777803,11097.950885259,2306.02412912304,52.1473609094139,24418.5284524951,,,,,,
5/21/19,20,11429.019505523,11492.3299154519,2404.41846974575,52.0672111050686,25377.8342875925,,,,,,
5/21/19,21,11829.2298361291,11938.7123485616,2474.32187414075,52.8032325187801,26295.0681414179,,,,,,
5/21/19,22,11497.9092766427,11662.0990795894,2352.6881348242,50.4672355429505,25563.1643781353,,,,,,
5/21/19,23,10638.2030784254,10815.1752561696,2146.67461639809,46.8054427344158,23646.8612471731,,,,,,
5/21/19,24,9840.8926751448,9979.30023791584,1927.95914681118,43.8855476743728,21792.0384362169,,,,,,
5/22/19,1,9421.45806373987,9380.13905897814,1844.21001155058,41.881699298201,20687.6891496199,,,,,,
5/22/19,2,9241.72396907746,8977.14523178666,1758.51745634394,41.4127335460459,20018.7996680287,,,,,,
5/22/19,3,9048.48632598434,8891.36127180806,1700.09565126833,41.6740219262897,19681.6171839076,,,,,,
5/22/19,4,8949.73916528818,8849.85947644959,1705.10991159064,42.1891146822728,19546.8978037096,,,,,,
5/22/19,5,8945.75307701403,9159.68488219421,1732.68463039449,44.5896284415062,19882.7112119539,,,,,,
5/22/19,6,9553.98752873677,9673.53187364896,1856.73773939681,48.4385023406575,21132.6929513819,,,,,,
5/22/19,7,10321.3499693193,10261.2048136853,2039.78390184413,52.3559316338144,22674.693727553,,,,,,
5/22/19,8,10757.7697864269,10595.9616700681,2132.35848367781,53.7544955994641,23539.845222423,,,,,,
5/22/19,9,10700.5710035887,10593.8179210169,2126.86600053582,53.3712602882765,23474.6254968136,,,,,,
5/22/19,10,10585.9833421611,10561.6830309151,2028.9807735092,29.6773493188425,23206.3252441124,,,,,,
5/22/19,11,10418.2455051359,10698.3327102899,1912.53482443198,19.346369681099,23048.459170305,,,,,,
5/22/19,12,9974.46744501881,10686.8356815165,1842.69523153678,51.3595731642631,22555.3588650047,,,,,,
5/22/19,13,9626.84028249919,10942.837430697,1866.94210349434,52.1879444622808,22488.8078944714,,,,,,
5/22/19,14,9526.11170488244,11141.9090623838,1854.87188864054,51.3822514879641,22574.2740465971,,,,,,
5/22/19,15,9486.90932650842,11077.1059011021,1894.15088800982,48.9243480415831,22507.0902155598,,,,,,
5/22/19,16,9792.74484542621,11122.0675906687,1974.2979473142,49.0344223025923,22938.1444832852,,,,,,
5/22/19,17,9969.72245196704,10877.1931556492,2051.3003429678,49.6580324180102,22947.8730915098,,,,,,
5/22/19,18,10393.5675409997,10699.3365362513,2133.87718534337,50.0240586662904,23276.8059409135,,,,,,
5/22/19,19,10928.2759574708,10925.4406473539,2241.49214621922,52.8369389315544,24148.0447480498,,,,,,
5/22/19,20,11350.0499869936,11350.0805965611,2377.28963589136,54.3578592332176,25131.7775852031,,,,,,
5/22/19,21,11823.1918732109,11812.9273858647,2472.54402881142,54.240356332151,26162.9025458367,,,,,,
5/22/19,22,11585.5284644646,11510.0087704566,2360.8668929304,51.7146830010268,25508.1192152017,,,,,,
5/22/19,23,10709.1461336778,10756.4795704731,2129.13413004687,48.656889234579,23643.4191811433,,,,,,
5/22/19,24,9916.94911789849,10001.7727957056,1940.65594194767,44.6830417908793,21904.062966012,,,,,,
5/23/19,1,9332.36060774063,9398.11902819306,1886.8915710458,43.3061652541616,20660.6775106335,,,,,,
5/23/19,2,8969.62345078167,9206.97420029574,1878.28585062135,42.8205273415288,20097.7051984623,,,,,,
5/23/19,3,8687.03204187366,8990.94902541787,1818.48884300107,42.5045018244285,19538.9743640473,,,,,,
5/23/19,4,8660.41319474256,8958.30693399513,1811.41949820964,43.4235145789623,19473.5630689446,,,,,,
5/23/19,5,8844.34597918311,9158.77422230838,1835.94728262999,45.8280647872067,19884.8948664391,,,,,,
5/23/19,6,9428.43204411774,9794.03165207988,1967.77302166878,50.5157877341406,21240.7506067974,,,,,,
5/23/19,7,10221.3623218157,10488.2570568009,2202.83074510231,55.6152542667001,22968.064897734,,,,,,
5/23/19,8,10703.0057522639,11054.221142676,2397.7362975834,57.7176095989153,24212.6804033377,,,,,,
5/23/19,9,10594.62646091,11325.38165045,2490.25478169753,57.1353228312477,24467.3979945105,,,,,,
5/23/19,10,10427.6554600472,11519.475709318,2560.32578533319,49.801218403337,24557.259150755,,,,,,
5/23/19,11,10537.8809187291,11715.9925399075,2412.30683739513,52.9122781617359,24719.0927275616,,,,,,
5/23/19,12,10605.9187287032,11585.8108680184,2138.14099101418,49.4985934159796,24379.3689990966,,,,,,
5/23/19,13,10647.641040976,11490.6522474668,1994.15939028173,52.4431863052412,24184.8958078363,,,,,,
5/23/19,14,10784.9581792838,11461.3333642201,1949.60296997319,50.2617363612865,24246.1547458792,,,,,,
5/23/19,15,10953.3768740733,11289.1982161155,1910.21850274375,50.6206539846804,24203.4158905057,,,,,,
5/23/19,16,10953.3479019906,11092.8033842586,1897.38815291145,49.6040425382976,23993.143357937,,,,,,
5/23/19,17,10737.125036967,11181.9791550585,1975.3606127577,48.929372725749,23943.3920107596,,,,,,
5/23/19,18,11054.9842763835,11106.6282151471,2115.0313045682,49.1237740102643,24325.7671374144,,,,,,
5/23/19,19,11211.8952540841,11132.6315848508,2209.44500260183,50.6455805881374,24604.6176833597,,,,,,
5/23/19,20,11492.7829124326,11486.5054619735,2342.09276738517,51.5424754250994,25372.9242772746,,,,,,
5/23/19,21,11765.6024833773,12001.0906961001,2459.07723425929,51.6085866008645,26277.3788618312,,,,,,
5/23/19,22,11498.4264725397,11643.0906809635,2341.77553047859,49.9119281213147,25533.2052551875,,,,,,
5/23/19,23,10736.6918522731,10854.4481659389,2127.44177712762,46.8755735802405,23765.4579179967,,,,,,
5/23/19,24,9943.8283345432,10112.0870530503,1926.21663845875,43.8322727929848,22025.9656646119,,,,,,
5/24/19,1,9458.12171997182,9714.07671938413,1864.29474865703,41.4684745176058,21077.9617278645,,,,,,
5/24/19,2,9136.11618681129,9325.09693573727,1767.42587311499,40.5500555879289,20269.1889854729,,,,,,
5/24/19,3,8839.03421130328,9097.3693957778,1721.44264182382,40.6553316635594,19698.5021605744,,,,,,
5/24/19,4,8743.17731201577,9036.68346561817,1670.19428787423,40.8047325215322,19490.8601883141,,,,,,
5/24/19,5,8843.51365134561,9269.78927448446,1717.64452885514,42.7394660924117,19873.6862639172,,,,,,
5/24/19,6,9341.47690472665,9772.59842513295,1850.29021825344,45.620632256727,21009.9857570914,,,,,,
5/24/19,7,10038.8987261146,10271.8695353803,1972.69541923029,48.0851454021509,22331.5466954189,,,,,,
5/24/19,8,10384.526040729,10520.134482576,1994.6155296917,48.5136757772467,22947.7889844789,,,,,,
5/24/19,9,10355.2088299428,10462.6624900924,1907.46336092392,47.6298424250147,22772.9646413379,,,,,,
5/24/19,10,10439.1463834317,10318.3483184281,1783.57230144695,47.4598844037567,22588.5266062264,,,,,,
5/24/19,11,10686.3437621885,10252.960650114,1701.13102879181,48.0124138424863,22688.4478117583,,,,,,
5/24/19,12,10491.7427003719,10191.0818316023,1658.97265442404,47.2566966028508,22389.0532016551,,,,,,
5/24/19,13,10204.1988748866,10186.0201610973,1635.03445438898,48.2708290214561,22073.5240512277,,,,,,
5/24/19,14,10160.3145825696,10246.0665909371,1631.95980888352,49.7715001307853,22088.1126614409,,,,,,
5/24/19,15,10265.8340397149,10261.75176237,1669.95786940988,50.113110357134,22247.6563451527,,,,,,
5/24/19,16,10189.5036451484,10383.2531447253,1690.18652656743,51.0628747029971,22314.00673825,,,,,,
5/24/19,17,9992.26524345134,10673.5783847219,1831.04290587424,50.0798008342654,22546.9650119501,,,,,,
5/24/19,18,10553.2095879176,10867.3454311074,2018.46117255211,51.3754714698831,23490.3912882115,,,,,,
5/24/19,19,11031.0442816573,11105.1315918819,2145.52030517724,52.0314607218491,24333.7284123812,,,,,,
5/24/19,20,11339.8509021441,11356.3717703452,2279.20612257221,51.0319233131343,25026.46051258,,,,,,
5/24/19,21,11605.9967108548,11816.0365092659,2397.42655680327,52.0330097547841,25871.4924008762,,,,,,
5/24/19,22,11411.435243451,11420.9663462482,2312.1332093632,50.2971380644437,25194.8322908336,,,,,,
5/24/19,23,10651.8052564253,10668.8270450623,2156.04402581871,46.8153483779129,23523.4922185409,,,,,,
5/24/19,24,9887.71774086007,9933.96706883792,1957.3267689769,43.8331728594049,21822.845159887,,,,,,
5/25/19,1,9331.20227469172,9447.49666716382,1865.13141222046,41.7707690006904,20685.6019329093,,,,,,
5/25/19,2,8912.47649487287,8993.52901373706,1754.43216069761,40.6410104718215,19701.0794092746,,,,,,
5/25/19,3,8642.69202702999,8783.34179438529,1690.06799848366,40.2104531761372,19156.3115614574,,,,,,
5/25/19,4,8478.76305538783,8670.11985388867,1659.02085574077,40.0834729960253,18847.986351228,,,,,,
5/25/19,5,8503.83149261147,8667.30673193898,1662.71070765893,40.8991533534027,18874.7472337609,,,,,,
5/25/19,6,8685.60879108123,8814.20811516027,1697.30288668669,42.4392731219878,19239.5595237269,,,,,,
5/25/19,7,8776.27020118407,8728.53820056827,1695.20268467537,44.2579775010689,19244.2685349839,,,,,,
5/25/19,8,8957.22676844736,8758.19209803809,1676.25102885248,45.8440452430872,19437.5123444531,,,,,,
5/25/19,9,9576.1784359238,8769.4647637419,1658.58680130318,45.9837634869295,20050.212698198,,,,,,
5/25/19,10,9587.7047218572,8802.52716068548,1695.90948460834,46.7112165878309,20132.8524954856,,,,,,
5/25/19,11,9445.50240590059,8810.93836141154,1801.07709822595,47.9285994422207,20105.4462783726,,,,,,
5/25/19,12,9154.69561170545,8747.03640224441,1835.70443658413,48.0217529273305,19785.458234837,,,,,,
5/25/19,13,8714.61708471118,8757.6177107754,1772.04777398363,48.3686129136267,19292.650524595,,,,,,
5/25/19,14,8575.25822682603,8803.10348241364,1622.52810719568,48.3933932823383,19049.2826622903,,,,,,
5/25/19,15,8650.85314698736,8797.90056188398,1522.12762815215,50.3429531041744,19021.2244170006,,,,,,
5/25/19,16,9006.86941193314,8912.89560199827,1484.16089789124,51.3841473170054,19455.3089842586,,,,,,
5/25/19,17,9385.18329344646,9255.6514249498,1549.29638080157,51.765395939418,20241.8959922021,,,,,,
5/25/19,18,9585.29403689126,9658.81859470926,1770.60936278347,53.1018189788163,21067.8238855205,,,,,,
5/25/19,19,9928.85195201236,10107.2927005679,1982.7081763135,53.0657251434529,22071.9176563634,,,,,,
5/25/19,20,10400.1591809655,10470.8255027186,2142.84292978757,51.8996554809959,23065.7271262483,,,,,,
5/25/19,21,10805.9807960881,10923.6563676043,2269.861712204,52.386279972502,24051.884466072,,,,,,
5/25/19,22,10677.5330993297,10672.5056300592,2211.94719918914,49.8046741532107,23611.7921386394,,,,,,
5/25/19,23,10103.8082116111,10141.9822149426,2071.41191576719,46.5808360823503,22363.7834439897,,,,,,
5/25/19,24,9452.00306476648,9560.41184288873,1915.31104724458,43.4322630196023,20971.1583546539,,,,,,
5/26/19,1,8911.0778817807,9066.33883766314,1795.62896464266,40.6136019538413,19813.659023212,,,,,,
5/26/19,2,8526.73156134143,8736.20078453511,1710.78727492606,39.0535328298542,19012.7735746109,,,,,,
5/26/19,3,8292.92856875569,8560.75214656646,1664.88476200224,38.899762938437,18557.4651272895,,,,,,
5/26/19,4,8148.88274423525,8404.26080949044,1621.87633551178,38.7218283099522,18213.7418858653,,,,,,
5/26/19,5,8129.64286364892,8323.07901977628,1618.25271820666,40.2459424990009,18111.2201697265,,,,,,
5/26/19,6,8221.90121622783,8426.6137999274,1643.88356406658,41.5518777911176,18333.9499240229,,,,,,
5/26/19,7,8252.40899264219,8314.66768609393,1672.28570911465,43.3446810166413,18282.7060247396,,,,,,
5/26/19,8,8421.49411110404,8396.1065823996,1765.35147843106,44.8113368542929,18627.7620797804,,,,,,
5/26/19,9,8642.99860293899,8674.77997357535,1854.45711846382,45.0876828843033,19217.322954612,,,,,,
5/26/19,10,8913.48767258549,8958.50911155367,1900.23585817244,47.1267882558562,19819.3587389294,,,,,,
5/26/19,11,8658.65036963126,9252.90377297335,1967.34059369044,48.0601110498286,19926.956732749,,,,,,
5/26/19,12,8201.13785143826,9166.99814847495,1980.17345262938,48.0368064099164,19396.3469131075,,,,,,
5/26/19,13,8089.96793400608,9041.64552655211,1932.22452207409,49.3440943238931,19113.1828179137,,,,,,
5/26/19,14,8093.91405077368,9003.85547669292,1825.87317129016,46.3245680904524,18969.9669399022,,,,,,
5/26/19,15,8216.31604033669,8855.03415589938,1788.79504061146,44.0812919142583,18904.2268676168,,,,,,
5/26/19,16,8300.23384853952,9013.22550847099,1849.79075338467,45.7636408681376,19209.0138054382,,,,,,
5/26/19,17,8465.57909391971,9117.60724495076,1914.87582792331,46.8814599536066,19544.94376823,,,,,,
5/26/19,18,8870.32307842952,9339.29640257465,1994.49232223085,48.4544014233839,20252.5661820008,,,,,,
5/26/19,19,9307.81242994839,9753.49277075567,2091.15470504969,48.4527077272356,21200.9127578484,,,,,,
5/26/19,20,9806.47936022643,10027.9323457053,2199.52444315567,48.929072871288,22082.8641341436,,,,,,
5/26/19,21,10256.9676521826,10370.8528274048,2269.12464642736,50.9318828023987,22947.8765820644,,,,,,
5/26/19,22,10186.2292193751,10150.1563160803,2168.25095268776,49.5209014092472,22554.1578632589,,,,,,
5/26/19,23,9624.627056896,9805.43371364416,2031.39491083897,46.1261047677538,21507.5823901918,,,,,,
5/26/19,24,9036.61697202611,9142.50630415878,1881.45234399212,43.2666191072888,20103.8420492481,,,,,,
5/27/19,1,8839.17124979518,8795.66751275462,1779.66272525224,42.1737288337182,19456.674467641,,,,,,
5/27/19,2,8523.67622919949,8392.03282640614,1716.68857625654,41.3741664943699,18673.772130368,,,,,,
5/27/19,3,8327.83156637601,8114.11726836504,1676.29918329956,41.3252612614326,18159.57288628,,,,,,
5/27/19,4,8248.53957491451,8032.69520074172,1649.16913175136,41.5864661097207,17971.9904068073,,,,,,
5/27/19,5,8326.26728959839,8098.53883084811,1621.76169763506,43.4512779810659,18090.0192440198,,,,,,
5/27/19,6,8580.63365234883,8276.75613657704,1678.00095617592,45.9000981867528,18581.290466869,,,,,,
5/27/19,7,8716.53380483496,8188.19415871171,1715.83365562718,48.7803544763702,18669.3412711531,,,,,,
5/27/19,8,8845.69275297068,8102.03769507994,1665.58123311377,52.2799056280097,18665.591045233,,,,,,
5/27/19,9,8864.98037716468,8086.30560307951,1653.84911863224,52.9992277922089,18658.1336371512,,,,,,
5/27/19,10,8799.32140351694,8170.19651448275,1656.87786388962,51.3387085207718,18677.7337974161,,,,,,
5/27/19,11,8723.94190381098,8305.12462321973,1542.31518170715,49.1393356410619,18620.5200683246,,,,,,
5/27/19,12,8964.28513910222,8315.98899176879,1447.83182733042,46.4429875755566,18774.5488944527,,,,,,
5/27/19,13,8961.16051044388,8176.17830302361,1415.88494171194,46.0224513969733,18599.2464851959,,,,,,
5/27/19,14,8954.71248656636,8281.76638821439,1377.43067892218,46.3825428768077,18660.2919726835,,,,,,
5/27/19,15,8926.74934989661,8378.58686624953,1411.44253869098,46.5314100974834,18763.3103199324,,,,,,
5/27/19,16,8892.37451920331,8391.73193177747,1455.82947861582,47.6769477128232,18787.6125791612,,,,,,
5/27/19,17,9211.34408296735,8682.91545746426,1626.78312801843,46.8837331531442,19567.9263479933,,,,,,
5/27/19,18,9821.56784129571,9112.19601650162,1824.14557993759,48.6764236758166,20806.5859638126,,,,,,
5/27/19,19,10181.7153986586,9553.22655020722,2031.85410784574,49.213482254849,21816.0095437433,,,,,,
5/27/19,20,10571.7265702722,10058.5729095443,2186.0065934127,49.7073891541452,22866.0124009361,,,,,,
5/27/19,21,11009.4033807237,10656.4400377168,2325.01478094255,50.9832287268684,24041.8403742577,,,,,,
5/27/19,22,10849.523575273,10425.7396448552,2223.70384421621,49.023143911886,23547.9907910231,,,,,,
5/27/19,23,10064.6013050098,9752.97118939857,2025.84026790585,45.3147729349126,21888.7280238834,,,,,,
5/27/19,24,9325.62353856805,9124.10095573583,1855.38724312326,41.9478309543786,20347.0598977169,,,,,,
5/28/19,1,8819.10612984296,8641.82232435017,1757.13119811602,38.4457871110663,19256.5058456442,,,,,,
5/28/19,2,8698.58468128835,8380.70770385846,1692.14966233603,38.9546085299691,18810.3969500891,,,,,,
5/28/19,3,8613.20151641149,8263.75525626755,1678.2087715156,37.9735890903477,18593.1394533505,,,,,,
5/28/19,4,8621.77681504327,8276.4791438726,1675.13647105172,39.8652755499307,18613.2573938782,,,,,,
5/28/19,5,8716.12238338866,8558.51660332548,1693.30925062685,42.7171662932585,19010.6646966983,,,,,,
5/28/19,6,9168.5368844299,9113.45548041299,1826.84735426546,45.7054794042907,20154.543558432,,,,,,
5/28/19,7,9978.30758457793,9746.32993349515,1978.75804854642,48.7918175661298,21752.186598812,,,,,,
5/28/19,8,10652.3916035037,10100.9607166378,2003.63710465727,50.0892219001212,22807.0767827109,,,,,,
5/28/19,9,10652.6823633136,10289.5064604914,1915.06550931542,50.4105284213246,22907.664736689,,,,,,
5/28/19,10,10510.8088070515,10337.8624531669,1837.59061455271,49.9576393066972,22736.2197866166,,,,,,
5/28/19,11,10458.7018488626,10345.5476197535,1747.33882054993,51.1149776172945,22602.7029188696,,,,,,
5/28/19,12,10379.6093566444,10290.3139288174,1685.17933843894,52.0347804757982,22407.1378004117,,,,,,
5/28/19,13,10150.0502336175,10270.4486493451,1659.39194153376,53.6570105924816,22133.5482806516,,,,,,
5/28/19,14,10224.8536623492,10466.5381091533,1667.70690947768,55.3686844452186,22414.4672605713,,,,,,
5/28/19,15,10285.8745377205,10573.0365281107,1713.7632155585,56.2305016718738,22628.903616166,,,,,,
5/28/19,16,10230.0577692009,10707.3274520516,1805.74615518107,57.3878051247993,22800.5178343372,,,,,,
5/28/19,17,10530.914012363,10710.5046221037,1917.21497056226,54.1491329845469,23212.7816658536,,,,,,
5/28/19,18,11094.5073174355,10949.7936667195,2094.04700455975,54.0034279456093,24192.3512372593,,,,,,
5/28/19,19,11385.739415109,11297.7753299752,2235.97853793443,53.5676107507761,24973.0613545363,,,,,,
5/28/19,20,11790.4560764988,11562.0727639421,2375.50338839373,53.324843879345,25781.3573239902,,,,,,
5/28/19,21,12092.4947597453,12092.9028239505,2486.78000606877,54.0868009597471,26726.2643967771,,,,,,
5/28/19,22,11821.9178000632,11680.0078848695,2367.84209626639,51.4158852315656,25921.1846065025,,,,,,
5/28/19,23,10916.4302378585,10795.5406016596,2150.77398595327,46.9848582768993,23909.7312186123,,,,,,
5/28/19,24,10078.5277229276,9998.76857520716,1945.38624397161,43.4823593638327,22066.1665923422,,,,,,
5/29/19,1,9532.68775916526,9577.36671052735,1854.52927047122,41.209207301094,21005.7935741537,,,,,,
5/29/19,2,9111.48396302419,9244.27014369224,1774.35034343905,40.1131139618755,20170.2180069533,,,,,,
5/29/19,3,8879.23510523869,8986.20147389922,1727.31577070661,39.880927073874,19632.6339942661,,,,,,
5/29/19,4,8814.17544533066,8777.97989196236,1697.37712145257,39.9666963477608,19329.499234847,,,,,,
5/29/19,5,8980.50555036433,9065.4426782565,1734.34401718372,42.3588568977151,19822.6502912797,,,,,,
5/29/19,6,9502.21181095143,9624.3219703011,1854.40271480632,45.0848352889571,21026.0210915637,,,,,,
5/29/19,7,10213.0325692262,10190.0078117467,2021.547185376,48.1181690157244,22472.7052755482,,,,,,
5/29/19,8,10636.7593391394,10475.2103183822,2073.95354093149,49.7450686951202,23235.6678750935,,,,,,
5/29/19,9,10518.9463767913,10561.7034974148,1973.7794743418,51.327229225834,23105.7564305479,,,,,,
5/29/19,10,10416.5052282,10591.6662329158,1857.07368340347,51.0756376579828,22916.3203105755,,,,,,
5/29/19,11,10730.6807585383,10706.1903594476,1831.11961492406,52.9824224694518,23320.9723541662,,,,,,
5/29/19,12,10614.104407687,10805.1182623289,1779.76787226176,55.191813426492,23254.1822613319,,,,,,
5/29/19,13,10606.8427284518,10938.4800873346,1748.82395863405,58.7460730136866,23352.8917496171,,,,,,
5/29/19,14,10781.2134652763,11211.5450076485,1777.13154708879,60.6171122842229,23830.5052882976,,,,,,
5/29/19,15,10755.6219435282,11416.663083187,1780.5499482977,62.4332827632531,24015.2676373205,,,,,,
5/29/19,16,11165.2163754296,11606.9342670382,1877.59345836706,62.2371488677849,24711.9793821585,,,,,,
5/29/19,17,11387.9656030336,12016.3777874261,2002.7699321886,62.3902722992486,25469.5041417183,,,,,,
5/29/19,18,11875.6975007978,12074.3025039727,2220.42273627403,64.1305071088673,26234.553427436,,,,,,
5/29/19,19,12301.6050558608,12244.2235662592,2327.12403628098,63.271656426116,26936.2244218922,,,,,,
5/29/19,20,12508.2915852549,12315.4326274498,2423.73426107043,61.2590197849112,27308.7168707279,,,,,,
5/29/19,21,12617.7433701994,12622.2100996835,2527.38911813125,59.851347736001,27827.1935242132,,,,,,
5/29/19,22,12352.7412243963,12166.1439006511,2413.4161663362,56.1999426024324,26988.5021801735,,,,,,
5/29/19,23,11289.2213080436,11226.8282438441,2185.12747269906,50.4438329963785,24751.621910839,,,,,,
5/29/19,24,10400.828769692,10362.469922288,1984.83046989445,45.1504627438586,22793.2811884441,,,,,,
5/30/19,1,9831.28556122841,9847.70020845905,1871.35028826145,42.3612870635194,21592.6988187695,,,,,,
5/30/19,2,9408.89901882368,9438.98577298257,1806.32528134956,40.5974537908563,20694.8075302031,,,,,,
5/30/19,3,9057.81278343971,9134.56808939082,1736.85062616475,40.0093231154614,19969.2417503046,,,,,,
5/30/19,4,8971.0569221835,9057.4954675212,1710.78418240943,39.7926113841263,19779.1294546578,,,,,,
5/30/19,5,9110.2474812762,9280.04540501907,1754.46186511471,41.4978932087135,20186.2520478562,,,,,,
5/30/19,6,9619.81218461662,9799.38247040704,1886.71195852461,43.6605800458308,21349.5666229091,,,,,,
5/30/19,7,10304.252890962,10329.2358254231,2073.88728821844,46.4008197103284,22753.7749096331,,,,,,
5/30/19,8,10801.5243882943,10687.3493512126,2195.10720824999,49.0964709502337,23733.0762225272,,,,,,
5/30/19,9,10773.0144319944,10844.1255784303,2123.03050082195,51.85658024289,23792.0270263854,,,,,,
5/30/19,10,10860.0717889633,10867.0391075766,2003.87528081202,54.570348121221,23785.5593015796,,,,,,
5/30/19,11,10500.0858197822,11009.470068055,1847.91681134784,56.1511442673937,23413.6226802957,,,,,,
5/30/19,12,10376.5220603509,11209.3450030659,1776.20287786746,59.0188479476434,23421.0895401066,,,,,,
5/30/19,13,10210.9250229722,11416.5846855428,1763.04228580112,62.0972074171688,23452.6483943464,,,,,,
5/30/19,14,10422.7189051039,11637.4756918263,1790.04433136805,62.4242144966993,23912.6618090812,,,,,,
5/30/19,15,10393.2456849541,11901.4667816134,1840.11690121168,63.9966430654323,24198.8257405962,,,,,,
5/30/19,16,10764.2785008802,12090.2049632889,1926.52392002189,66.5473178095559,24847.5539489192,,,,,,
5/30/19,17,11330.7411471046,12314.0447063324,2078.82270840392,67.6780468670842,25791.2862193421,,,,,,
5/30/19,18,11842.7569496585,12428.5531155781,2264.63052463102,68.9852314941714,26604.9257939266,,,,,,
5/30/19,19,12225.5051178891,12582.3424155516,2386.93717824585,67.5071778342246,27262.2930108931,,,,,,
5/30/19,20,12448.2216468362,12652.1291246289,2480.47188057312,64.4947611986267,27645.3180078265,,,,,,
5/30/19,21,12600.8789387735,12857.0132847359,2538.77534419109,62.618919554663,28059.2867919638,,,,,,
5/30/19,22,12352.9147823899,12404.3306892,2438.44102827887,59.4941975929317,27255.1823019746,,,,,,
5/30/19,23,11536.8740854333,11515.8971200836,2249.68322444922,53.9446866454214,25356.4004513866,,,,,,
5/30/19,24,10692.9818728678,10477.0200214383,2026.82139005508,48.2860666891055,23245.1107737695,,,,,,
5/31/19,1,10117.7167962991,9916.06550365802,1916.50136192708,44.2792872161958,21994.56350296,,,,,,
5/31/19,2,9610.49161773237,9527.34240324045,1818.00008523971,42.0404213630911,20997.8741874774,,,,,,
5/31/19,3,9354.5363613799,9255.36485493272,1751.17728851735,40.9805320038368,20402.0592928637,,,,,,
5/31/19,4,9233.4718173331,9223.17226745016,1729.07351658639,40.5698470713786,20226.2871830681,,,,,,
5/31/19,5,9387.92210587951,9389.34223083196,1785.29847316446,41.8718470211576,20604.4332052539,,,,,,
5/31/19,6,9931.30784709672,9879.03076221687,1889.17882513106,44.1301896507823,21743.6461202874,,,,,,
5/31/19,7,10546.6037947197,10472.70119308,2070.97627728835,46.6342778024367,23136.9139857658,,,,,,
5/31/19,8,11045.5116934634,10904.0036681152,2187.27338396071,49.6917907612968,24186.4794093535,,,,,,
5/31/19,9,10871.9808713665,11167.5695742541,2251.46897465494,51.5509822562121,24342.5697816491,,,,,,
5/31/19,10,10765.1065743801,11303.2089972883,2254.77932116755,54.1176789262011,24377.2132887057,,,,,,
5/31/19,11,10774.4180943854,11196.8737612726,2164.83675997754,56.7180950327175,24192.8461890983,,,,,,
5/31/19,12,10617.1808672006,11062.2830797821,1928.07087832261,60.4029416593701,23667.9375427794,,,,,,
5/31/19,13,10631.8686291714,11091.1057903958,1758.23237862276,64.9261507073625,23546.1325666397,,,,,,
5/31/19,14,10879.2000253242,11284.8256439057,1678.97244495069,66.8714789280872,23909.869338079,,,,,,
5/31/19,15,11120.6633269473,11510.6092574836,1733.07156155987,68.4001099330252,24432.7438375425,,,,,,
5/31/19,16,11376.0774489407,11662.4271503675,1859.8715478262,69.3828919344872,24967.7583694545,,,,,,
5/31/19,17,11876.302326033,11803.1674175961,2039.49222704096,68.0018791916444,25786.9634450932,,,,,,
5/31/19,18,12472.029231401,11892.4033015151,2237.55049620218,67.772315438149,26669.7547497713,,,,,,
5/31/19,19,12834.7285432311,11952.5429633046,2353.80398764821,66.7357018668351,27207.8112639863,,,,,,
5/31/19,20,12930.6747737416,11959.6082535555,2416.08975496489,64.055744985731,27370.4294854094,,,,,,
5/31/19,21,12957.7840896528,12286.2643822842,2444.84709909978,62.2845833441414,27751.1799698475,,,,,,
5/31/19,22,12671.9530544625,11953.6031201717,2372.64065534941,58.3804504257001,27056.5773763152,,,,,,
5/31/19,23,11903.1144940499,11210.8442356115,2192.40961816397,53.4261980103813,25359.7956841281,,,,,,
5/31/19,24,11005.7719071702,10476.6647918135,2031.07119996977,47.9204854892861,23561.4297223497,,,,,,
6/1/19,1,10311.9207418484,9960.19671255786,1918.88166438637,44.3051370257824,22235.3054666316,,,,,,
6/1/19,2,9784.4776119119,9495.77807756772,1809.3737544229,42.2617398275133,21131.8917087881,,,,,,
6/1/19,3,9411.7851248614,9156.43098150766,1737.15277758361,40.8321505777154,20346.2022362073,,,,,,
6/1/19,4,9219.40047268322,9073.60704943632,1703.13228132926,40.1140331144567,20036.2533524461,,,,,,
6/1/19,5,9241.00268750857,9087.4013955924,1719.76083743051,40.5642537091099,20088.7291169199,,,,,,
6/1/19,6,9310.01128645583,9222.4974029823,1748.92856024053,41.5131646849657,20322.9503287403,,,,,,
6/1/19,7,9436.92018247743,9321.52042996221,1789.27236556032,43.9369231001649,20591.6494826,,,,,,
6/1/19,8,9559.4697252973,9489.05286896658,1864.3910914876,46.5452824052783,20959.4576842738,,,,,,
6/1/19,9,9795.19662250583,9739.34854493911,1897.161948346,48.7100982832923,21480.4165960663,,,,,,
6/1/19,10,9934.45271464896,9989.0237774072,1988.03886942772,51.3212735843961,21962.8359481204,,,,,,
6/1/19,11,10114.592945519,10123.1571035384,2011.64936010536,54.3712497209961,22303.7703192558,,,,,,
6/1/19,12,10211.1727456225,10146.3968557806,1917.41754623706,58.5533274329913,22333.5407389613,,,,,,
6/1/19,13,10386.0539118703,10052.7953853161,1802.75911580578,62.4840738077895,22304.0925514087,,,,,,
6/1/19,14,10661.0017172076,10047.8345057866,1665.32857709845,63.6547678040346,22437.8194545086,,,,,,
6/1/19,15,10782.8981892964,9972.9186609864,1627.49046074845,64.6402562851712,22447.946419555,,,,,,
6/1/19,16,11264.4948493213,9987.39646358255,1653.46010788705,67.6226657992895,22972.97310761,,,,,,
6/1/19,17,11716.6835222957,10101.8241819194,1800.64438213985,70.0065370015776,23689.1591596757,,,,,,
6/1/19,18,12283.4307618987,10246.0291407292,1912.26065351672,69.0390781948725,24510.7597426659,,,,,,
6/1/19,19,12634.0873907089,10412.8232273793,2097.37522497822,67.7756429486034,25212.061664581,,,,,,
6/1/19,20,12737.1072656118,10712.5877201395,2243.98284155133,62.9185233115208,25756.5964435634,,,,,,
6/1/19,21,12775.6932116828,11149.1926504841,2350.92163127087,60.6140918213715,26336.4216421724,,,,,,
6/1/19,22,12481.0678019699,10995.8656956919,2304.11167180549,57.2935964393753,25838.3393180213,,,,,,
6/1/19,23,11664.5424414589,10324.0216661858,2127.81883930173,52.1323366277376,24168.5160288793,,,,,,
6/1/19,24,10828.8753137675,9751.36278274945,1964.31604091519,46.3698196207183,22590.9239335778,,,,,,
6/2/19,1,10273.7765332081,9339.22479211069,1854.87891600121,43.3360844987418,21511.2171918873,,,,,,
6/2/19,2,9782.84544085352,8990.52779695728,1766.34433355447,41.1147869115114,20580.8332470995,,,,,,
6/2/19,3,9402.51591202299,8756.85169253722,1703.89156091795,40.1110218773963,19903.3705222278,,,,,,
6/2/19,4,9192.44802350187,8592.27179308166,1663.11905795335,39.2454289073195,19487.0844071519,,,,,,
6/2/19,5,9110.15017669252,8599.96227217578,1663.78973158817,39.8507927535222,19413.752618153,,,,,,
6/2/19,6,9154.65104141515,8612.72689154887,1678.28920280176,40.4399952706962,19486.1072974243,,,,,,
6/2/19,7,9083.01140636841,8483.69031836104,1695.71416196167,42.4387514064406,19304.854657962,,,,,,
6/2/19,8,9238.7719653958,8594.84458031163,1713.08252822039,45.5994411053925,19592.2985731078,,,,,,
6/2/19,9,9880.09925855072,8857.98811487932,1779.93255575399,47.2072490771733,20565.2266378516,,,,,,
6/2/19,10,10050.4038753177,9148.13550702527,1783.27859433071,50.2171322193464,21032.0349272023,,,,,,
6/2/19,11,9895.41284026309,9429.36641942987,1793.77579413217,53.3620454789548,21171.9174522753,,,,,,
6/2/19,12,9886.01956348194,9519.49620581432,1802.38748535145,56.513770449892,21264.4163557479,,,,,,
6/2/19,13,9983.88436810027,9435.64996926027,1726.96461605506,61.3871962780437,21207.8867284153,,,,,,
6/2/19,14,10056.6517890688,9474.17446482482,1700.44484122644,66.5641298639882,21297.8353374288,,,,,,
6/2/19,15,10356.7709390661,9535.36852346624,1688.7235092671,68.6278299309233,21649.4905358576,,,,,,
6/2/19,16,10755.4362997935,9559.81770247812,1763.74453151424,68.7104391570611,22147.709418836,,,,,,
6/2/19,17,11221.8879833763,9790.56363873202,1854.72387573875,68.2301645172516,22935.4049868387,,,,,,
6/2/19,18,11859.6029937459,10150.7824084211,1991.91374429063,67.9160167873909,24070.2148879862,,,,,,
6/2/19,19,12397.0398633744,10491.4730684451,2172.48266395447,65.1398541300268,25126.1349956008,,,,,,
6/2/19,20,12537.0629748126,10874.1441104785,2315.07152129634,62.2645139000922,25788.5429208537,,,,,,
6/2/19,21,12685.7033831511,11348.3549681376,2394.88806589617,60.7353684628053,26489.6819747888,,,,,,
6/2/19,22,12470.4345893793,11049.4310097887,2300.77583947787,56.7640765526591,25877.4066293144,,,,,,
6/2/19,23,11532.5609798968,10417.8505600687,2099.74964949646,51.5788283001986,24101.7416476134,,,,,,
6/2/19,24,10550.8067716036,9712.30623592927,1916.22643982182,45.4893502761393,22224.8291482012,,,,,,
6/3/19,1,10002.5261052474,9226.64271331414,1827.80632656498,42.4641878555074,21099.4407692758,,,,,,
6/3/19,2,9498.46286701455,8898.04660212379,1749.8743572438,40.3294038570783,20186.7139784476,,,,,,
6/3/19,3,9252.1758675058,8721.7039895582,1712.21848695715,39.9519258748781,19726.0501118702,,,,,,
6/3/19,4,9194.15187482535,8714.81091671386,1700.53932172431,39.983182867909,19649.4860810788,,,,,,
6/3/19,5,9395.04774411353,8960.43338346982,1755.98453724161,41.6401354902666,20153.1043293845,,,,,,
6/3/19,6,9879.21963763498,9467.6588043,1864.53055792769,44.3878655913489,21255.7964151509,,,,,,
6/3/19,7,10686.3110653025,10135.4466434608,2049.86046774792,47.0541395949558,22918.671481467,,,,,,
6/3/19,8,11258.8790173901,10721.4720025464,2168.82258986303,49.50952333516,24198.6817151365,,,,,,
6/3/19,9,11362.7784861681,11099.1719951516,2262.66506243634,52.8484090288502,24777.4636428143,,,,,,
6/3/19,10,11458.4128218898,11396.9163318835,2331.78875671094,55.7512364986605,25242.8719326761,,,,,,
6/3/19,11,11350.300240419,11481.378213322,2332.54485841145,59.1781010696225,25223.4015985131,,,,,,
6/3/19,12,11397.7486564365,11342.4470159113,2262.02202521466,63.7743120469251,25065.991457802,,,,,,
6/3/19,13,11537.9368705481,11229.3635013007,2189.13446915384,68.0650924881985,25024.4991953528,,,,,,
6/3/19,14,11755.2237443961,11368.2778596396,2060.60376379478,72.5748727632211,25256.6803895895,,,,,,
6/3/19,15,12120.7759717085,11473.5765847901,1997.71463759077,75.9636763785176,25668.0310859962,,,,,,
6/3/19,16,12761.1523703395,11685.8995916335,2023.19878580197,78.9782472908226,26549.2286825959,,,,,,
6/3/19,17,13523.1289028967,11813.7452858028,2144.6980054431,80.843452109394,27562.4144211181,,,,,,
6/3/19,18,14252.5725472839,12033.2802206699,2307.2818790761,78.3028162975942,28671.4364825593,,,,,,
6/3/19,19,14641.353827637,12205.5942403394,2432.33282093854,73.7693511786229,29353.0505481167,,,,,,
6/3/19,20,14711.0826535062,12267.7229369904,2516.49448722606,70.7213389640208,29566.0214829755,,,,,,
6/3/19,21,14560.7280211946,12652.4529399267,2526.63503698643,67.6836882565867,29807.499145628,,,,,,
6/3/19,22,14115.1716413895,12338.2023572268,2422.8479416804,62.7619379613032,28938.9840684588,,,,,,
6/3/19,23,12906.245677706,11413.4536032027,2176.06919629532,55.5428308468525,26551.3120633099,,,,,,
6/3/19,24,11748.3582384945,10591.2621642034,2005.69331092671,50.1084050640617,24395.4221525682,,,,,,
6/4/19,1,10966.8287506934,9917.10030989272,1889.47097286812,46.331632539904,22819.7325860885,,,,,,
6/4/19,2,10401.739141342,9525.07765525435,1805.61218570877,43.5855146319497,21776.0159561161,,,,,,
6/4/19,3,10095.3176410939,9255.13839343709,1744.54044209882,42.3330129871176,21137.330279562,,,,,,
6/4/19,4,9982.76383103873,9138.58750663176,1726.0226332312,41.4255099242839,20888.7988004376,,,,,,
6/4/19,5,10042.1388893505,9273.90738327822,1767.2140225938,42.9848768542922,21126.2445524265,,,,,,
6/4/19,6,10472.1693903194,9870.18314899361,1894.93302676426,45.1346496651735,22282.4190289252,,,,,,
6/4/19,7,11131.3476920667,10547.1714794063,2076.46823236695,47.7378056804914,23802.7223732788,,,,,,
6/4/19,8,11782.1545295981,11032.3748893216,2224.42883173054,51.3475534825434,25090.3051784849,,,,,,
6/4/19,9,11934.6905776957,11381.8267041173,2259.12858722525,54.5523066170098,25630.1972168843,,,,,,
6/4/19,10,11998.9923742849,11605.8787185704,2322.65420327571,58.5457009679956,25986.0700173316,,,,,,
6/4/19,11,12486.7103140499,11608.5250182722,2288.619077234,63.2976632367557,26447.1521136539,,,,,,
6/4/19,12,13128.7467395074,11602.3791578259,2153.51161302201,69.7555097551271,26954.3924406932,,,,,,
6/4/19,13,12897.501925998,11739.3265035967,1962.09836154166,75.4236663718734,26674.3490291334,,,,,,
6/4/19,14,13484.3361485579,12058.9508609442,1878.75065724578,80.3954626151683,27502.4332766932,,,,,,
6/4/19,15,14119.1742114543,12500.5518519059,1897.26563440924,84.7308611006672,28601.7217648187,,,,,,
6/4/19,16,14979.7005026653,12778.1133533401,2020.00352079522,87.992869963141,29865.8086116475,,,,,,
6/4/19,17,15826.2448764026,12820.1378532631,2156.99332676328,89.9204718174422,30893.2955182493,,,,,,
6/4/19,18,16337.2861180928,12987.4857588761,2312.95367739147,89.4628911391248,31727.1881779651,,,,,,
6/4/19,19,16793.7882335948,13177.2280798594,2386.24378586765,86.3255058750504,32443.5859414794,,,,,,
6/4/19,20,16859.8135010651,13194.4514615891,2483.91696480325,80.9420858897532,32619.1238640501,,,,,,
6/4/19,21,16423.9235572133,13485.1204053726,2573.4234424093,75.6090054113791,32558.0761266488,,,,,,
6/4/19,22,15767.4672195021,13173.2942490642,2458.10414378498,69.4463982509122,31468.3143339643,,,,,,
6/4/19,23,14306.2800062335,12155.8899461308,2257.76750089255,61.4511255214725,28781.3914430496,,,,,,
6/4/19,24,12945.6329391177,11168.9062512343,2061.49873637763,55.2418450999696,26231.2812714366,,,,,,
6/5/19,1,12015.8145341012,10424.903894312,1959.36617649296,49.384893604975,24449.4702996859,,,,,,
6/5/19,2,11270.962543885,9920.16336100837,1891.46635071867,46.3769357528816,23128.9701303725,,,,,,
6/5/19,3,10801.2575427611,9638.2092294084,1835.92818919482,44.5949929192835,22319.990216545,,,,,,
6/5/19,4,10560.8054162191,9431.2946905232,1804.36405807262,43.6221480873752,21840.086456005,,,,,,
6/5/19,5,10536.6888636405,9569.85810953221,1847.55101223737,44.6652994078565,21998.7628464606,,,,,,
6/5/19,6,10963.5724823348,10208.7552353592,1920.03994201194,46.7358792465741,23139.1024427613,,,,,,
6/5/19,7,11666.6501900297,10774.7304452383,2095.73275506724,49.8220604678258,24586.9334851581,,,,,,
6/5/19,8,12346.7105206589,11404.9980443365,2224.93157255155,54.1775131994342,26030.8160893571,,,,,,
6/5/19,9,12578.4404941005,11714.4208033553,2284.35367823007,58.7809069871768,26635.9951850431,,,,,,
6/5/19,10,12818.4577086786,11861.724183541,2204.36441847633,64.5202810622273,26949.0655321708,,,,,,
6/5/19,11,13103.3720956644,12100.3876678976,2096.15752879364,70.0182874917442,27369.9353763277,,,,,,
6/5/19,12,13507.9094854308,12307.2300195399,1962.41729002303,78.1731343362923,27855.7302896038,,,,,,
6/5/19,13,13990.7236654031,12646.1903265064,1949.34929988429,84.6543910567947,28670.9178047895,,,,,,
6/5/19,14,14669.7612280672,13179.9398618428,1986.40316237948,89.9671993469512,29926.0722151834,,,,,,
6/5/19,15,15318.7890049552,13558.4994752779,1972.85100011174,94.2824434746076,30944.4211772463,,,,,,
6/5/19,16,15955.8815227094,13853.8520090131,2061.47301314628,97.6823635194289,31968.8878468733,,,,,,
6/5/19,17,16550.7035662128,14152.4781349804,2180.19830081088,93.250708962724,32976.6288469168,,,,,,
6/5/19,18,17016.5675487375,14250.4522628944,2355.14631468332,100.373783830249,33722.5392670756,,,,,,
6/5/19,19,17057.1999913128,14244.6110081084,2439.53077395627,96.5776611214056,33837.9195661891,,,,,,
6/5/19,20,16832.5000717649,13921.3591144991,2510.04789801394,89.4345700209301,33353.3436248949,,,,,,
6/5/19,21,16312.9039393946,13976.5453168032,2587.51911277052,83.4695011831265,32960.4381544566,,,,,,
6/5/19,22,15606.4004847863,13604.7792265016,2484.50508501613,75.2130010461207,31770.8989747135,,,,,,
6/5/19,23,14157.30183012,12594.5006906573,2271.16976817388,66.3616241896379,29089.3345735652,,,,,,
6/5/19,24,13025.2019191129,11493.0706174278,2072.66942136112,59.2645948996641,26650.2085302811,,,,,,
6/6/19,1,11977.9338710931,10782.9102874433,1988.64366684171,54.2837726776123,24803.7732390017,,,,,,
6/6/19,2,11225.1501285977,10262.717104631,1907.99991121718,50.7563872537568,23446.6241225098,,,,,,
6/6/19,3,10672.8760988212,9917.34803361388,1827.84597082195,50.7115938248533,22468.7822496985,,,,,,
6/6/19,4,10402.5237566582,9715.04114272463,1803.87328686726,50.096986079877,21971.5347672789,,,,,,
6/6/19,5,10377.4799453824,9822.42248304906,1836.45623622129,51.1638888426663,22087.5228109916,,,,,,
6/6/19,6,10821.4231825973,10268.4064816343,1913.38591058711,52.3579161958323,23055.575072833,,,,,,
6/6/19,7,11382.3543578906,10792.5017686985,2085.64535413379,55.5481824882977,24316.0486489077,,,,,,
6/6/19,8,11815.7774641188,11376.4514881176,2230.41271580147,61.3268656915301,25483.966374111,,,,,,
6/6/19,9,11694.3613697782,11689.2161780405,2256.46320463736,68.1740571337426,25708.2143349079,,,,,,
6/6/19,10,11491.0008955667,11834.9440678125,2125.39460968505,74.0315246377252,25525.3712398122,,,,,,
6/6/19,11,11345.6288446024,12065.6560679556,2016.11281528356,81.6823790628115,25509.0773762316,,,,,,
6/6/19,12,11451.9762564577,12364.7349854221,2046.09987872616,86.6566540024654,25949.4675870074,,,,,,
6/6/19,13,11405.5233793171,12665.9114905386,2075.54026160082,90.8376100181373,26237.8118478656,,,,,,
6/6/19,14,11617.9553124475,13113.5397445832,2075.34479275013,92.6531926361021,26899.493229288,,,,,,
6/6/19,15,11937.0199398585,13539.276412398,2041.64499503028,93.5211244062769,27611.4632250413,,,,,,
6/6/19,16,12245.9342879723,13856.5309360167,2085.56157512699,94.6423893388874,28282.6670031512,,,,,,
6/6/19,17,12743.2894620444,14035.3571776951,2183.91818827853,94.9348538537979,29057.4998355744,,,,,,
6/6/19,18,13119.4209041998,13941.6048815653,2322.04831103336,92.9266883520039,29476.0012366743,,,,,,
6/6/19,19,13537.7576770506,13957.3581092744,2406.79195026741,89.5666762422151,29991.4747829842,,,,,,
6/6/19,20,13636.1131997894,13556.0727808309,2474.71444021718,84.3038015121365,29751.2048510282,,,,,,
6/6/19,21,13598.1972229318,13552.9923728343,2550.00276888066,79.9528441204395,29781.1456537631,,,,,,
6/6/19,22,13284.2427595968,13151.8226288391,2424.37691063116,73.4490749312106,28933.8924300688,,,,,,
6/6/19,23,12285.8752544265,12213.8742815441,2220.21006336314,64.733393404742,26784.6950624435,,,,,,
6/6/19,24,11333.7604158571,11232.6989274396,2004.4197158321,58.0285728995973,24628.9084176766,,,,,,
6/7/19,1,10660.5454565068,10395.6421043707,1909.71636853894,53.6970345616166,23019.6021734533,,,,,,
6/7/19,2,10154.9872061661,9890.57516145401,1808.51493850148,49.8387566578688,21903.9166663452,,,,,,
6/7/19,3,9847.7371369056,9521.56852833458,1791.91246307086,47.3191283263194,21208.537649084,,,,,,
6/7/19,4,9666.68597462619,9351.06408935091,1754.5554652968,46.2311492232887,20818.5372279028,,,,,,
6/7/19,5,9785.53382001418,9611.01725281328,1753.57237776219,46.8165759215582,21196.9381424124,,,,,,
6/7/19,6,10219.3155119498,10082.0149173193,1877.17287110052,48.4184842095757,22226.9213734045,,,,,,
6/7/19,7,10689.2117009428,10602.0161861044,2053.64010519494,51.9586428920959,23396.8245701586,,,,,,
6/7/19,8,11074.0674066914,11049.2295903855,2171.19847611801,54.9548771456953,24349.4490936317,,,,,,
6/7/19,9,11280.8824604129,11346.3998909277,2254.12413174894,59.0534340337865,24940.4596238207,,,,,,
6/7/19,10,11285.635273273,11560.5016953068,2219.67812635067,63.1786591950265,25128.9932850156,,,,,,
6/7/19,11,11179.0181124017,11644.2608302493,2101.50834949432,66.8980318005859,24991.6845538853,,,,,,
6/7/19,12,11219.6023237423,11694.682503621,1977.07932453427,70.3793440935742,24961.7438481719,,,,,,
6/7/19,13,10991.8882612382,11711.7331050672,1939.7870460638,73.4443122618003,24716.8524892829,,,,,,
6/7/19,14,11097.6799655772,11835.8380880272,1955.2016994321,76.7021333439282,24965.4220617588,,,,,,
6/7/19,15,11276.5494139996,12006.0969874567,1987.50046838454,78.5039860691228,25348.6506609712,,,,,,
6/7/19,16,11574.9151705829,12213.9766775808,2053.12316682715,78.7093581383645,25920.723717031,,,,,,
6/7/19,17,11857.0991868861,12513.2104386367,2132.63376423011,79.4742732260387,26582.4170702552,,,,,,
6/7/19,18,11998.1019485687,12727.0297245862,2218.21007700776,78.9750447328142,27022.3158866506,,,,,,
6/7/19,19,12265.1541032759,12811.1760230277,2304.10705935693,76.1959976117961,27456.6331253703,,,,,,
6/7/19,20,12636.2660785379,12776.1280134163,2386.70614726196,72.6851002737398,27871.7854916517,,,,,,
6/7/19,21,12768.1833240991,12831.3834971206,2459.96597140816,69.111583538754,28128.644666643,,,,,,
6/7/19,22,12690.5843151267,12605.9896750656,2391.39967215529,64.8282536469851,27752.802398528,,,,,,
6/7/19,23,11907.5920756434,11828.9380761455,2224.17519320273,57.9066824187188,26018.6136252072,,,,,,
6/7/19,24,11066.1742919895,10946.1050441856,2026.19734235751,52.2968220117803,24090.7741614045,,,,,,
6/8/19,1,10452.3777762848,10343.5612761332,1907.562172228,47.5458310008466,22751.047782572,,,,,,
6/8/19,2,9978.75164322178,9855.00287511923,1827.00247327869,44.6366651785427,21705.3942026501,,,,,,
6/8/19,3,9650.75637025604,9485.04590316402,1753.44226335194,42.8925334968396,20932.1377777358,,,,,,
6/8/19,4,9776.11125755735,9271.41977318635,1699.70303654774,42.0940753504419,20789.3283504311,,,,,,
6/8/19,5,9782.57097534814,9283.26794413771,1704.84415145699,42.4817153615205,20813.1648838116,,,,,,
6/8/19,6,9920.62498657625,9403.87684369343,1739.73101606981,42.9397907719955,21107.1722323608,,,,,,
6/8/19,7,10277.3704594045,9460.20964220798,1772.42303234879,44.9853526652903,21554.9871465269,,,,,,
6/8/19,8,10524.1685086365,9695.79798475966,1799.16631863982,48.0624461542152,22067.1946065451,,,,,,
6/8/19,9,10749.4560330469,9918.02882014641,1798.99283782466,51.2988106811472,22517.7760687716,,,,,,
6/8/19,10,10614.5267417421,10020.8407506192,1765.45169344967,54.5433870485845,22455.3629112017,,,,,,
6/8/19,11,10475.5391710109,10047.9581138835,1646.70035338845,56.9865472337029,22227.1836685661,,,,,,
6/8/19,12,10414.8330911147,10184.0227479486,1580.17821150993,58.6915764038063,22237.7261192999,,,,,,
6/8/19,13,10440.0471313562,10416.0307232071,1558.88803426642,62.7074809469842,22477.6735256796,,,,,,
6/8/19,14,10636.905621822,10769.8209066976,1560.46093664227,65.9592885919321,23033.1459268339,,,,,,
6/8/19,15,10712.0203802408,11268.7485092057,1589.6767659861,69.2193667108295,23639.6642622242,,,,,,
6/8/19,16,11180.8394509703,11848.0384022441,1703.47646419551,71.9716134945957,24804.3258324945,,,,,,
6/8/19,17,11614.9599834838,12402.1179859343,1801.86644800258,75.8484648016711,25894.7925360724,,,,,,
6/8/19,18,12175.1801975207,12765.286214542,1995.62841806265,77.503092664836,27013.5969695792,,,,,,
6/8/19,19,12920.1806343281,13001.9062316211,2166.05257198453,76.0018963189769,28164.1413567822,,,,,,
6/8/19,20,13242.1419891501,12891.7926471842,2281.90020747903,70.9659522027407,28486.8015161544,,,,,,
6/8/19,21,13282.9559656126,12867.3644382099,2383.03695277228,66.2881795137867,28599.6459060253,,,,,,
6/8/19,22,13081.759264016,12621.7037728938,2329.03845689144,61.7238391004811,28094.2265664836,,,,,,
6/8/19,23,12256.2754237069,11854.6889641019,2174.4098664615,55.8226254987242,26341.1988283125,,,,,,
6/8/19,24,11353.7115324563,10991.0614980669,1985.9647564011,50.5739462952433,24381.3126359871,,,,,,
6/9/19,1,10687.4973624716,10274.1648958645,1867.90176532366,45.7531129939603,22875.317796191,,,,,,
6/9/19,2,10133.7547393744,9742.06771571057,1770.26217827039,42.5408843812842,21688.6255868856,,,,,,
6/9/19,3,9714.92241734696,9382.97105402517,1702.49388822441,41.2801145252101,20841.6681269734,,,,,,
6/9/19,4,9482.96051365836,9133.60166503633,1657.287350154,40.6410531050878,20314.490695763,,,,,,
6/9/19,5,9370.77892725023,9046.02058601776,1648.21158000242,41.3007869758081,20106.3112798514,,,,,,
6/9/19,6,9408.58505953684,9009.77123658638,1667.48524462198,41.8633751100067,20127.7044220551,,,,,,
6/9/19,7,9792.75329257811,8778.93819230331,1670.30742124853,44.3338906544817,20286.3326428904,,,,,,
6/9/19,8,10237.5500765297,8697.18879578777,1663.79719430014,47.0924476574325,20645.6290212695,,,,,,
6/9/19,9,10360.257877443,8854.28543259053,1652.30224327608,50.57030727403,20917.4156294829,,,,,,
6/9/19,10,10429.212814641,9139.45708551445,1579.40877573563,52.155881038095,21200.2344344256,,,,,,
6/9/19,11,10564.0786985817,9607.56314750764,1521.67818938221,55.9885166183464,21749.3076910878,,,,,,
6/9/19,12,10868.3267943628,10208.4395588627,1554.24870634928,60.51909459773,22691.5332173861,,,,,,
6/9/19,13,11319.0617758421,10900.6986695356,1594.89162334363,65.4982463939322,23880.1489290443,,,,,,
6/9/19,14,11684.1793957602,11691.6263211537,1666.10224157625,69.6103426462519,25111.5176707088,,,,,,
6/9/19,15,12018.1967034189,12437.482159135,1776.61108528808,75.1614160810242,26307.4505418268,,,,,,
6/9/19,16,12728.859677791,13352.8964215208,1905.8156204802,78.1324007709304,28065.7028808732,,,,,,
6/9/19,17,13780.7511930265,14335.8403874477,2022.73263439791,80.9364849426242,30220.2599706787,,,,,,
6/9/19,18,14678.4725241061,15130.4256823332,2254.92716991202,83.6471922296266,32147.4704131401,,,,,,
6/9/19,19,15342.8228749468,15495.7509432303,2426.42588941597,81.9190083760424,33346.9183258098,,,,,,
6/9/19,20,15478.2084172379,15027.7086655249,2511.01678077562,75.6739170812681,33092.6080703476,,,,,,
6/9/19,21,15261.7984314586,14770.4268162382,2561.43606570665,69.9351967842152,32663.5975736992,,,,,,
6/9/19,22,14858.5854613441,14164.0613902335,2468.3738886448,63.5194499468087,31554.5407437717,,,,,,
6/9/19,23,13631.7295459546,12990.9949582409,2261.66750883591,56.1298441942191,28940.523410153,,,,,,
6/9/19,24,12314.7718561815,11820.6054323771,2044.58077420934,50.474738659006,26230.4346497829,,,,,,
6/10/19,1,11482.2590684671,10904.128372674,1976.02688840807,46.1357709399589,24408.5506248009,,,,,,
6/10/19,2,10827.1904665262,10294.7692327705,1871.53535120898,43.6483225006854,23037.1441412842,,,,,,
6/10/19,3,10418.4165496749,9920.81092236268,1804.17901909311,42.9047035702972,22186.3127900464,,,,,,
6/10/19,4,10262.8300282905,9709.25871151188,1782.89869580332,42.5116092025432,21797.4993085841,,,,,,
6/10/19,5,10401.3533662117,9876.14133388684,1825.85526557741,44.268047269215,22147.6189091374,,,,,,
6/10/19,6,10906.2310450788,10283.337656771,1896.37594844256,46.4427783509871,23132.3873196224,,,,,,
6/10/19,7,11618.8667875856,10781.6070140075,2022.17687869919,47.5504075687454,24470.2002959465,,,,,,
6/10/19,8,12372.2940110334,11481.7912970212,2134.62686243827,51.6528914193451,26040.3641227351,,,,,,
6/10/19,9,12930.2030059205,12149.9067222472,2137.36206181349,53.0760259890702,27270.5465841666,,,,,,
6/10/19,10,13339.5908016346,12763.6933139532,2138.52100274948,57.6855015310266,28299.4903101156,,,,,,
6/10/19,11,13838.8455782958,13574.2882000812,2223.27963455767,63.2576964561217,29699.6696920497,,,,,,
6/10/19,12,14445.1809273938,14528.3913170821,2304.09577456121,69.3410164550125,31347.0085821832,,,,,,
6/10/19,13,15030.7342381135,15561.7598916136,2404.00316355421,75.3472963967697,33071.8418667019,,,,,,
6/10/19,14,16006.6151013068,16605.4409506525,2524.10011283849,81.4791881070413,35217.6354169468,,,,,,
6/10/19,15,16960.193202901,17528.0273080893,2676.96658707473,86.4910418051439,37251.6773379956,,,,,,
6/10/19,16,17798.4748223826,18587.2590247722,2848.46438893278,90.4866061863614,39324.6844949398,,,,,,
6/10/19,17,18510.8037359163,18937.7651427007,2907.72243103841,92.1822029106653,40448.4733983567,,,,,,
6/10/19,18,19116.0869952203,18987.9021082334,2891.01371555831,92.3952894328761,41087.3984248566,,,,,,
6/10/19,19,19310.8472891141,18573.6812676767,2917.1896816423,90.1566351974747,40891.8764335984,,,,,,
6/10/19,20,19127.0017810882,17887.0862381453,2896.23697734646,84.2552894895066,39994.5821998394,,,,,,
6/10/19,21,18430.7890527354,17353.126351324,2899.87361896398,77.7112554412529,38761.5006365098,,,,,,
6/10/19,22,17642.2590466331,16292.6921019072,2722.48555705745,68.9714056278028,36726.4093681469,,,,,,
6/10/19,23,16009.9718118865,14740.2417753756,2463.73004342145,61.4906164877394,33275.4360742344,,,,,,
6/10/19,24,14439.6510030354,13238.055215181,2251.69864633729,54.5517275337214,29983.9579760475,,,,,,
6/11/19,1,13362.7737929631,12114.445655598,2145.37905524811,49.7227159774751,27672.322510997,,,,,,
6/11/19,2,12448.5855390722,11287.6749597283,2030.93901615381,45.5497994596113,25812.7503525665,,,,,,
6/11/19,3,11729.1699050163,10747.1240605224,1928.67213211376,43.6830929815842,24448.6497452018,,,,,,
6/11/19,4,11384.0039457359,10465.9411788608,1885.33811092708,42.9757618686422,23778.258644876,,,,,,
6/11/19,5,11371.5031491784,10487.9893416855,1908.26992963327,45.2665667040931,23813.0285237072,,,,,,
6/11/19,6,11759.691608393,10931.3306752004,1972.53880690936,47.4697559433786,24711.0305635514,,,,,,
6/11/19,7,12411.7953445285,11387.1224097587,2125.65450606886,50.4986091893048,25975.0692381596,,,,,,
6/11/19,8,13176.414715409,12061.7118953706,2202.4654546019,54.5748126379992,27495.1653824493,,,,,,
6/11/19,9,13591.5891949952,12876.7439339062,2252.99861925873,58.6692108083108,28780.0006373537,,,,,,
6/11/19,10,14013.6922941517,13712.4690759045,2310.13043128095,63.8702812062533,30100.1615939758,,,,,,
6/11/19,11,14550.9920822929,14939.321916572,2349.6294488675,69.8865367106914,31909.8275228761,,,,,,
6/11/19,12,15544.6029029419,16112.3287961106,2412.39994464122,76.610177802974,34145.9404418794,,,,,,
6/11/19,13,16309.0282474684,17202.9603120965,2445.6359069613,84.9750850320794,36042.5976283374,,,,,,
6/11/19,14,17354.102841032,18392.5926935928,2460.86960276619,92.5915118827964,38300.1538063473,,,,,,
6/11/19,15,18316.4116401513,19236.4688322408,2568.98637916038,95.7247003874821,40217.590465378,,,,,,
6/11/19,16,19046.3370548616,19622.5808783256,2651.9158855177,99.1984919371786,41420.0327458206,,,,,,
6/11/19,17,19611.7145041921,19795.0971211261,2706.08345681679,100.877154694249,42213.770883649,,,,,,
6/11/19,18,20111.2197759227,19530.1228608808,2835.60875917455,99.9895469168062,42576.9417566491,,,,,,
6/11/19,19,20156.8406718417,18764.8051852735,2866.04540129011,95.961276443642,41883.6538705941,,,,,,
6/11/19,20,19736.7609526954,17910.9648015264,2854.9784164886,90.6059080681645,40593.3114311728,,,,,,
6/11/19,21,19163.9196395708,17300.1428659724,2860.3486362242,82.5599352466532,39406.9719482029,,,,,,
6/11/19,22,18227.7672845916,16323.3156083608,2750.42638314146,74.3367997522904,37375.8471491021,,,,,,
6/11/19,23,16601.1940590968,14785.8088238984,2502.68300538181,65.225325818877,33954.9123655527,,,,,,
6/11/19,24,15053.5986924777,13316.4334317311,2249.49676220652,57.7022279774558,30677.2335928969,,,,,,
6/12/19,1,13875.7886611484,12287.0899781136,2108.03319312891,52.4840192739898,28323.3969799169,,,,,,
6/12/19,2,13021.9430790719,11527.8514490077,2057.17790396207,49.4683547058073,26656.441514415,,,,,,
6/12/19,3,12463.411736028,10947.1755777847,1963.28321361604,47.8539938204125,25421.7255404699,,,,,,
6/12/19,4,12128.4278471805,10650.0406084197,1902.26139662172,47.6503069409046,24728.3801995086,,,,,,
6/12/19,5,12105.3788884196,10687.4589958023,1921.83965051259,48.5247083312525,24763.2020403991,,,,,,
6/12/19,6,12576.1812888766,11156.4684163859,2023.16001988602,50.2346009986202,25806.0443380441,,,,,,
6/12/19,7,13249.3236627738,11575.4385809323,2135.93616554199,51.7972569522363,27012.4950368558,,,,,,
6/12/19,8,13872.1334642565,12242.8727500027,2252.41301475208,56.3998835793821,28423.8179363675,,,,,,
6/12/19,9,14362.9597131106,12795.4608694247,2289.84376509749,62.4829162902108,29510.7460647415,,,,,,
6/12/19,10,14919.2347557376,13505.9489170137,2246.84038746757,69.5137234972876,30741.5374898719,,,,,,
6/12/19,11,15712.7437786286,14290.6743565272,2200.93701199087,78.7300021128235,32283.0847716877,,,,,,
6/12/19,12,15706.7755378515,15004.4279915655,2220.45700768354,88.2572758232168,33019.9172559761,,,,,,
6/12/19,13,16144.0579752031,15705.3090209785,2247.75637474124,95.7059197816514,34192.8289681612,,,,,,
6/12/19,14,16872.5022451996,16484.6162910509,2281.40147221713,101.898916706833,35740.4176281521,,,,,,
6/12/19,15,17527.9737918858,17157.6308644065,2343.86327577485,104.988137859904,37134.4545748331,,,,,,
6/12/19,16,18106.6684145686,17709.2168273884,2457.36070869887,107.365509491789,38380.6111171655,,,,,,
6/12/19,17,18685.7601325492,17884.5726770275,2555.7656329132,109.025021211509,39235.1221956569,,,,,,
6/12/19,18,18913.4818502756,17774.6568458806,2660.41057152283,108.375376885815,39456.9247885834,,,,,,
6/12/19,19,18840.5852664614,17294.6075787364,2678.22078471225,105.21672926061,38918.6316528112,,,,,,
6/12/19,20,18334.7720441199,16500.9449562846,2679.80813790706,98.6979454455999,37614.2252954524,,,,,,
6/12/19,21,17546.8724434846,15894.3071107155,2720.37452226207,91.287084803141,36252.8420000805,,,,,,
6/12/19,22,16569.7581270192,15014.9808786535,2609.34416839824,80.9261174441278,34275.0112009512,,,,,,
6/12/19,23,15045.0952251498,13674.8780387862,2375.36490490899,69.9343528542701,31165.2765111039,,,,,,
6/12/19,24,13598.5311832735,12407.3247808841,2160.32121594031,61.7236791083543,28227.9028721822,,,,,,
6/13/19,1,12666.8781230121,11580.2269388285,2036.04437638773,56.9507407567838,26340.101167478,,,,,,
6/13/19,2,12120.7449345811,10884.5820134381,1946.52124056655,52.913767963261,25004.763342944,,,,,,
6/13/19,3,11569.9010180793,10383.4766993142,1886.35970066449,49.8855936368981,23889.6230385939,,,,,,
6/13/19,4,11283.7818724281,10106.1962809133,1840.1209933946,48.112601546766,23278.2126415901,,,,,,
6/13/19,5,11345.9957917834,10227.3268412752,1834.29748470553,49.4803813617276,23457.1010242312,,,,,,
6/13/19,6,11764.3849054305,10695.8983976323,1942.16226666981,52.6218750231316,24455.0667897005,,,,,,
6/13/19,7,12301.4127784693,11185.1625005046,2112.80825258022,54.6101502427662,25653.9917472467,,,,,,
6/13/19,8,13115.4473591609,11619.1759787886,2263.30613983137,60.2076600739343,27058.1358787455,,,,,,
6/13/19,9,13212.2189617621,12067.0532501431,2409.33624473203,67.3906020651831,27755.9987965723,,,,,,
6/13/19,10,13174.2308191266,12423.562081274,2364.42353740726,72.8396577083399,28035.0547277357,,,,,,
6/13/19,11,13267.2013432712,12562.382418767,2219.05784931507,81.2396969388379,28129.8778885772,,,,,,
6/13/19,12,13437.2271970492,12842.4762703685,2118.39913513211,88.2454774382881,28486.3456159395,,,,,,
6/13/19,13,13637.9988905078,12955.2949256295,2095.85345082356,92.6992174188557,28781.8450171937,,,,,,
6/13/19,14,14142.4968433822,13300.6934998309,2160.0923405718,96.3024363501939,29699.5841628534,,,,,,
6/13/19,15,14092.2647464458,13602.5491141486,2128.49383789856,98.9058333055848,29922.2168688369,,,,,,
6/13/19,16,14699.269760148,14028.0285556304,2164.27193698355,101.220351707525,30992.7923205556,,,,,,
6/13/19,17,15298.871674295,14294.2932512851,2231.68167415926,101.506456222708,31926.3531271913,,,,,,
6/13/19,18,15760.5349377803,14384.5835310976,2351.84593630171,102.708379348883,32599.6755091534,,,,,,
6/13/19,19,16017.0442581423,14218.6378742,2415.8211020698,100.570333454424,32752.0811831909,,,,,,
6/13/19,20,15883.1744941206,13881.1635392348,2486.85929426307,93.5567809242379,32344.7578662999,,,,,,
6/13/19,21,15395.1973480758,13810.7305371702,2565.7622217296,87.2308241689583,31858.9221832211,,,,,,
6/13/19,22,14914.9587713693,13366.6772287027,2467.72772445087,79.0192881495971,30828.3805201599,,,,,,
6/13/19,23,13807.4252342534,12404.7472150612,2270.34750707238,69.4783463865535,28551.998733229,,,,,,
6/13/19,24,12801.62899349,11417.3279580612,2072.67071471862,62.1461318429315,26353.7750321346,,,,,,
6/14/19,1,11991.9087406777,10641.6785403781,1947.44607676658,57.4388903220784,24638.4718795182,,,,,,
6/14/19,2,11436.5863652945,10129.2064606834,1844.5192641996,54.4385744374721,23464.751008119,,,,,,
6/14/19,3,11312.4742770267,9726.30649281261,1768.48609508831,51.4000949777716,22858.669346272,,,,,,
6/14/19,4,11164.0125482645,9567.45916173207,1734.47095040692,48.4288462865523,22514.3726874504,,,,,,
6/14/19,5,11026.8048318959,9752.87250490205,1789.67484355726,49.7546795535245,22619.1073841588,,,,,,
6/14/19,6,11261.7475730476,10234.3593630186,1927.96659900989,50.0604413261496,23474.1344247422,,,,,,
6/14/19,7,11759.119015866,10684.153699011,2014.16966228122,53.2478996414434,24510.6857152148,,,,,,
6/14/19,8,12365.6567979197,11130.5413221695,2123.82680784631,56.6361044075071,25676.6545932335,,,,,,
6/14/19,9,12844.0056076218,11553.6383245903,2183.91287758943,61.9275926259319,26643.4822821498,,,,,,
6/14/19,10,12950.1323468955,11867.5570294074,2088.73366732935,67.6572644742889,26974.0790809232,,,,,,
6/14/19,11,12758.0339404932,12044.9604676817,1951.38584868795,72.2733387069756,26826.6522766295,,,,,,
6/14/19,12,12713.1177093731,12115.3592569701,1882.89556206717,77.7617701403084,26789.1336573952,,,,,,
6/14/19,13,12483.7670459817,12012.9151600848,1823.38998117075,85.8563392740987,26405.928265078,,,,,,
6/14/19,14,12473.9232371638,12118.7414353969,1792.525429402,92.2533388917827,26477.4437472536,,,,,,
6/14/19,15,12841.1928077439,12300.1508725882,1889.96118909554,96.9584485697711,27128.2635637336,,,,,,
6/14/19,16,13365.9521971835,12476.3484938851,1928.7558524939,98.2456436407691,27869.303385302,,,,,,
6/14/19,17,13698.4834167246,12849.7088056739,2037.0046628764,95.0330806946465,28680.2312094148,,,,,,
6/14/19,18,14250.9429503,13008.1184382897,2189.93166341764,90.5863605950623,29539.581884667,,,,,,
6/14/19,19,14597.6714074441,12959.995821642,2295.78966476143,86.5582035376087,29940.0200943437,,,,,,
6/14/19,20,14599.7249118831,12742.6217965517,2369.03578101839,81.3394824661094,29792.7246988053,,,,,,
6/14/19,21,14356.0215878673,12869.4647510757,2458.42398036063,75.9889666373469,29759.9004894852,,,,,,
6/14/19,22,13921.1631347226,12528.9440149819,2402.75290592825,70.1628285033299,28923.0234342518,,,,,,
6/14/19,23,13015.4995639198,11756.6535176644,2243.71083168813,62.7079346306763,27078.5721534662,,,,,,
6/14/19,24,12013.1208517153,11024.8101674434,2062.0836645593,56.2533386839207,25156.2676239665,,,,,,
6/15/19,1,11382.2554648367,10425.0445613435,1938.04834666622,51.6189667582571,23796.9678407699,,,,,,
6/15/19,2,10889.2140236534,9979.45858762901,1851.42656329674,48.1693532664202,22768.2680559363,,,,,,
6/15/19,3,10558.4839742734,9593.48021227327,1782.90979064571,46.3185258269216,21981.1919804663,,,,,,
6/15/19,4,10314.1532382907,9345.05460028783,1750.73409438264,44.1014824583801,21454.0435579083,,,,,,
6/15/19,5,10204.4676407115,9329.18469596651,1743.62830809561,44.9268641111277,21322.2069219576,,,,,,
6/15/19,6,10286.0318377315,9473.57505167145,1782.23639981068,45.9700515219517,21587.8139517211,,,,,,
6/15/19,7,10309.5735901748,9610.88028030914,1838.01975357021,48.0921035738464,21806.5628788177,,,,,,
6/15/19,8,10488.5741066878,9828.85568781111,1912.76696001298,52.2211520692533,22282.4129504515,,,,,,
6/15/19,9,10584.1013038439,10253.3585473818,2037.36963978351,57.1846525994619,22932.0119232571,,,,,,
6/15/19,10,10548.8412378136,10602.2508479469,1953.49861574645,63.9500376609059,23168.5407907127,,,,,,
6/15/19,11,10478.791159023,10658.8863658523,1774.03497829582,71.497030601627,22983.2081394112,,,,,,
6/15/19,12,10405.1640900361,10563.9489163101,1658.10248609489,78.6116970283004,22705.8266251757,,,,,,
6/15/19,13,10506.9155649919,10574.5985213008,1635.54949412699,87.4666554259471,22804.5300598844,,,,,,
6/15/19,14,10692.7012615881,10726.8650760613,1611.89928027887,93.9547784298047,23125.4210962213,,,,,,
6/15/19,15,11049.3102728166,11020.2826709209,1668.67188009384,99.2759261369876,23837.538083789,,,,,,
6/15/19,16,11455.0962485045,11464.5297273733,1785.31229393961,102.549173330326,24807.4881482466,,,,,,
6/15/19,17,12014.7777670799,11835.6446728722,1908.02497760787,102.77120221416,25861.2176199893,,,,,,
6/15/19,18,12519.9004235873,12232.9120621135,2091.12315980607,103.09026450872,26947.026618447,,,,,,
6/15/19,19,13017.5206246619,12436.7599344029,2222.92588779016,100.751627351461,27777.9629048224,,,,,,
6/15/19,20,13120.7959503115,12303.8701517586,2323.18830735225,93.1674302025778,27841.0254990496,,,,,,
6/15/19,21,13104.1896678309,12428.3009827072,2429.1087765003,85.3824419571561,28046.98046725,,,,,,
6/15/19,22,12900.1012773013,12115.5714704426,2379.78226739831,77.3615159348365,27472.8164050162,,,,,,
6/15/19,23,12204.144114646,11453.3573939282,2235.68672309408,69.5565297576939,25962.7428671781,,,,,,
6/15/19,24,11378.9388521971,10748.9467963874,2071.98906956806,62.4481101186538,24262.3215573962,,,,,,
6/16/19,1,10709.9975778855,10164.9602405452,1951.05878584172,56.0957905986137,22882.1146557466,,,,,,
6/16/19,2,10208.9145684618,9679.26568658411,1851.78946299908,52.622524146784,21792.5923091862,,,,,,
6/16/19,3,9843.08300978122,9348.83743744603,1786.56425975275,50.3360838485268,21028.8217748939,,,,,,
6/16/19,4,9639.86763988141,9174.74314147904,1736.8226456176,48.5413118037886,20599.9743412494,,,,,,
6/16/19,5,9567.76803167975,9058.16881862647,1736.24251524561,48.2463665154764,20410.4253040983,,,,,,
6/16/19,6,9593.97716189504,9048.66894010691,1760.80612495245,47.8182352449482,20451.2699122295,,,,,,
6/16/19,7,9522.33032635296,8916.17462321231,1801.51479516038,50.7084204694036,20290.7196841054,,,,,,
6/16/19,8,9667.34403805951,8940.123221051,1870.15478730871,55.0356019385421,20532.6513312084,,,,,,
6/16/19,9,10018.2143018826,9254.11502615666,1965.14508513502,61.4134651327029,21298.8845884449,,,,,,
6/16/19,10,9945.2094094285,9529.82755800957,2016.05850726342,67.5028455144355,21558.5947346148,,,,,,
6/16/19,11,9788.62180225697,9652.64220262317,2040.29294057586,74.4548826879429,21556.0108429576,,,,,,
6/16/19,12,9568.27046803366,9662.71700344971,1932.33920329107,81.6679698577356,21244.9922180713,,,,,,
6/16/19,13,9562.06352508772,9747.10214472802,1813.48536657218,86.7688891931823,21209.4208668204,,,,,,
6/16/19,14,9830.35266248222,9946.61214181101,1766.89304360501,90.291464394392,21634.1495614054,,,,,,
6/16/19,15,10064.3073263768,10323.6411391911,1802.30159543961,92.6939693314553,22282.9421733565,,,,,,
6/16/19,16,10587.2678008011,10696.4425637003,1875.11069509231,93.2727065555361,23252.0964070029,,,,,,
6/16/19,17,11408.0746778061,11129.7472978223,2000.16298075761,93.7356804048993,24631.7191068719,,,,,,
6/16/19,18,12182.5306883963,11571.2148770294,2151.19357154611,93.0328674786011,25997.9727835337,,,,,,
6/16/19,19,12833.6643734374,11753.4186372873,2223.77435990599,91.9274584269196,26902.7876752607,,,,,,
6/16/19,20,13160.5458786691,11766.6663423525,2321.01037150127,85.2510476304309,27333.4767529887,,,,,,
6/16/19,21,13252.7568883385,12025.478375815,2366.76107311574,77.5637149157079,27722.5609779175,,,,,,
6/16/19,22,13066.341006402,11773.1182200649,2311.84865491405,71.5686744740099,27222.8765924271,,,,,,
6/16/19,23,12183.7357076902,11164.0725933741,2153.06235210209,64.7911065868992,25565.6623899184,,,,,,
6/16/19,24,11266.4944329492,10464.9278976869,1970.14180711169,58.1411281729311,23759.7063805498,,,,,,
6/17/19,1,10666.9126354794,9944.86401487587,1878.03637403526,53.2182280545921,22543.0332793588,,,,,,
6/17/19,2,10203.0142473138,9538.04874749101,1787.05711978894,50.1407949036566,21578.2603674835,,,,,,
6/17/19,3,9890.26289509688,9363.51185949127,1753.90612558871,48.4001401961026,21056.0814209032,,,,,,
6/17/19,4,9765.5123998812,9284.50525388793,1782.85258202696,47.3845922838728,20880.255229481,,,,,,
6/17/19,5,9893.13571834378,9462.22950794614,1793.43904620457,48.0111514472656,21196.8137348217,,,,,,
6/17/19,6,10407.666380987,10003.2045116993,1890.59375928918,49.7515975680753,22351.2184743487,,,,,,
6/17/19,7,11095.1689298661,10648.7138573195,2073.96422894078,53.4426532796408,23871.2869452322,,,,,,
6/17/19,8,11639.7104523614,11249.7900442864,2195.90530596947,59.2217755215461,25144.6229113401,,,,,,
6/17/19,9,11797.8320571856,11630.9253014637,2307.463348542,65.224831023168,25801.4410623942,,,,,,
6/17/19,10,11683.763996034,11874.6606786472,2409.67650109564,71.5498977768074,26039.6487461933,,,,,,
6/17/19,11,11660.4135801407,12099.7985233626,2407.40640686951,78.139221337407,26245.7556073489,,,,,,
6/17/19,12,11844.120075426,12114.2614957754,2348.02427472851,84.4541414797709,26390.8584952951,,,,,,
6/17/19,13,12130.6801560893,12184.9985574749,2342.83149190548,90.7729318834593,26749.285159936,,,,,,
6/17/19,14,12732.0842549513,12366.371073948,2393.93655680986,94.9274422674486,27587.316940743,,,,,,
6/17/19,15,13326.4666106373,12441.7935976154,2338.80409468728,98.1007929885562,28205.1643586205,,,,,,
6/17/19,16,14002.9998660472,12563.8006940408,2304.01877406601,101.747889304669,28972.5657914834,,,,,,
6/17/19,17,14891.4162226157,12541.0339583551,2287.95955369374,99.6387655293278,29820.0511139969,,,,,,
6/17/19,18,15569.948345944,12714.1400027163,2351.48412640991,96.7042492076045,30732.2800015527,,,,,,
6/17/19,19,15966.7606134545,12826.6787736061,2363.60252878694,93.9959413831428,31251.0431016919,,,,,,
6/17/19,20,16023.9287257201,12891.1796745055,2423.48390592914,88.0667922212624,31426.6605368369,,,,,,
6/17/19,21,15701.440041073,13085.7170978791,2482.37352690408,83.7979843910659,31353.3290289472,,,,,,
6/17/19,22,15173.0215992174,12676.9962648498,2393.79140376453,76.575033438625,30320.3864545886,,,,,,
6/17/19,23,13879.6310693722,11830.131469279,2211.29602476696,67.9973981839088,27989.0554305142,,,,,,
6/17/19,24,12603.9976198911,10871.3735108037,2018.85195122322,61.0526773776435,25555.27642236,,,,,,
6/18/19,1,11737.5709522231,10539.3487384479,1915.61947017782,56.3603387348376,24248.9001972781,,,,,,
6/18/19,2,11100.4167044613,10071.6952336471,1878.7105676248,52.4568209355027,23103.2822598188,,,,,,
6/18/19,3,10708.8681238246,9744.74219938665,1809.49314935927,48.9626283048395,22312.0672199845,,,,,,
6/18/19,4,10473.9489087869,9606.4079568675,1784.01629426824,47.1309847785895,21911.5044973535,,,,,,
6/18/19,5,10564.8362551068,9753.78728065769,1796.85252603792,48.176514552693,22163.6537739075,,,,,,
6/18/19,6,11023.462506738,10222.7843069772,1908.20311154246,51.5753470554177,23206.0265518933,,,,,,
6/18/19,7,11645.1890061703,10833.8508178453,2084.64788505199,54.1422555483503,24617.8268330791,,,,,,
6/18/19,8,12373.5186348527,11357.5254076935,2197.57116383308,58.6683869994082,25987.2764410371,,,,,,
6/18/19,9,12768.2262952076,11789.6157177378,2335.76797444657,64.0525242437285,26957.6590888564,,,,,,
6/18/19,10,12905.3376547845,12025.4188590575,2370.74743565158,70.7609496689168,27372.2655848678,,,,,,
6/18/19,11,13139.2682231485,12102.7457186018,2311.27804068178,77.0730152223951,27630.3641045375,,,,,,
6/18/19,12,13577.1987020896,12189.958364624,2184.1647595208,83.4387506376169,28034.7606422498,,,,,,
6/18/19,13,13980.992179048,12309.4085276254,2072.89068822224,89.2031092052927,28452.4952396451,,,,,,
6/18/19,14,14382.1298407885,12520.6359773974,1972.16008354541,95.0214597445977,28969.9470196316,,,,,,
6/18/19,15,14962.2978137985,12718.3102909078,1986.81346795429,100.300234844612,29767.7224815379,,,,,,
6/18/19,16,15659.9183335447,12825.8485647552,2011.94136437013,103.797695504667,30601.506467913,,,,,,
6/18/19,17,16412.1883276631,13105.5592261516,2101.72600006737,104.308982830354,31723.7813458667,,,,,,
6/18/19,18,17005.8678298584,13291.2283803843,2240.92995735687,104.142505720418,32642.1726558367,,,,,,
6/18/19,19,17341.4393546079,13494.6331411129,2365.91061550496,102.417375214213,33304.4028940793,,,,,,
6/18/19,20,17193.7731583294,13349.664888702,2431.9959893628,96.9598832451507,33072.3951705172,,,,,,
6/18/19,21,16638.5307183498,13490.274880433,2539.41783527238,89.9463394279926,32758.1713782601,,,,,,
6/18/19,22,15864.1921052181,13119.2975883186,2457.96054037055,80.3536946446602,31521.8023170104,,,,,,
6/18/19,23,14449.4351778684,12196.1690004687,2250.68850802624,69.7871675730404,28966.079653619,,,,,,
6/18/19,24,13112.4249590063,11325.998205071,2040.42152543735,61.6873609419295,26540.5334361887,,,,,,
6/19/19,1,12149.4947270696,10497.0306801206,1919.32702811138,55.7688628527558,24621.618764344,,,,,,
6/19/19,2,11436.5769938136,10083.5806418057,1839.9586487775,52.0489446177193,23412.1653743614,,,,,,
6/19/19,3,10973.010148949,9778.67171108574,1814.78440468633,50.2704041738029,22616.7380471389,,,,,,
6/19/19,4,10722.3167853477,9606.24736095995,1783.77283754266,48.9495959807393,22161.2860274778,,,,,,
6/19/19,5,10777.2630128096,9774.32654409793,1779.3012526414,50.0006756394479,22380.8947339947,,,,,,
6/19/19,6,11137.6004501183,10276.919262042,1889.52892539252,51.4414463780877,23355.490431974,,,,,,
6/19/19,7,11743.4072565956,10893.0432817051,2048.56258219473,54.1559729600741,24739.1644218481,,,,,,
6/19/19,8,12383.0363016255,11432.6957331153,2153.05303892728,59.4755436787901,26028.2571351912,,,,,,
6/19/19,9,13143.1549116223,11816.7378874568,2226.24299889231,65.8341365869149,27251.96929655,,,,,,
6/19/19,10,13273.2001622175,12072.7378181705,2190.70629180427,72.9270361133852,27609.5718115081,,,,,,
6/19/19,11,13377.9446387392,12292.0028650894,2019.71490007633,81.045858593164,27770.7096547746,,,,,,
6/19/19,12,13626.5023138287,12671.6186903495,1926.62224252725,88.9974198226563,28313.7372760589,,,,,,
6/19/19,13,13900.0415120269,12973.8824101428,1916.18151571941,97.6706862260314,28887.7751827936,,,,,,
6/19/19,14,14074.8659696839,13470.5138456167,1973.81661008947,103.405627220658,29622.5991613217,,,,,,
6/19/19,15,14417.7684748287,13806.0268274755,2021.78598920997,107.473249011539,30353.0551013107,,,,,,
6/19/19,16,15016.5302463458,14248.3202735066,2112.27850734258,109.429329100243,31486.5577511359,,,,,,
6/19/19,17,15731.3013255954,14467.4431182631,2211.64991304919,110.894058055059,32521.2893846773,,,,,,
6/19/19,18,16290.8344198402,14520.4971892681,2336.17565194116,110.389140168043,33257.8957742939,,,,,,
6/19/19,19,16636.4481989827,14408.2097743787,2421.90962215213,109.022779042782,33575.5987020509,,,,,,
6/19/19,20,16516.5572494651,14028.0127422709,2501.76100375923,101.465431371585,33147.8060632381,,,,,,
6/19/19,21,16003.1303137702,14003.6708858826,2580.13747177612,94.1561762702844,32681.0939369493,,,,,,
6/19/19,22,15463.5301491535,13511.394227678,2500.63441311664,86.2519341992037,31561.8130668084,,,,,,
6/19/19,23,14123.4891810932,12496.0082986889,2291.39654180102,76.9361200935008,28987.8287105557,,,,,,
6/19/19,24,12829.7625963407,11505.3902015264,2098.80551439087,68.6887059791359,26502.6468053892,,,,,,
6/20/19,1,12042.4985303156,10800.564950562,1957.24689240724,63.0484490466201,24863.363494873,,,,,,
6/20/19,2,11362.6429922255,10229.9853775967,1876.91072443932,58.9866744420581,23528.5275494784,,,,,,
6/20/19,3,10909.7098124282,9888.5879072164,1799.26867417423,56.515974561608,22654.0827890627,,,,,,
6/20/19,4,10671.7111812987,9712.62608031041,1764.6873347131,54.9319974924312,22203.9573484724,,,,,,
6/20/19,5,10732.0767125637,9901.63232274989,1811.81020346886,55.2526828306353,22500.7735135375,,,,,,
6/20/19,6,11183.8632337032,10351.7084425577,1920.51076879603,57.1189302062458,23513.2007078269,,,,,,
6/20/19,7,11732.769809839,10968.7990092455,2081.67910940619,61.896314129026,24845.1383723081,,,,,,
6/20/19,8,12131.5746514124,11432.6914502851,2241.91592197712,67.8059085073866,25873.9825445635,,,,,,
6/20/19,9,12540.1943871846,11885.02174618,2349.07708011774,73.4920076583781,26847.7817048257,,,,,,
6/20/19,10,12779.5604261904,12211.0006369673,2368.44990641535,79.2662222250153,27438.2718268533,,,,,,
6/20/19,11,12794.7400925601,12333.9633497659,2313.73800416205,84.4368432999448,27526.8793750652,,,,,,
6/20/19,12,12848.8258502945,12309.8491374634,2136.22602675593,89.4471404837085,27384.3468839827,,,,,,
6/20/19,13,12940.7439286132,12289.450636019,1986.22595564811,94.3609009751344,27310.7788871961,,,,,,
6/20/19,14,13214.1982421996,12409.2050415381,1955.14502615898,97.9399173065297,27676.4905728229,,,,,,
6/20/19,15,13563.7996398425,12527.6375162674,1968.82484910662,101.468479281855,28161.7309627613,,,,,,
6/20/19,16,13630.368095133,12649.290872541,2039.91605672433,105.376667534218,28424.9534688473,,,,,,
6/20/19,17,13745.0713669494,12751.4166923153,2164.40890881705,106.788818474943,28767.6901139841,,,,,,
6/20/19,18,14268.5901510393,12862.7428275308,2311.81067268693,104.512857921239,29547.6585665457,,,,,,
6/20/19,19,14617.5703020394,12803.4336702124,2360.82954708788,100.470655289272,29882.314237744,,,,,,
6/20/19,20,14650.5927288534,12792.4671182408,2439.13160895241,93.2253201542106,29975.4230226058,,,,,,
6/20/19,21,14388.9413691207,13005.6597363072,2524.20678757168,85.9107972942595,30004.7238333337,,,,,,
6/20/19,22,13976.0149042754,12666.1670132003,2450.46468188709,78.6691316321987,29171.3124588347,,,,,,
6/20/19,23,12883.3830930608,11793.8351086967,2258.44088179029,68.9171700286408,27004.5758851453,,,,,,
6/20/19,24,11844.5654701484,10972.7666843336,2044.05434032903,61.5647816193372,24922.9496643955,,,,,,
6/21/19,1,11039.1022211605,10416.1707229779,1928.28430876596,56.8191507506656,23440.3766523489,,,,,,
6/21/19,2,10479.1588710908,9988.37310718503,1841.63483846621,53.2839723888453,22362.4492635305,,,,,,
6/21/19,3,10110.3872473036,9634.35717251623,1784.76637597862,51.2222148793906,21580.7332424249,,,,,,
6/21/19,4,9966.39442051404,9400.73127135945,1741.78432665872,49.6339462948726,21158.5477447736,,,,,,
6/21/19,5,10084.8135649205,9507.1659708888,1779.1086665695,49.606467701066,21420.697087921,,,,,,
6/21/19,6,10531.2460229953,9970.19403971163,1875.03546150303,50.5273240182738,22427.0045470811,,,,,,
6/21/19,7,11049.7074139184,10514.0842660534,2021.53075016725,52.8230805144511,23638.1395728936,,,,,,
6/21/19,8,11440.4580075791,10910.8317563828,2094.71239872281,57.5395786032101,24503.5329051306,,,,,,
6/21/19,9,11485.3755557892,11278.8745719768,2125.55761912353,60.7838535877099,24950.5860660086,,,,,,
6/21/19,10,11486.4293520824,11479.9302419746,2146.54474779833,65.1146609488215,25178.0201829368,,,,,,
6/21/19,11,11466.3081587861,11792.1985471604,2160.08383433306,69.7719637460392,25488.3647797981,,,,,,
6/21/19,12,11342.3557863594,12030.0696767931,2136.50423357693,74.2536105796846,25583.1824000107,,,,,,
6/21/19,13,11306.8255944017,12096.2204006371,2105.29565286048,79.1326561344477,25587.475851142,,,,,,
6/21/19,14,11562.0833252508,12072.2869078323,2077.80370186579,83.5400743621664,25795.7159573053,,,,,,
6/21/19,15,11716.3932483635,12028.0016194375,2086.53213898284,85.2479690147484,25916.1759051121,,,,,,
6/21/19,16,12129.5205801589,11956.4655737514,2142.10669317011,86.3049028150688,26314.3974599147,,,,,,
6/21/19,17,12772.7361041003,11944.6615749794,2190.67154555905,89.8140272473324,26997.8873276241,,,,,,
6/21/19,18,13389.0575863553,11942.96787465,2280.91252209792,91.2402343766168,27704.1808724518,,,,,,
6/21/19,19,13935.5670303394,11852.9210261007,2288.26263684956,88.5605187110509,28165.3174969784,,,,,,
6/21/19,20,14131.9679912952,11967.7242355856,2358.44569884203,83.0916801479099,28541.2362699222,,,,,,
6/21/19,21,13974.6186069311,12376.1546589233,2459.91612627651,76.7678287537261,28887.4568284115,,,,,,
6/21/19,22,13708.4103397659,12102.391851255,2385.5585092494,69.1607955541274,28265.5213170861,,,,,,
6/21/19,23,12775.4001564087,11380.2100220204,2219.99063244519,62.2205650565279,26437.8200212231,,,,,,
6/21/19,24,11802.6128259294,10672.6365162967,2038.31239801482,56.1812184721149,24569.7424103644,,,,,,
6/22/19,1,10988.2672003411,10057.3185994,1929.89456935336,50.7985835022955,23026.277784277,,,,,,
6/22/19,2,10391.156406714,9555.918642778,1846.39468042136,46.6272060738049,21840.0989908119,,,,,,
6/22/19,3,10014.3535927426,9258.32840964319,1759.20055207191,45.2413455045108,21077.1245964621,,,,,,
6/22/19,4,9774.57858818296,9131.20178589939,1713.90328874814,44.4674268550179,20664.1501379351,,,,,,
6/22/19,5,9732.1328271753,9072.61308280458,1725.03770912265,44.642946829395,20574.426816581,,,,,,
6/22/19,6,9878.7447313421,9259.26174561583,1780.08501347904,44.8304414746457,20962.9224903021,,,,,,
6/22/19,7,10000.0161910594,9256.31980558295,1839.17098725003,47.8607011350408,21143.3617353923,,,,,,
6/22/19,8,10140.4127630498,9420.87369238127,1950.53965091163,49.9943897886111,21561.812990331,,,,,,
6/22/19,9,10200.6265735285,9695.42172394482,2010.21439624741,52.5615272180609,21958.8200528502,,,,,,
6/22/19,10,10527.8557303196,9857.51436564216,2031.04838781753,54.67066079106,22471.0847495598,,,,,,
6/22/19,11,10602.0855867504,9910.41425009684,2033.34237449621,56.6468613345237,22602.4905513305,,,,,,
6/22/19,12,11000.3729528545,9983.9499149448,1961.03288554192,59.6707170542353,23005.0259738059,,,,,,
6/22/19,13,11407.8473905415,9976.31949392598,1793.80260037298,62.5387883841763,23240.5094621834,,,,,,
6/22/19,14,11717.6934987779,10109.3291602348,1652.61308560229,65.112196525326,23544.7479038611,,,,,,
6/22/19,15,11936.421476156,10352.3380565878,1588.20679833922,67.8810783047459,23944.848444071,,,,,,
6/22/19,16,12686.0203538158,10827.8427494199,1666.35568640527,70.6680114227766,25250.8875361721,,,,,,
6/22/19,17,13448.6478324036,11327.761929896,1808.09776902961,73.8948620960094,26658.4011302795,,,,,,
6/22/19,18,14251.9497249527,11822.5810971123,2035.352781572,75.0607875253559,28184.9451307278,,,,,,
6/22/19,19,14887.9473848553,11977.2254198261,2210.32789059148,76.1644386080995,29151.6701405951,,,,,,
6/22/19,20,15058.8267310638,11945.497357101,2325.17993591171,71.5021913487822,29401.0099502435,,,,,,
6/22/19,21,14761.4362534498,12102.2979800603,2448.78923004496,66.2394330988484,29378.761721973,,,,,,
6/22/19,22,14386.6846521581,11936.6622115055,2417.80169928533,62.0680501094883,28803.2181112919,,,,,,
6/22/19,23,13364.2620492184,11196.5214862623,2275.68527891268,56.0572074337973,26892.528409293,,,,,,
6/22/19,24,12354.7357880143,10549.9491800807,2099.69198925714,50.1997126885691,25054.6918262584,,,,,,
6/23/19,1,11412.156220752,10006.3078309407,1981.44368082963,45.5374652989263,23445.4460592802,,,,,,
6/23/19,2,10802.6262269903,9576.23738540364,1880.88930757409,42.5865510463541,22302.3390067197,,,,,,
6/23/19,3,10354.1131252502,9288.72687604573,1823.29822008491,41.021543117827,21507.1599643724,,,,,,
6/23/19,4,10073.8619067588,9046.48109179462,1791.75676748622,40.6568946357975,20952.7567131981,,,,,,
6/23/19,5,9905.86681711409,8922.99491821897,1764.13094209469,41.2014320833715,20634.1950894112,,,,,,
6/23/19,6,9877.29284621816,8945.88740984032,1783.97526169273,41.654131178238,20648.8075265955,,,,,,
6/23/19,7,9874.99922253142,8774.96732426817,1807.85361883842,43.1062625736549,20500.9211440657,,,,,,
6/23/19,8,10173.7705259816,8778.79405888799,1920.44274570377,45.8877896666553,20918.8976558822,,,,,,
6/23/19,9,10411.8491730311,8971.07626573361,1982.17056923578,49.8467878706658,21414.9384554911,,,,,,
6/23/19,10,10574.8459314333,9191.4155543295,2022.91360646404,53.819532464978,21842.9931431018,,,,,,
6/23/19,11,10975.3786013912,9396.75213639321,1860.11466407481,58.6481496660691,22290.8932492864,,,,,,
6/23/19,12,11581.7488501313,9716.41425166068,1637.01298882064,63.4413380480389,22998.6183120257,,,,,,
6/23/19,13,11716.7036468371,10181.1290369783,1575.79934612249,68.9459363578315,23542.5779489613,,,,,,
6/23/19,14,12123.0548001526,10750.5489598503,1627.12577410735,74.4270439203802,24575.1567299299,,,,,,
6/23/19,15,12813.946620539,11337.8918408461,1736.08006685545,79.8783244380529,25967.8003387372,,,,,,
6/23/19,16,13743.6784184727,11904.1584847918,1867.65676146392,83.1656590807156,27598.6571866907,,,,,,
6/23/19,17,14459.7800307328,12443.9519394077,1999.34933001788,85.5777308223582,28988.6571202797,,,,,,
6/23/19,18,15303.4471713017,12960.660394759,2206.33637270048,88.2153980334358,30558.6570433934,,,,,,
6/23/19,19,15816.1467803901,13242.0447391597,2334.4369782323,87.5668782210002,31480.2005068304,,,,,,
6/23/19,20,15869.4544913993,13060.6336248745,2404.80009891386,82.541212890088,31417.4333341385,,,,,,
6/23/19,21,15394.5846384221,13081.3704871614,2493.88605138346,74.4765406440499,31044.3189851169,,,,,,
6/23/19,22,14808.455498428,12629.2273490373,2438.57622077724,66.4290424845599,29942.6872650131,,,,,,
6/23/19,23,13599.8955709439,11721.7253102449,2261.78359156484,59.0332414028097,27642.4386419119,,,,,,
6/23/19,24,12370.3527782104,10728.6220001688,2075.04294040176,52.0811323818377,25226.0986257949,,,,,,
6/24/19,1,11395.2056202523,10075.8167981646,1950.56894835559,46.9877169789731,23468.5776910125,,,,,,
6/24/19,2,10792.9910332798,9641.7686867947,1858.96419529314,43.7847822386318,22337.5092340538,,,,,,
6/24/19,3,10389.3942061909,9361.1181609163,1813.12434253911,42.1481259714585,21605.7854743449,,,,,,
6/24/19,4,10193.520042706,9305.87941939607,1839.57827675458,41.5747978392046,21380.5534653143,,,,,,
6/24/19,5,10244.7838081787,9475.70793692902,1830.5796894973,42.8833648323237,21593.9578881559,,,,,,
6/24/19,6,10739.7041289644,10020.5313261873,1942.28369440465,45.1213237138634,22747.6426898508,,,,,,
6/24/19,7,11380.2985166345,10645.9259640737,2094.30744848063,47.5743260955968,24168.0964754768,,,,,,
6/24/19,8,12026.0704942982,11280.183524008,2240.14018406742,50.6696684586456,25597.0562431361,,,,,,
6/24/19,9,12376.3604919761,11652.0043763348,2341.49166111201,54.947628628437,26424.8012057035,,,,,,
6/24/19,10,12435.9029353302,11910.170005552,2373.65257967899,60.3881882917689,26780.1079948927,,,,,,
6/24/19,11,12596.710716321,12142.5556101433,2301.98002467488,66.5448120941789,27107.7894717803,,,,,,
6/24/19,12,12824.2236098278,12339.6529276256,2171.73225362979,75.0267742744502,27410.6367129963,,,,,,
6/24/19,13,13182.2751603967,12617.6517884209,2120.69647789528,83.3428061993551,28003.9645493015,,,,,,
6/24/19,14,13720.3980607637,12966.6530791727,2127.1954788263,89.5669996873372,28903.8146550796,,,,,,
6/24/19,15,14426.1142559034,13371.378190828,2085.67318041435,93.5058264669508,29976.6714014585,,,,,,
6/24/19,16,15246.5011122314,13746.592959895,2131.43245337545,96.9911668878139,31221.5174183713,,,,,,
6/24/19,17,15939.4208456268,14126.4177031313,2248.18053201711,98.3010890467618,32412.3188570789,,,,,,
6/24/19,18,16301.5337583539,14278.1597765912,2436.8367148703,99.4349602459844,33115.9651975895,,,,,,
6/24/19,19,16467.8501732848,14227.1047374888,2516.31985247037,96.9735236188307,33308.2593285732,,,,,,
6/24/19,20,16338.2599269186,13957.7886894056,2557.34242707518,90.3959766631621,32943.7971558249,,,,,,
6/24/19,21,15802.5705785741,13863.6043928362,2612.57478783524,82.9157192649662,32361.6643960091,,,,,,
6/24/19,22,15154.1712158782,13246.1734558999,2506.08305506216,75.1311588321608,30981.5608907431,,,,,,
6/24/19,23,13786.3437261914,12225.6307652327,2305.55075394829,65.9938741054816,28383.5196170028,,,,,,
6/24/19,24,12521.5037225116,11167.3476152486,2116.06896399532,58.8191065773898,25863.7416475215,,,,,,
6/25/19,1,11592.9869323059,10455.7059827684,1993.6073452589,52.9271155766063,24095.2258801656,,,,,,
6/25/19,2,10936.6754937053,10018.6144387899,1931.32232676642,50.0595393545769,22936.6732080281,,,,,,
6/25/19,3,10558.0912647344,9649.13737282007,1865.44247885829,48.6100393916482,22121.2813158472,,,,,,
6/25/19,4,10344.0587436724,9471.58378266588,1831.6640085987,47.6590205061804,21694.9657012749,,,,,,
6/25/19,5,10468.5991508053,9655.58827977027,1831.9695190592,48.237085856651,22004.3939550545,,,,,,
6/25/19,6,10887.9827768404,10116.604778105,1940.66438531491,50.5480030514068,22995.8008904162,,,,,,
6/25/19,7,11452.3140323114,10641.995667815,2081.79586176094,53.3921596687893,24229.4939143222,,,,,,
6/25/19,8,11930.2044825739,11137.4553229614,2233.41737964315,59.4491443251652,25360.5200739745,,,,,,
6/25/19,9,12121.9048234768,11515.1900250598,2369.13194373437,65.3338051344751,26071.5544129455,,,,,,
6/25/19,10,12500.0939213443,11901.9521960334,2447.9838519667,72.1855795488794,26922.2131025188,,,,,,
6/25/19,11,12784.5299115933,12231.5103727293,2440.82430632532,78.2620098762423,27535.1247991513,,,,,,
6/25/19,12,12795.2493927878,12295.7438882333,2369.87990737433,83.2291313499567,27544.1025457701,,,,,,
6/25/19,13,12879.9276010197,12289.7152050383,2192.97118593897,85.5911898357091,27448.2067637651,,,,,,
6/25/19,14,13161.0254322344,12409.6209965729,2140.53970096371,88.1114565834141,27799.298192717,,,,,,
6/25/19,15,13549.5340817086,12517.8197724995,2181.32399443288,90.0793290878925,28338.7559161081,,,,,,
6/25/19,16,14122.4024742746,12675.240709217,2246.18257255015,93.540154922923,29137.3682729196,,,,,,
6/25/19,17,14708.6920925032,12787.8009626557,2256.815792454,93.6113063567776,29846.9180105385,,,,,,
6/25/19,18,15176.2572758371,12822.1413730843,2333.38006447337,92.1883566191059,30423.9718268412,,,,,,
6/25/19,19,15520.1861721022,12724.4863481328,2348.60836636241,91.1272505189779,30684.4158152684,,,,,,
6/25/19,20,15444.5983491977,12771.7506633318,2419.82896604811,88.0243447613954,30724.2067451747,,,,,,
6/25/19,21,15022.5942569442,12936.3567259227,2518.70159915939,81.4418578567297,30559.0953798911,,,,,,
6/25/19,22,14381.0785192836,12636.3129971713,2424.27614603213,75.2474496920868,29516.917447331,,,,,,
6/25/19,23,13200.3166431194,11800.3113166589,2236.55403746603,67.3986108421774,27304.5793898837,,,,,,
6/25/19,24,12037.9045953057,10960.0350708575,2038.22440987045,60.7386182717724,25096.9025520294,,,,,,
6/26/19,1,11286.9637130983,10271.7427717371,1928.10705496879,56.0208581119901,23542.8332226145,,,,,,
6/26/19,2,10703.4133299602,9790.65367539741,1858.22748165553,52.6700786446032,22404.9663105053,,,,,,
6/26/19,3,10305.4071788094,9680.18505204926,1791.49758290711,51.061495061023,21828.1502120346,,,,,,
6/26/19,4,10129.7227231754,9417.06979363778,1758.28170025966,49.6183532450521,21354.693734142,,,,,,
6/26/19,5,10220.3776219798,9602.50953528362,1795.01296630272,50.4049464313164,21668.3038532798,,,,,,
6/26/19,6,10677.7650547886,10134.3456831269,1944.96648570964,51.6472581392244,22808.7268751682,,,,,,
6/26/19,7,11222.3466453428,10627.3829132519,2074.62644286833,54.1529133067452,23978.5058399638,,,,,,
6/26/19,8,11634.5529013421,11106.5700087987,2200.02595608738,59.3359790195148,25000.4783745792,,,,,,
6/26/19,9,11872.5910226462,11529.4377317122,2317.54714315959,64.3852507000838,25783.9570097887,,,,,,
6/26/19,10,11758.925246301,11678.7783958863,2294.56818701034,69.9310264357335,25802.1983363861,,,,,,
6/26/19,11,11997.2196038311,11759.388024434,2167.52098559261,73.7349581791584,25997.8635064318,,,,,,
6/26/19,12,11746.5305182576,11792.9547347707,2030.94885609976,77.6893064566531,25648.1209093581,,,,,,
6/26/19,13,11590.8564346555,11908.8383821495,1927.27497941584,81.5257277408682,25508.4959285234,,,,,,
6/26/19,14,11789.7108321992,12170.0145400394,1894.71153335327,85.3724097463925,25939.8103539936,,,,,,
6/26/19,15,12007.6703514939,12560.7419755996,1870.85280176805,87.9321287975153,26527.197915982,,,,,,
6/26/19,16,12324.8962652127,12877.7654583039,1936.77512491756,90.5747916322134,27230.0126711589,,,,,,
6/26/19,17,12527.7822533448,13093.7453098176,2065.69126884292,91.4617176613637,27778.6827348164,,,,,,
6/26/19,18,12963.7920885827,13392.6098056025,2259.59145665857,92.0588384777364,28708.0533528906,,,,,,
6/26/19,19,13477.1490847329,13439.7405987598,2373.24890624982,91.8058471274608,29381.9517157764,,,,,,
6/26/19,20,13693.4978559165,13294.9118382761,2454.57781659983,87.0477285240444,29530.0426517616,,,,,,
6/26/19,21,13630.7041204737,13352.1501206748,2552.25813546559,80.1942742907423,29615.3071179631,,,,,,
6/26/19,22,13406.094052723,12972.2192162392,2483.02114540382,73.9699189681502,28935.3053522957,,,,,,
6/26/19,23,12410.490078201,12084.7343468014,2270.63328244425,66.1131392283503,26831.9714765499,,,,,,
6/26/19,24,11545.4993907204,11181.0142587085,2078.08796582913,58.9235528975866,24863.5252021672,,,,,,
6/27/19,1,10837.1129586265,10484.9816987655,1954.50650442339,52.9777493635113,23329.5807479764,,,,,,
6/27/19,2,10347.2109607138,10030.6614847476,1885.97311571378,49.1859965406978,22313.0401586486,,,,,,
6/27/19,3,10035.0759528812,9677.82138181102,1802.73193066838,47.7935564704327,21563.4236929001,,,,,,
6/27/19,4,9893.16298366679,9468.40989535102,1773.0782404523,46.7062772089656,21181.357600875,,,,,,
6/27/19,5,10034.9653484946,9627.08943951517,1811.15632278734,48.6420651932054,21521.8531113083,,,,,,
6/27/19,6,10527.1647533313,10117.5214406602,1919.01902400728,50.730386394113,22614.4349048548,,,,,,
6/27/19,7,11022.7997930219,10584.3467952488,2085.71954804587,53.4965760318746,23746.3560922886,,,,,,
6/27/19,8,11330.5009618458,10971.0693904695,2182.36011208813,58.0300237251645,24541.9494126061,,,,,,
6/27/19,9,11238.7398079259,11289.7210269859,2281.24446485906,61.4031613160275,24871.1061500428,,,,,,
6/27/19,10,11322.0544472831,11376.5485020869,2248.63328144798,65.5267743588756,25012.7575020712,,,,,,
6/27/19,11,11345.0780720588,11494.7226765377,2073.12301134122,70.1724994637427,24983.0978790208,,,,,,
6/27/19,12,11763.9294764877,11790.8644404937,1954.14193707964,73.4845283112362,25582.4209175182,,,,,,
6/27/19,13,11344.4666761245,12114.734201947,1918.03883685957,77.9138085723066,25455.1517922057,,,,,,
6/27/19,14,11167.8442681188,12606.8173369288,1948.84527420002,82.2190190550263,25805.7237922069,,,,,,
6/27/19,15,11455.0663872505,13072.4376371525,2011.02595374534,86.4887563731566,26625.0196008765,,,,,,
6/27/19,16,11915.8116472033,13538.2543680385,2071.1946375905,90.04616459202,27615.3045618063,,,,,,
6/27/19,17,12156.7531320893,13871.4495872361,2173.34975708744,90.5816902878694,28292.1373210197,,,,,,
6/27/19,18,12579.4168003162,14281.7997594644,2358.31694078926,91.0161997874667,29310.5544827096,,,,,,
6/27/19,19,12996.5569720907,14178.336462707,2448.55734821496,89.6676993424207,29713.1235267879,,,,,,
6/27/19,20,13199.156977792,13745.7534624175,2471.10861379806,82.6272637774947,29498.6509618538,,,,,,
6/27/19,21,13314.2480631976,13751.1757650402,2604.09222602388,78.0413097911539,29747.5577991188,,,,,,
6/27/19,22,13100.7178396551,13316.4427441031,2551.7668229847,72.2940557246067,29041.2219774027,,,,,,
6/27/19,23,12255.9527565445,12353.1947876281,2331.81201370628,65.2269298066298,27006.1865570495,,,,,,
6/27/19,24,11397.6016961423,11430.1714272854,2137.41568428074,58.4679549875127,25023.6577481325,,,,,,
6/28/19,1,10716.5276862516,10568.8544046137,2012.80483985591,53.6164740254286,23351.8029141957,,,,,,
6/28/19,2,10232.1413248756,10017.929992503,1896.85752121642,49.7403204983705,22196.6688215996,,,,,,
6/28/19,3,9929.58168926913,9718.59902763166,1817.24226152068,46.7877715263642,21512.2109276778,,,,,,
6/28/19,4,9736.10925976344,9597.32668996987,1787.73226178903,46.5700489635138,21167.7377196335,,,,,,
6/28/19,5,9872.24175445621,9645.02982558501,1821.86797172424,46.8298155826794,21385.970628862,,,,,,
6/28/19,6,10344.1384718122,9990.78129063411,1934.25487457407,49.1772865120008,22318.3523763879,,,,,,
6/28/19,7,10910.0712025806,10389.3468623936,2067.92964404984,52.3907481964595,23419.7361924301,,,,,,
6/28/19,8,11325.4641559895,10768.4972191117,2160.86244822946,57.2011633015274,24312.0234198169,,,,,,
6/28/19,9,11480.8811777546,11096.5363524877,2181.10848542084,60.5840652974834,24819.1079573745,,,,,,
6/28/19,10,11488.9581710006,11294.2513286354,2062.59848912893,64.6845449817712,24910.4921562941,,,,,,
6/28/19,11,11431.1406384315,11617.422372792,2012.46712968116,69.9101623879023,25130.9401657168,,,,,,
6/28/19,12,11391.0887631745,12041.5444369623,1993.70886984828,74.5588830707318,25500.9014193979,,,,,,
6/28/19,13,11388.8189553591,12465.7695570477,1993.120825444,80.4215042078657,25928.1313752117,,,,,,
6/28/19,14,11508.5126247074,12947.6126988571,1982.13867985259,84.7837409479614,26523.0472680746,,,,,,
6/28/19,15,11891.9977406355,13446.5731399346,2036.28540951253,87.5812128439912,27462.4364575477,,,,,,
6/28/19,16,12066.7847123806,13834.4331030757,2174.97363481048,89.6844871547215,28165.8759448929,,,,,,
6/28/19,17,12485.7966163817,14228.3000736497,2283.21526340073,90.7422985672336,29088.056169962,,,,,,
6/28/19,18,12929.4267666095,14458.3000129043,2398.16638004106,91.2647794152525,29877.1590351235,,,,,,
6/28/19,19,13314.3617532786,14367.8108615164,2472.09664537477,90.1093567412024,30244.3811319966,,,,,,
6/28/19,20,13462.9227290585,13933.6421381955,2494.97384458672,84.5491648804144,29976.0888289298,,,,,,
6/28/19,21,13388.6516005597,13724.5788771923,2563.3139208591,78.0347111069817,29754.5803261059,,,,,,
6/28/19,22,13195.5997449836,13304.6434339597,2513.75771160788,71.7099008183372,29085.7101459817,,,,,,
6/28/19,23,12352.4186243766,12458.1028030603,2346.9026047342,63.8332168969855,27221.2572553955,,,,,,
6/28/19,24,11463.656121647,11467.2484933838,2126.4924839,56.9578435813412,25114.3543677646,,,,,,
6/29/19,1,10687.9609330622,10636.0724718542,2002.7275490454,51.952707182697,23378.7124350419,,,,,,
6/29/19,2,10102.8515907998,10045.195598607,1890.51215762746,48.9661633669292,22087.5251597069,,,,,,
6/29/19,3,9754.14824300549,9658.99044981144,1806.18355663223,47.2680797452079,21266.5898463707,,,,,,
6/29/19,4,9564.63630454763,9424.43858757794,1771.61053872244,45.7610354619042,20806.4464484892,,,,,,
6/29/19,5,9529.55319976872,9339.27571765931,1765.927221407,45.6132978898981,20680.3690636687,,,,,,
6/29/19,6,9664.35830435979,9414.77389940965,1803.38351363007,45.8838149832968,20928.3988368957,,,,,,
6/29/19,7,10046.0832089628,9415.2736417277,1812.61672604687,49.2554481649447,21323.2279583303,,,,,,
6/29/19,8,10465.1077754945,9631.28922760956,1867.06325890221,52.9599233205369,22016.4196332175,,,,,,
6/29/19,9,10170.951626517,9939.23590517891,1898.12393492445,55.6482143299341,22063.9592251998,,,,,,
6/29/19,10,10034.4566468049,10304.6819151223,1853.38236165359,60.5017645064355,22253.0226944504,,,,,,
6/29/19,11,10041.9024334044,10693.7335213859,1850.99899721317,65.1908289826688,22651.8256706188,,,,,,
6/29/19,12,10065.3312648275,11190.5772883723,1909.99448172023,70.2961347300644,23236.1991099224,,,,,,
6/29/19,13,10158.0960433625,11545.1794979827,2148.71733235383,79.0566730088176,23931.0481369692,,,,,,
6/29/19,14,10253.6820365606,12207.9863010201,2228.86084962934,85.7622954951614,24776.2907734971,,,,,,
6/29/19,15,10857.549300594,12783.1210031598,2204.88468471835,90.5830241107834,25936.1363795353,,,,,,
6/29/19,16,11299.825557827,13223.1444155002,2215.13498985649,93.8484840546632,26831.9528174174,,,,,,
6/29/19,17,11756.8135019464,13503.1946441164,2215.29109874572,94.0099783950156,27569.3091443339,,,,,,
6/29/19,18,12497.8902303572,13417.9560103399,2246.57234833588,90.3314779929997,28252.7492067101,,,,,,
6/29/19,19,13149.3125796469,13058.131135132,2340.24982782871,85.6860581413383,28633.3816048988,,,,,,
6/29/19,20,13407.9607577863,12832.3657993572,2413.86806113407,80.9471589606269,28735.1441534505,,,,,,
6/29/19,21,13323.0110036166,12931.4350622699,2491.33819841653,77.011138749416,28822.7951148046,,,,,,
6/29/19,22,13048.1198181424,12674.1933249715,2451.9712986674,71.0264413850847,28245.3117411992,,,,,,
6/29/19,23,12273.3467443861,12070.4037202704,2310.8539343517,63.095773284285,26717.7005940839,,,,,,
6/29/19,24,11347.0812171256,11170.8059873478,2134.78073929201,57.4537429247965,24710.1212236795,,,,,,
6/30/19,1,10569.1049266583,10502.1066109455,2003.72928695184,53.552004281325,23128.4913242152,,,,,,
6/30/19,2,9988.42766985973,9954.95440241737,1890.402547762,50.9257845417568,21884.7100049613,,,,,,
6/30/19,3,9621.62796274471,9544.60715432897,1818.12274401736,50.0507395328772,21034.4082258207,,,,,,
6/30/19,4,9367.14127132212,9260.13113583933,1774.65012418929,49.1866791827896,20451.1076912853,,,,,,
6/30/19,5,9266.39269384429,9137.28369509666,1771.13990751576,49.2072816267708,20224.0235058018,,,,,,
6/30/19,6,9592.39111589448,9070.99001064713,1785.82955455508,48.3586221492853,20497.5702057,,,,,,
6/30/19,7,9747.93938400116,8907.19661644844,1798.748414511,49.7245271705466,20503.6077434925,,,,,,
6/30/19,8,9856.04991525464,9116.94973584349,1806.12910512577,53.989628441488,20833.1169942645,,,,,,
6/30/19,9,9812.09773602665,9380.05399254687,1830.05752972099,56.0170325493474,21078.2248870098,,,,,,
6/30/19,10,9718.44526291072,9831.77653564817,1833.19208802769,61.0295039575898,21444.4424439535,,,,,,
6/30/19,11,9723.38270949871,10392.682804792,1834.16087393789,68.2580791863246,22018.4852629379,,,,,,
6/30/19,12,9810.89907311277,11013.0171624357,1869.3525633858,74.2741030722312,22767.5430911563,,,,,,
6/30/19,13,9883.49998104251,11660.4727661207,1920.45161816856,80.6749139698841,23545.0990742931,,,,,,
6/30/19,14,9877.65747199492,12337.4423317761,1981.96843322192,85.4574084413843,24282.5234748978,,,,,,
6/30/19,15,10281.8853366798,12991.0539841995,2045.19242053049,89.4556606081203,25407.5868594876,,,,,,
6/30/19,16,10958.036042561,13640.208075709,2127.32704100301,94.1061896624943,26819.6779155526,,,,,,
6/30/19,17,11699.231543468,14100.6754301949,2250.90796781915,96.5737861100678,28147.3884902182,,,,,,
6/30/19,18,12539.9206878018,14462.5564448289,2462.71983598953,97.3136785771935,29562.5104307999,,,,,,
6/30/19,19,13180.1052885841,14543.9875506762,2617.95736203922,96.0982507238157,30438.1510474446,,,,,,
6/30/19,20,13403.0422749241,14104.277391471,2663.04771045595,90.9086647490603,30261.2769139372,,,,,,
6/30/19,21,13340.2357865087,13834.1997413885,2714.28725097211,83.6213656197035,29972.3441211008,,,,,,
6/30/19,22,13046.0350369394,13328.7665262702,2623.90625200655,75.6549171128559,29074.3623721392,,,,,,
6/30/19,23,12065.6108230153,12273.4713661262,2432.74461427767,64.6369364817271,26836.4651372988,,,,,,
6/30/19,24,11138.5047434698,11245.7197490529,2163.28037682202,57.6835943299048,24605.1886581909,,,,,,
7/1/19,1,10375.9021366877,10471.2108477494,2034.17865460034,52.5974532607015,22933.8892591124,,,,,,
7/1/19,2,9853.71087347939,9778.43438924327,1968.71600553947,48.4706956179822,21649.3315554746,,,,,,
7/1/19,3,9498.39905126008,9421.94674336055,1873.45551979784,47.4087375760694,20841.2107508545,,,,,,
7/1/19,4,9463.44237485994,9273.59924172493,1839.88135382159,46.5871345467262,20623.5106284963,,,,,,
7/1/19,5,9647.41890584112,9456.88110741068,1842.53547318856,47.3408391304375,20994.1764323625,,,,,,
7/1/19,6,10205.1403528839,9966.94303245354,1967.51904172666,48.7015861765324,22188.3044647503,,,,,,
7/1/19,7,10839.3345248156,10493.4671259694,2056.83633252175,51.2632822748,23440.898124309,,,,,,
7/1/19,8,11572.0107113413,11153.7051876695,2153.09118881388,55.9765840343854,24934.7792572052,,,,,,
7/1/19,9,11901.4412273064,11565.5892036711,2164.11594965229,61.069762363464,25692.2138202537,,,,,,
7/1/19,10,11986.0008312449,12082.0726317878,2155.20644214596,68.303401314283,26291.5833488018,,,,,,
7/1/19,11,12073.1964878764,12691.477264109,2190.90766363467,76.0233697617515,27031.6048159917,,,,,,
7/1/19,12,11913.3805155836,13283.8882405937,2202.49983319995,81.9822006207048,27481.7511791185,,,,,,
7/1/19,13,11840.5839698103,13983.2525010449,2203.46183612093,88.0843272917656,28115.3818125906,,,,,,
7/1/19,14,12199.9335344242,14781.6711813112,2251.27141427885,93.1396076505071,29326.0154063049,,,,,,
7/1/19,15,12502.9103033133,15452.7037432395,2311.79772252627,98.6485440841122,30366.0621426882,,,,,,
7/1/19,16,12977.3090752122,16039.4782230801,2422.84631757279,101.038053878764,31540.6721297805,,,,,,
7/1/19,17,13533.9278412346,16337.3103595997,2541.94347307769,102.662391186821,32515.845099649,,,,,,
7/1/19,18,14028.291560334,16509.8469492637,2737.18165035346,103.847399483688,33379.1690270331,,,,,,
7/1/19,19,14525.5434668828,16300.1413375627,2833.49520582426,102.417859637329,33761.6013007503,,,,,,
7/1/19,20,14661.432172013,15836.2689646999,2787.71465281029,96.6393971867788,33382.0570243321,,,,,,
7/1/19,21,14366.2709451458,15233.8758761939,2814.79752502575,86.7778068116332,32501.7219232281,,,,,,
7/1/19,22,13978.0474552378,14546.1484992853,2682.71946816884,78.7069626539949,31285.6226997751,,,,,,
7/1/19,23,12843.6627861035,13357.1058418648,2442.68392747597,68.9894006178475,28712.4415910316,,,,,,
7/1/19,24,11807.7924960758,12139.9334068627,2215.54681827403,60.8983826782009,26224.1715770283,,,,,,
7/2/19,1,11118.708643298,11232.301798245,2061.71032087888,55.91915798588,24468.6415867972,,,,,,
7/2/19,2,10759.4468284104,10639.9876980445,1986.70449763651,51.7351849492887,23437.8748996897,,,,,,
7/2/19,3,10428.679481778,10140.6078887271,1908.38098716884,48.231494802127,22525.9005999685,,,,,,
7/2/19,4,10316.9141385906,9868.47034481432,1864.88175920256,47.6526074190851,22097.9190832783,,,,,,
7/2/19,5,10173.3793749113,9985.29054756126,1844.34546206081,48.4950841773523,22051.5113259941,,,,,,
7/2/19,6,10513.6041624016,10419.8344866494,1946.45668379868,49.8064293282674,22929.7022164791,,,,,,
7/2/19,7,11100.4279854798,10883.5079488947,2076.81622088927,54.0782747209021,24114.8289003953,,,,,,
7/2/19,8,11928.6343456201,11390.9219036653,2142.47688529482,58.5006417152863,25520.5304021042,,,,,,
7/2/19,9,12300.9876319815,11797.1184871657,2107.90053273955,64.1228118227084,26270.1280332692,,,,,,
7/2/19,10,12188.7275480084,12265.5641643596,2095.77840287894,69.7893839739766,26619.8579984926,,,,,,
7/2/19,11,12068.40637539,12702.4022175851,2045.34297042797,76.2345382798426,26892.3846732028,,,,,,
7/2/19,12,12074.0108978317,13243.375925199,2056.96210855874,81.5039212700784,27455.8517232757,,,,,,
7/2/19,13,11912.6331807851,13773.9330713626,2051.27440953147,87.7472499595861,27825.587415809,,,,,,
7/2/19,14,12188.6169965189,14463.3802928595,2101.72400858319,93.9069628420659,28847.6287198039,,,,,,
7/2/19,15,12354.410275792,15136.6969989523,2178.23376987138,96.2922695873421,29765.6334575696,,,,,,
7/2/19,16,12854.088657486,15650.134009476,2275.48994828856,97.8974065934999,30877.6097776344,,,,,,
7/2/19,17,13507.6003439586,15976.773855968,2395.59085165429,95.5467865217068,31975.5122140644,,,,,,
7/2/19,18,14084.1710991298,16077.3403304878,2564.76473719976,96.0028414801722,32822.2791949234,,,,,,
7/2/19,19,14514.0555103001,15893.747944005,2646.52616588771,95.8328980242803,33150.1677414924,,,,,,
7/2/19,20,14589.7133535474,15358.4732911051,2690.56784628031,91.4315788810942,32730.1865300171,,,,,,
7/2/19,21,14390.240523533,15008.200266347,2734.12857478486,85.0202252560139,32217.5878851921,,,,,,
7/2/19,22,14034.5267503248,14451.3376271527,2629.09115250588,75.4680231079824,31190.4242326189,,,,,,
7/2/19,23,12965.6408544842,13321.5951295495,2429.8856882035,66.3975700937304,28783.5199946715,,,,,,
7/2/19,24,11926.3513042803,12121.5531260615,2192.26712833034,59.2180485974496,26299.39098265,,,,,,
7/3/19,1,11126.5433537877,11228.16657054,2047.7789758155,53.748057497479,24456.2368141651,,,,,,
7/3/19,2,10573.5643991705,10637.0502933326,1951.55859462633,49.7105391218744,23211.882916272,,,,,,
7/3/19,3,10248.6442579122,10293.6370789224,1862.47211558882,47.8816259799602,22452.6351060659,,,,,,
7/3/19,4,10091.0226458468,10078.1786256778,1835.33783449363,46.6966859049995,22051.2361934574,,,,,,
7/3/19,5,10185.6731432651,10105.9851005543,1841.77127441386,47.6618485182261,22181.0907802387,,,,,,
7/3/19,6,10610.1447453899,10462.9038780053,1928.32424055713,49.0236891979015,23050.3966780738,,,,,,
7/3/19,7,11127.566407398,10925.1630479595,2060.05510137062,52.6675286363869,24165.450731068,,,,,,
7/3/19,8,11582.0730048016,11362.8510929605,2187.59700586821,57.6023411772459,25190.1204680229,,,,,,
7/3/19,9,12022.4724687239,11737.8508692636,2162.36215868438,61.8962223932328,25984.5804120778,,,,,,
7/3/19,10,11883.1066311239,12166.3043857723,2061.57321040845,66.552447601768,26177.5356305529,,,,,,
7/3/19,11,11743.8110576246,12563.2416855578,1984.3668540638,71.5556283402089,26362.9763818376,,,,,,
7/3/19,12,11746.4040859199,12998.3520341766,1956.27346557358,77.01742858815,26778.0469973323,,,,,,
7/3/19,13,11863.9534195025,13343.6553871477,1958.39059698329,82.8641233703938,27248.8638218023,,,,,,
7/3/19,14,11961.3336648056,13828.5589003002,1952.73362247012,87.6932144807352,27830.3198322578,,,,,,
7/3/19,15,12325.443491101,14238.6726774645,2029.58371481988,90.7981154008326,28684.4972618412,,,,,,
7/3/19,16,12824.7788667186,14617.0249547077,2107.07757420533,92.8110265355784,29641.6923685369,,,,,,
7/3/19,17,13450.0443825705,14914.7366244931,2205.59354703567,93.6685468887253,30664.0433595807,,,,,,
7/3/19,18,14000.6522255173,15015.5875580289,2387.69558726499,95.518798378425,31499.4575277423,,,,,,
7/3/19,19,14431.6920484047,14830.8718659506,2441.02454763086,94.2421712195975,31797.8323692912,,,,,,
7/3/19,20,14469.6992816674,14312.1751057003,2501.44175853916,89.1699230500322,31372.4888989371,,,,,,
7/3/19,21,14145.772225296,14092.1368214059,2581.11943633616,83.4231898618487,30902.4517581335,,,,,,
7/3/19,22,13868.1866640756,13590.5164412499,2514.88098291271,75.7869929891731,30049.3713574309,,,,,,
7/3/19,23,12870.3074595927,12675.3421501522,2331.62366620222,67.1622826163665,27944.4360689426,,,,,,
7/3/19,24,11855.8108180285,11647.2792809705,2148.53489034244,60.4253719931938,25712.0512549887,,,,,,
7/4/19,1,11111.2225425475,10937.8191054467,2008.15322260164,54.9281213977931,24112.1232962892,,,,,,
7/4/19,2,10534.4040370036,10325.0140218195,1886.28352069476,51.4231903878221,22797.124950732,,,,,,
7/4/19,3,10126.4333212776,9959.79752480188,1804.60527231446,47.7717240090508,21938.607460896,,,,,,
7/4/19,4,9889.84075492282,9663.9060285775,1765.5711321885,46.4159198212133,21365.7340559871,,,,,,
7/4/19,5,9870.85051966363,9567.80668566093,1770.09208423157,46.4290103376818,21255.1776378903,,,,,,
7/4/19,6,9954.12546532979,9600.79159892473,1800.48541266554,46.9999131897846,21402.4024194598,,,,,,
7/4/19,7,9971.49539225002,9515.33069208184,1808.4764695709,49.0462804981112,21344.3449468176,,,,,,
7/4/19,8,10355.4537074265,9524.45129181292,1847.22438228281,53.495257680856,21780.6210138272,,,,,,
7/4/19,9,10359.045073816,9598.53764947487,1840.28412620061,58.9916440840639,21856.8570025938,,,,,,
7/4/19,10,10265.3865888517,9865.35686252234,1778.05846794307,64.4700099759003,21973.2691069115,,,,,,
7/4/19,11,10223.1241615477,10087.18605684,1721.63064829413,69.2624634911404,22101.2042307195,,,,,,
7/4/19,12,10261.2432561568,10307.6632024196,1672.67644290241,74.2890222624893,22315.8704242312,,,,,,
7/4/19,13,10414.1948667184,10724.4746129619,1654.81308457606,79.5150914089033,22872.9958914187,,,,,,
7/4/19,14,10602.7302513716,11181.0150534913,1656.69013207777,83.5364609017824,23523.9722173701,,,,,,
7/4/19,15,11074.5723596189,11757.8232255238,1669.07281083278,88.0785892082593,24589.5470066712,,,,,,
7/4/19,16,11724.9728285896,12263.1235396924,1779.20642919152,92.4310463880458,25859.735483133,,,,,,
7/4/19,17,12418.5133110415,12640.9958876618,1911.71417916508,94.3364170235392,27065.5597592886,,,,,,
7/4/19,18,13075.486150822,12950.4879348451,2120.82329017243,95.8179797001431,28242.616811693,,,,,,
7/4/19,19,13519.6655409117,12944.9062899113,2266.38348097494,94.6524810814443,28825.6126600528,,,,,,
7/4/19,20,13604.8741636417,12554.5797651609,2305.23617543592,89.2517168014466,28553.9457894218,,,,,,
7/4/19,21,13306.2990607634,12380.821370892,2370.7262214435,78.6440022469303,28136.4905132224,,,,,,
7/4/19,22,12863.0934770041,12040.4159753447,2341.64576116505,69.5500205580049,27314.705903507,,,,,,
7/4/19,23,12297.2203259253,11636.6820666447,2253.03534318813,65.2733941157538,26252.2110263984,,,,,,
7/4/19,24,11598.3531740263,10921.0663148002,2088.76556003194,58.7608092232407,24666.9457158566,,,,,,
7/5/19,1,11142.2376483721,10211.7313117963,1963.02325798577,51.3765682139388,23368.3683730458,,,,,,
7/5/19,2,10612.5582228123,9807.95724579968,1909.13586839951,47.5388239725872,22377.1891899524,,,,,,
7/5/19,3,10252.8023025392,9451.58901582119,1828.95714830206,45.3027274133521,21578.6511062363,,,,,,
7/5/19,4,10072.9481836755,9315.71005969692,1806.42529413368,43.8719120474222,21238.9550661855,,,,,,
7/5/19,5,10141.6810882881,9420.39879168591,1831.56027864911,44.2295972100927,21437.8707474879,,,,,,
7/5/19,6,10486.4828401694,9703.40522204335,1874.22226324404,45.4339570968262,22109.5444314541,,,,,,
7/5/19,7,10890.4667434033,9945.80045086962,1957.89072954943,48.6107622464179,22842.7673224675,,,,,,
7/5/19,8,11220.8461245851,10205.4763671852,2049.82547204126,51.0068043501486,23527.1493848685,,,,,,
7/5/19,9,11340.1707004758,10511.9316302713,2110.16129310904,55.3775709809457,24017.6398061817,,,,,,
7/5/19,10,11419.9087395568,10742.946570147,2010.05029237505,61.4044466952666,24234.3103753237,,,,,,
7/5/19,11,11483.1565255499,11052.5192829546,1915.80618394189,70.0205561819388,24521.5037394349,,,,,,
7/5/19,12,11611.4854605401,11468.0822276926,1893.90688690539,77.2788774445608,25050.7532832435,,,,,,
7/5/19,13,11610.4147849355,11969.3422633483,1845.50759487176,85.5706352391679,25510.834889364,,,,,,
7/5/19,14,12081.3020655266,12575.8844007489,1877.66322562548,89.47686374165,26624.3255862084,,,,,,
7/5/19,15,12785.8421887299,13237.6445456674,1942.95610185118,93.42602586974,28059.8677340906,,,,,,
7/5/19,16,13564.4216889617,13902.5519943526,2062.75104451662,97.0352684884623,29626.7601507906,,,,,,
7/5/19,17,14367.1309607468,14353.8934715531,2194.38492347268,99.3281131903443,31014.7369516684,,,,,,
7/5/19,18,15054.7391544947,14717.0498952269,2380.39936586741,101.370091152515,32253.5609331982,,,,,,
7/5/19,19,15475.0464604675,14657.66278626,2497.99967782722,98.2071567710298,32728.9201792192,,,,,,
7/5/19,20,15405.4586781357,14192.4987087545,2538.48585536416,91.3989852305609,32227.8450861145,,,,,,
7/5/19,21,14935.5856672727,13912.0902213043,2623.4208941048,77.6552859801433,31548.7526568062,,,,,,
7/5/19,22,14396.5028150602,13522.3422345893,2541.07744681517,69.2070445774617,30529.1293079302,,,,,,
7/5/19,23,13294.3599924554,12864.1014040566,2383.91135232986,68.4544410683064,28610.8249989687,,,,,,
7/5/19,24,12218.5344896829,11795.12362365,2205.10968739955,59.0011617442021,26277.7688873629,,,,,,
7/6/19,1,11352.3557343074,10850.6543854831,2033.44976440491,52.5151931501278,24288.9741516687,,,,,,
7/6/19,2,10748.2399888192,10276.4213432988,1927.99030849591,47.9744649380472,23000.626565012,,,,,,
7/6/19,3,10372.5098402664,9809.2806478287,1842.92091766227,46.0250428503597,22070.7369053662,,,,,,
7/6/19,4,10060.8365591617,9526.10365157956,1802.23535973815,44.5758383968402,21433.7481861578,,,,,,
7/6/19,5,9995.00527333832,9497.86415503881,1798.61504772492,44.1922801038528,21335.6749811256,,,,,,
7/6/19,6,10058.3900523243,9533.04806881274,1825.77059474876,44.2743186757818,21461.483762141,,,,,,
7/6/19,7,10347.7292533277,9710.50435569384,1852.17585496805,45.904297033224,21956.3121978068,,,,,,
7/6/19,8,10635.6598415353,9634.55258862612,1972.50868390857,50.1240765530545,22292.8411596144,,,,,,
7/6/19,9,10728.5307051792,9956.36433454945,2047.91857003782,56.0029271098129,22788.814363155,,,,,,
7/6/19,10,10793.6905351227,10244.6845988201,2047.69162092967,62.8534483344051,23148.9195585485,,,,,,
7/6/19,11,10942.5380349201,10564.1005374765,1965.55869221114,71.6965544989377,23543.8942137251,,,,,,
7/6/19,12,11089.8823464023,10866.0018977171,1833.15409923046,78.7154382494466,23867.755081391,,,,,,
7/6/19,13,11464.6227668412,11198.222396972,1688.98415620409,85.2156572130197,24437.0449977751,,,,,,
7/6/19,14,11755.3511131484,11832.4956723484,1650.58827487705,92.3197680811893,25330.7553068592,,,,,,
7/6/19,15,12325.6569771252,12381.7486243187,1728.7989717233,96.0686806337827,26532.2719271685,,,,,,
7/6/19,16,13008.9997134016,13066.2148593523,1842.64654787442,98.9503959139986,28016.8113093936,,,,,,
7/6/19,17,13722.677619668,13539.5619822187,1983.19853974854,100.140444710719,29345.5792103414,,,,,,
7/6/19,18,14296.1419824157,13796.8464654764,2179.04356996626,101.885383406682,30373.9180617069,,,,,,
7/6/19,19,14679.3337340637,13746.383484779,2346.44587443046,98.5674398204062,30870.732759249,,,,,,
7/6/19,20,14635.2450371917,13368.0684011432,2414.85266005094,92.445612179454,30510.6138467025,,,,,,
7/6/19,21,14400.0067598297,13236.8921649172,2515.0811771455,84.7130257181066,30236.6913772336,,,,,,
7/6/19,22,13946.9100616328,12803.2143182813,2474.08076935164,75.3945402793668,29299.6001211186,,,,,,
7/6/19,23,12973.9320705341,11996.0634904807,2322.7035024453,67.1339446400914,27359.8316112273,,,,,,
7/6/19,24,11948.479124848,11107.1820060016,2116.05464214632,61.2952374956572,25233.0100389747,,,,,,
7/7/19,1,11110.9554072794,10387.864379312,1978.99680929319,56.2296091088999,23534.0474907245,,,,,,
7/7/19,2,10496.259705239,9941.60113794159,1859.23942178791,51.9256257361179,22349.02648694,,,,,,
7/7/19,3,10072.1879955865,9573.45628640717,1786.51570023165,49.4523391939027,21481.6134638572,,,,,,
7/7/19,4,9816.33521713576,9295.97110430448,1727.44752548863,47.9274781238691,20887.6813058932,,,,,,
7/7/19,5,9739.39525305075,9165.80202764571,1732.39963966455,47.8071792592619,20685.4043591229,,,,,,
7/7/19,6,9777.55642478733,9168.52214981663,1747.01759788022,49.0534133860307,20742.1492899658,,,,,,
7/7/19,7,9815.11772262456,9061.83177621107,1802.56256278887,48.9807478751124,20728.4918016679,,,,,,
7/7/19,8,10359.0667564165,9158.13506666122,1848.08553143213,53.1856825472382,21418.4703584612,,,,,,
7/7/19,9,10472.0990045217,9281.30297484022,1961.22570238651,59.3260101517611,21773.9517153102,,,,,,
7/7/19,10,10506.8613141879,9482.54439469345,1871.90610042973,66.4349600258185,21927.7449968586,,,,,,
7/7/19,11,10520.0749512794,9484.81921674794,1682.99325709673,72.5239244799929,21760.4114339775,,,,,,
7/7/19,12,10584.2277435211,9910.27449402377,1645.21296184434,78.9991209469492,22218.7130236584,,,,,,
7/7/19,13,10653.4106635245,10093.9698084277,1692.33887990099,84.1170810065415,22523.8360314894,,,,,,
7/7/19,14,10645.8759003763,10443.0476532842,1635.51693098739,86.0775000774938,22810.5182187257,,,,,,
7/7/19,15,10740.4245269824,11031.03343713,1644.86850094478,89.3891507088266,23505.7199769784,,,,,,
7/7/19,16,11131.4736190509,11612.0295328061,1771.85630334634,92.0247049660278,24607.3825333819,,,,,,
7/7/19,17,11910.8606982854,12132.9510177127,1933.71364735564,92.404040445489,26069.9293388501,,,,,,
7/7/19,18,12695.4062829918,12664.1710600843,2146.80784372079,92.1348507308763,27598.5219532694,,,,,,
7/7/19,19,13294.7280353547,12929.1405917999,2310.91808325228,89.20607361291,28623.9948831752,,,,,,
7/7/19,20,13425.063975767,12706.1903748611,2409.41429658175,83.6862047354432,28624.3569271836,,,,,,
7/7/19,21,13300.8592817842,12775.7652134963,2496.36383587292,78.50222519616,28651.4902995818,,,,,,
7/7/19,22,13010.7887666154,12472.9853932238,2430.9128289915,72.6656743531231,27987.3518197624,,,,,,
7/7/19,23,12058.6413482993,11532.6485984229,2242.89674339326,65.2702638537735,25899.4578572359,,,,,,
7/7/19,24,11070.3150785815,10602.1722159832,2055.95704255549,57.8154328268805,23786.2591317132,,,,,,
7/8/19,1,10338.0387019349,9993.87162208514,1951.55370601198,52.0020603106457,22335.4659505254,,,,,,
7/8/19,2,9889.81063327991,9536.45016411282,1857.75168063676,48.9762652740657,21332.9893082278,,,,,,
7/8/19,3,9623.69334101619,9308.1832047804,1803.14158299929,47.9331458709769,20782.9510028052,,,,,,
7/8/19,4,9641.17594458999,9196.36999848312,1816.14901816529,47.3614006064667,20701.0564776504,,,,,,
7/8/19,5,10022.383024546,9434.75857156678,1832.56217632854,48.380677027496,21338.0857922766,,,,,,
7/8/19,6,10293.5041329009,9940.96731454788,1966.03237739966,49.9652304849732,22250.4685604031,,,,,,
7/8/19,7,10908.3226100501,10527.0831809387,2086.17857048868,51.9636515141066,23573.5453757526,,,,,,
7/8/19,8,11456.5544160989,11176.4388952151,2240.8617990851,56.414547164625,24930.2646935645,,,,,,
7/8/19,9,11947.3991847829,11561.8677404108,2352.23297900054,62.0765316002508,25923.571990618,,,,,,
7/8/19,10,12168.6398438653,11798.7562165845,2278.54218078694,67.4607124706885,26313.3978159769,,,,,,
7/8/19,11,12065.6838427745,11930.4638226123,2127.06866274984,72.4752944078903,26195.690185321,,,,,,
7/8/19,12,12044.2418321177,12068.2844848585,2021.08488610207,77.6679473889524,26211.278253091,,,,,,
7/8/19,13,11952.5679528543,12169.9222676428,1976.22252941954,82.5254014847955,26181.2371757591,,,,,,
7/8/19,14,11896.1044991148,12389.1516157751,1952.13557062824,87.0305505965086,26324.4225361489,,,,,,
7/8/19,15,12115.509850796,12715.9124362552,2029.63927096624,92.3692823434564,26953.4301589013,,,,,,
7/8/19,16,12225.5840005069,13097.5756644361,2134.00208715214,96.0766789622161,27553.2379994768,,,,,,
7/8/19,17,12699.6819009711,13493.3728219612,2251.16492004079,97.3397060010083,28541.5595954858,,,,,,
7/8/19,18,13316.1854637577,13791.9952495615,2417.81347237971,97.4899840523645,29623.4852215965,,,,,,
7/8/19,19,13771.9255321861,13791.2542585031,2508.30859469254,96.6492700609516,30168.1422837817,,,,,,
7/8/19,20,13886.0914419219,13564.2483155284,2563.8360023675,90.5195654228809,30104.6995110047,,,,,,
7/8/19,21,13878.6771050494,13556.1616405665,2643.17613113122,82.3076639551814,30160.3210448778,,,,,,
7/8/19,22,13560.223958689,13233.4818570633,2554.49381977002,74.6714681532838,29422.8699363486,,,,,,
7/8/19,23,12513.2534368809,12243.0946629153,2352.78895341402,66.7908176272113,27175.9278134678,,,,,,
7/8/19,24,11538.7304245224,11247.3737685768,2160.2486811469,59.9562832667908,25006.3092960073,,,,,,
7/9/19,1,10841.9864101731,10609.8292074817,2019.83007019178,53.6049640081653,23525.2500990091,,,,,,
7/9/19,2,10362.5721357506,10089.9311900795,1955.46669559234,50.1882289783101,22458.1589720469,,,,,,
7/9/19,3,10011.8460573667,9784.81629998098,1884.82495817068,48.6733650789522,21730.1605793961,,,,,,
7/9/19,4,9883.19744678645,9623.66927598728,1814.86281459283,47.4553313374543,21369.1853806807,,,,,,
7/9/19,5,10079.8193404629,9822.13222171874,1855.58180126996,48.0551462867621,21805.5902044968,,,,,,
7/9/19,6,10561.7146167218,10343.9368414769,1960.86617780441,49.1615023540308,22915.6799461992,,,,,,
7/9/19,7,11155.6857071752,10847.9434330783,2084.27048452511,52.877782746031,24140.7759592589,,,,,,
7/9/19,8,11659.9768181355,11350.7990444043,2210.15833344149,57.619586440958,25278.5502415999,,,,,,
7/9/19,9,12009.8814126658,11699.311441587,2192.33114452073,61.7470756471784,25963.2688651569,,,,,,
7/9/19,10,11880.4191267137,11936.5184660638,2151.39535271163,67.9712033106935,26036.3027394586,,,,,,
7/9/19,11,11719.0941644209,12205.680118521,2126.37896106845,75.3077156583451,26126.460955789,,,,,,
7/9/19,12,11642.9502022728,12620.5075148399,2133.58534860335,81.4183701122075,26478.4615131583,,,,,,
7/9/19,13,11621.0802894792,13154.128391972,2075.51077655281,87.9875738968898,26938.7080111885,,,,,,
7/9/19,14,12011.5913613217,13718.555215003,2126.27850422303,92.6062862061476,27949.0321414117,,,,,,
7/9/19,15,12209.0097661825,14330.3736018901,2213.58567702423,97.3500393242783,28850.3184689767,,,,,,
7/9/19,16,12690.5862469676,14944.3691119585,2363.41497925751,101.351001646835,30099.7208675744,,,,,,
7/9/19,17,13298.8584526465,15413.1694219269,2474.373418476,102.744341845792,31289.1464285791,,,,,,
7/9/19,18,13973.1233047574,15601.4212091308,2644.0216848384,101.34093384931,32319.9089683252,,,,,,
7/9/19,19,14389.112163851,15396.6988451125,2704.83758368458,98.4713086418535,32589.1215294282,,,,,,
7/9/19,20,14512.9650966098,14883.2503567611,2706.46213062014,92.7011071034753,32195.3828177687,,,,,,
7/9/19,21,14462.0933946301,14624.5517915422,2757.4017262704,85.6842654559921,31929.7311370929,,,,,,
7/9/19,22,14077.1112823448,14024.5097359935,2670.51022578222,77.8759006431922,30850.0062646371,,,,,,
7/9/19,23,13021.0094680014,12973.2232417414,2437.17223707478,68.4353007628377,28499.8402723401,,,,,,
7/9/19,24,12008.7791399733,11836.1902691877,2204.85645120916,60.2589118110335,26110.0834185766,,,,,,
7/10/19,1,11278.1759085044,10969.3567403918,2062.54487166319,55.2284585248895,24365.3066139023,,,,,,
7/10/19,2,10786.2694031923,10463.1476739994,1957.60371192445,50.5876611466752,23257.6089566741,,,,,,
7/10/19,3,10507.1167354144,10104.496913166,1886.36306910295,47.0383746031008,22545.0158413596,,,,,,
7/10/19,4,10366.0756786893,9896.097401549,1881.71307074456,46.0563261943383,22189.9427666766,,,,,,
7/10/19,5,10481.5724467138,9997.78077092368,1878.22631267457,48.3664368462016,22405.9459270997,,,,,,
7/10/19,6,10998.2133180478,10440.4658748551,1989.56846750731,50.6409604156287,23478.8885751263,,,,,,
7/10/19,7,11614.754598631,10973.6186280649,2105.87708691151,52.8762764276796,24747.1225554079,,,,,,
7/10/19,8,12134.2225790642,11559.9054069935,2220.92791068878,56.9727478336709,25972.0238854325,,,,,,
7/10/19,9,12376.8933237553,12011.0091135814,2276.18541873219,61.7134582926883,26725.798393183,,,,,,
7/10/19,10,12509.1649325926,12542.6943208065,2175.1449986495,68.0901948248975,27295.0943096847,,,,,,
7/10/19,11,12410.4585615067,12930.594838392,2146.89670988464,76.8742996262061,27564.8247792463,,,,,,
7/10/19,12,12672.2533473014,13472.6551695298,2179.75711969338,85.7629554641048,28410.4277963754,,,,,,
7/10/19,13,12852.3386602839,14067.8843558757,2175.99666517222,93.7077423316193,29189.9269381086,,,,,,
7/10/19,14,12966.560843969,14795.5028681084,2237.64030924943,101.067064336063,30100.7700158197,,,,,,
7/10/19,15,13194.2271884622,15489.5953718222,2292.99896797406,105.701812705309,31082.5229124819,,,,,,
7/10/19,16,13796.9499602255,16180.7825038071,2410.93326068067,109.29552965486,32497.9611172202,,,,,,
7/10/19,17,14519.5341000608,16591.0942494002,2545.02638124996,111.133894122408,33766.7890044216,,,,,,
7/10/19,18,15204.1369231241,16716.227885714,2709.73034196302,111.827415631393,34741.9219067423,,,,,,
7/10/19,19,15653.0011765544,16456.2084169021,2804.57965234557,111.205232203463,35024.9962870357,,,,,,
7/10/19,20,15695.8833728109,15839.2969555692,2805.37712025033,102.668649612297,34443.2287957253,,,,,,
7/10/19,21,15363.854713941,15432.689526986,2832.21404405384,93.7313257702944,33722.4900626052,,,,,,
7/10/19,22,14889.8191825031,14901.1019216338,2741.80982516319,84.567830163993,32617.2982804354,,,,,,
7/10/19,23,13601.6732226755,13669.6506409467,2503.57985790108,73.4250690104507,29848.3302138332,,,,,,
7/10/19,24,12543.7769798896,12520.8008769408,2311.8693991075,65.5654207831048,27442.0129450885,,,,,,
7/11/19,1,11802.5745402888,11650.3756104742,2223.04017889667,58.6701396929951,25734.6605032737,,,,,,
7/11/19,2,11456.216686389,10905.0945538124,2159.7713690652,54.600637028823,24575.6831588765,,,,,,
7/11/19,3,11017.9816421093,10452.9985799174,2048.25328511241,52.1932814574313,23571.4270907109,,,,,,
7/11/19,4,10791.8087436122,10168.3790261497,1942.42979600776,50.7649190033185,22953.3825840027,,,,,,
7/11/19,5,10921.165751204,10232.6571843858,1941.62874653701,50.8197601230925,23146.2710415329,,,,,,
7/11/19,6,11382.2809228895,10647.7096760728,2039.62654116592,52.1844725135867,24121.8017366377,,,,,,
7/11/19,7,11985.7830531914,11096.8382241306,2139.40150844669,54.8993531081075,25276.9213075464,,,,,,
7/11/19,8,12756.4165605609,11633.8023047356,2305.59646129282,60.2379937998178,26756.052807956,,,,,,
7/11/19,9,12930.3910424327,12133.4773095962,2300.0010752622,66.4211345237339,27430.2907887881,,,,,,
7/11/19,10,13015.4765576133,12655.0042868167,2227.95677839633,74.0879305455913,27972.5253641643,,,,,,
7/11/19,11,13157.5955160556,13440.8388961799,2227.14068388737,83.337571949937,28908.9127242487,,,,,,
7/11/19,12,13162.2083631782,14195.4705896571,2241.74066593921,93.2453733538675,29692.6642693768,,,,,,
7/11/19,13,13293.5783292082,15017.7684131602,2242.81922744062,100.970912096364,30655.135881449,,,,,,
7/11/19,14,13694.5020992172,15929.5676237642,2309.10238095244,107.030438923312,32040.2013736314,,,,,,
7/11/19,15,14241.8754247352,16746.6494590456,2423.80357054917,110.000551236082,33522.3281855424,,,,,,
7/11/19,16,14860.0649348733,17428.5319565645,2555.08721179413,113.414362361109,34957.0980470133,,,,,,
7/11/19,17,15453.1613199774,17761.2281950037,2639.15859164068,114.803990999486,35968.3518167134,,,,,,
7/11/19,18,16153.4718007244,17850.0530328582,2776.1482774776,115.229881944238,36894.9025511744,,,,,,
7/11/19,19,16445.1996777605,17743.9957640433,2848.35493600735,104.632813380969,37142.1822667164,,,,,,
7/11/19,20,16350.7559098297,17058.7614009009,2824.33492315815,99.0453292260821,36332.8983893712,,,,,,
7/11/19,21,15820.6672538972,16434.8981453157,2855.82801068446,97.8849062104056,35209.2782482946,,,,,,
7/11/19,22,15216.3140833351,15544.1247860468,2767.93436002663,87.6217943391256,33615.9956431544,,,,,,
7/11/19,23,14036.8666897431,14395.7218162129,2539.04870727038,71.7097756868257,31043.3488014086,,,,,,
7/11/19,24,13259.8793327442,13160.1599990364,2311.06070558331,67.8886695728153,28798.9896703254,,,,,,
7/12/19,1,12375.1580314114,12191.7119024542,2140.30028669796,61.0948362764324,26768.264899636,,,,,,
7/12/19,2,11712.3778311288,11349.4884725316,2029.33394595604,56.7108227163294,25147.9111874948,,,,,,
7/12/19,3,11289.0156743113,10757.5815769613,1983.93674931105,54.0348207084446,24084.5691284318,,,,,,
7/12/19,4,11034.7155052831,10560.994986943,1915.14281187596,52.8011191460747,23563.65476829,,,,,,
7/12/19,5,10927.0411728152,10640.9688507699,1892.12016637541,52.645619021641,23512.7761300898,,,,,,
7/12/19,6,11373.329862796,10876.6277551421,1981.76943913674,53.9764487297767,24285.7024084229,,,,,,
7/12/19,7,11977.3103154456,11287.5462988355,2085.07398200291,56.3123174239789,25406.2414908137,,,,,,
7/12/19,8,12485.563186242,11915.0914244794,2271.1877681579,60.7535648641117,26732.5949948984,,,,,,
7/12/19,9,12606.948716562,12533.8883962857,2440.61470846791,66.8258324662784,27648.2771922321,,,,,,
7/12/19,10,12600.3588285246,13177.8042294957,2253.84379117988,75.6414162174902,28107.6475379332,,,,,,
7/12/19,11,12686.6103790972,14002.4993162738,2269.11487503091,85.0438696474538,29043.2680183118,,,,,,
7/12/19,12,12887.630567442,14884.9147179042,2261.72321792748,93.5139571954421,30127.7815363919,,,,,,
7/12/19,13,13016.5246553156,15783.5440805525,2301.70828527037,101.318734220372,31203.0951644451,,,,,,
7/12/19,14,13706.1356036237,16836.2884932038,2394.26020410752,109.035434893841,33045.719544364,,,,,,
7/12/19,15,14460.912853055,17689.2470424756,2488.57491891002,112.677564799015,34751.4117484329,,,,,,
7/12/19,16,15185.5472069979,18287.9223350319,2604.07412159902,113.232106219323,36190.7753768567,,,,,,
7/12/19,17,15951.2268500574,18593.0932093411,2689.04868231573,114.569514009654,37347.9381285376,,,,,,
7/12/19,18,16523.0279107104,18768.8382529347,2828.86699603984,113.950126381867,38234.6827714597,,,,,,
7/12/19,19,16814.5657775573,18369.9493049781,2862.60129186135,112.862672551109,38159.9795005794,,,,,,
7/12/19,20,16715.7252602215,17572.5179045567,2836.17893191706,106.029629852675,37230.4521168435,,,,,,
7/12/19,21,16241.1849138964,16923.7165522936,2860.2216008812,98.4892912434423,36123.6128051112,,,,,,
7/12/19,22,15629.1074554824,16184.3735335128,2788.44218474573,90.5739556112238,34692.4982004235,,,,,,
7/12/19,23,14356.6317907532,14886.4642936555,2563.29848554716,81.1384221154414,31887.5341415599,,,,,,
7/12/19,24,13393.6021395543,13626.166383989,2353.33945405559,71.9013315482696,29445.0101895178,,,,,,
7/13/19,1,12491.1550312524,12548.6943269564,2198.77664707263,64.3885758814077,27303.0146303844,,,,,,
7/13/19,2,11753.4538577972,11612.854051904,2070.00246556024,58.9318705658114,25495.2425885989,,,,,,
7/13/19,3,11227.3826459542,11152.0783719644,2009.67627398961,56.2506736458644,24445.3883917213,,,,,,
7/13/19,4,10870.3814559558,10685.2846358307,1948.18823002739,53.667227714845,23557.5219922484,,,,,,
7/13/19,5,10618.1132753919,10449.6128272303,1931.52649920011,53.0902659220453,23052.3426179744,,,,,,
7/13/19,6,10717.8657288496,10494.8926740512,1917.43144601684,53.1228276045296,23183.3127977057,,,,,,
7/13/19,7,11010.7038642041,10493.0232568666,1944.96402278181,55.1553515143443,23503.8465038282,,,,,,
7/13/19,8,11420.8400289398,10822.1399598092,2012.88379095726,60.9352189335346,24316.7981853473,,,,,,
7/13/19,9,11573.8335582437,11375.8097220009,2085.67262552626,70.4013498957312,25105.716165245,,,,,,
7/13/19,10,11689.5839288632,12097.7313100195,2057.93638592867,80.5322934215858,25925.7835283558,,,,,,
7/13/19,11,11908.7474013649,12850.9383392323,1951.62052524056,90.5878923770216,26801.8934628364,,,,,,
7/13/19,12,12272.3012601311,13597.0764386746,1933.98145556214,98.9569833260729,27902.3154269574,,,,,,
7/13/19,13,12368.5539871528,14448.2700848633,2007.68761279801,104.188609534119,28928.6998523628,,,,,,
7/13/19,14,12978.0163334969,15331.5424852225,2051.19261657473,109.453366333517,30470.2038829796,,,,,,
7/13/19,15,13660.925463921,16147.6923238366,2135.14489513262,112.381941798595,32056.1442369368,,,,,,
7/13/19,16,14435.4955750891,16745.6339083292,2273.69148353972,115.73702368445,33570.5568079564,,,,,,
7/13/19,17,15278.5515599289,17198.2549863489,2404.96846932389,117.552523652547,34999.3267392423,,,,,,
7/13/19,18,16028.4503703362,17407.943015053,2592.59515302644,118.981649535684,36147.9700855421,,,,,,
7/13/19,19,16451.6966796007,17268.9452377816,2721.196456961,116.768381426962,36558.607887966,,,,,,
7/13/19,20,16455.7554398836,16643.4526099944,2706.66596966808,109.502806119574,35915.3779218125,,,,,,
7/13/19,21,15923.2723088846,16098.6297605303,2752.02750358777,100.090756364353,34874.0209805958,,,,,,
7/13/19,22,15323.9402116054,15344.2328108033,2622.50506048501,91.5588732778736,33382.23851602,,,,,,
7/13/19,23,14190.9090082192,14184.9611577826,2450.41583749194,83.7771522421007,30910.0636921857,,,,,,
7/13/19,24,13099.9587614204,13003.4610131672,2222.94903622666,74.2050764530362,28400.5757663535,,,,,,
7/14/19,1,12191.6960521312,12046.3697769173,2089.14957372435,67.0300343722138,26394.2466413559,,,,,,
7/14/19,2,11429.0666494838,11329.2432644572,1975.11888760375,62.5824161694471,24796.0119336564,,,,,,
7/14/19,3,10857.1108252296,10817.0758517546,1901.51021660675,59.4598741393384,23635.1576685974,,,,,,
7/14/19,4,10505.9352722728,10278.1672670206,1880.67416438584,55.9424245557337,22720.7192046496,,,,,,
7/14/19,5,10293.1538143668,10109.3385772747,1826.04285462901,54.3655932802217,22282.9002900135,,,,,,
7/14/19,6,10251.8035206255,9901.31423821984,1846.08946314936,53.152408926491,22052.3599528296,,,,,,
7/14/19,7,10270.8951922554,9747.370712083,1850.63740251403,54.4339444910921,21923.3372427379,,,,,,
7/14/19,8,10579.5807965052,10100.3045097617,1882.4617952429,60.639884812902,22622.986501254,,,,,,
7/14/19,9,10713.4965758237,10486.7070852215,1890.40522494217,68.9952242562787,23159.6031918134,,,,,,
7/14/19,10,10815.1809399905,11188.3728319599,1889.81577723492,77.6501274205016,23971.0186749214,,,,,,
7/14/19,11,11010.2630451871,12044.2943535396,1903.79217597892,86.0112651359806,25044.3600460742,,,,,,
7/14/19,12,11077.324965998,13032.4160462729,1925.74396356058,92.7420321995691,26128.2265772633,,,,,,
7/14/19,13,11448.0343800147,14022.6109829783,1980.27596204712,100.75535008693,27551.6763312506,,,,,,
7/14/19,14,12033.151004955,14933.9430167396,2055.18676276501,106.560136268105,29128.8402116042,,,,,,
7/14/19,15,12641.5558124767,15898.7089666954,2134.9687222681,109.649174031901,30784.8819411396,,,,,,
7/14/19,16,13350.9438940814,16554.8259473849,2257.97026389637,112.924024541895,32276.6633004438,,,,,,
7/14/19,17,14210.6671436676,17057.6509601495,2399.17279214673,114.965754071433,33782.4559477711,,,,,,
7/14/19,18,15062.4220989292,17330.2185724422,2568.43602767058,116.37179486578,35077.4484353119,,,,,,
7/14/19,19,15696.3470904894,17245.5866593237,2686.47890917945,115.454038006958,35743.8662300591,,,,,,
7/14/19,20,15804.281821748,16598.0489050665,2717.27173766092,108.276771924484,35227.8802069384,,,,,,
7/14/19,21,15405.3766843511,15998.4376179485,2751.62921174027,98.7459215213461,34254.1903498102,,,,,,
7/14/19,22,14911.635612156,15111.7659476109,2629.31507474913,90.2526891170445,32742.9701990281,,,,,,
7/14/19,23,13699.8556338074,13842.8362600327,2428.62466273408,80.0613640144251,30051.3789416144,,,,,,
7/14/19,24,12493.4481355841,12596.1192189971,2227.50218181952,69.2659057402262,27386.3360233381,,,,,,
7/15/19,1,11589.6110786591,11645.5246514313,2120.27581720257,63.5675096149717,25418.9795787853,,,,,,
7/15/19,2,11004.2330100011,11010.1883796817,2025.16726088607,58.7957664692688,24098.3847395685,,,,,,
7/15/19,3,10586.906456792,10555.6395113183,1951.08792164509,55.7270641571578,23149.3610271099,,,,,,
7/15/19,4,10405.7285668696,10307.3875532264,1914.81451725701,53.828269518495,22681.7587775052,,,,,,
7/15/19,5,10488.3599038563,10427.6581263168,1916.36439124683,53.2560673079077,22885.6382294276,,,,,,
7/15/19,6,10995.1542655036,10849.534753592,2034.13799972703,52.9155664589949,23931.7419187704,,,,,,
7/15/19,7,11690.7927948833,11401.1944602299,2170.1157473102,56.549719276954,25318.6525186937,,,,,,
7/15/19,8,12504.3714207996,12004.1311367957,2283.24383854803,62.9087485088314,26854.6541965378,,,,,,
7/15/19,9,12996.0571112058,12618.2346786482,2294.48561741007,71.4167905977194,27980.1931109649,,,,,,
7/15/19,10,13091.6483509172,13322.3606731586,2291.96032668254,79.155598430987,28785.1241399511,,,,,,
7/15/19,11,13377.0894127206,14209.2270747199,2336.46000964873,87.4175982780464,30010.1930901613,,,,,,
7/15/19,12,13503.0657041253,15182.9620130638,2444.19494433736,93.2186915562029,31223.4404356828,,,,,,
7/15/19,13,13865.635041647,16237.0073859586,2533.33550562738,98.9146053630082,32734.8915499,,,,,,
7/15/19,14,14472.9655784107,17214.7993677486,2614.92159626853,104.663080978744,34407.3495485671,,,,,,
7/15/19,15,15114.3527197408,18083.8380650432,2738.76395946612,110.5807875866,36047.5350520325,,,,,,
7/15/19,16,15794.1399792482,18720.6088117512,2857.72700091604,113.303540574005,37485.7791879236,,,,,,
7/15/19,17,16514.2820047895,19118.2336876283,2994.90314181758,114.697535176878,38742.1152969063,,,,,,
7/15/19,18,17082.3836451976,19198.0495607703,3151.64563660523,113.78699489054,39545.8659087865,,,,,,
7/15/19,19,17415.8512975985,18952.7382445837,3185.62624432922,111.569132508353,39665.7852048541,,,,,,
7/15/19,20,17186.0535275453,18174.5785596394,3118.94665261837,105.32350251262,38584.9032662831,,,,,,
7/15/19,21,16559.5226997443,17456.1693247723,3114.99007960611,95.708702784537,37226.3910640925,,,,,,
7/15/19,22,15854.2114826066,16556.1377072209,2979.37254382936,85.4453704037687,35475.1675796546,,,,,,
7/15/19,23,14440.7287672027,15029.1829030013,2703.86973499212,75.2387066400038,32249.0218933604,,,,,,
7/15/19,24,13107.6880253568,13530.9070913615,2425.51465755491,66.4311514339793,29130.5414287085,,,,,,
7/16/19,1,12187.3195449028,12399.4518232446,2232.50271095408,60.5578806635072,26879.8324240691,,,,,,
7/16/19,2,11527.6764384669,11590.6958653977,2091.34762328757,56.6465373747292,25266.3674235069,,,,,,
7/16/19,3,11076.2448514598,11054.7693636523,1997.07963609799,54.130214125776,24182.2240458145,,,,,,
7/16/19,4,10868.3106485148,10727.676702248,1978.60366749297,51.9429096175602,23626.5339855699,,,,,,
7/16/19,5,10910.2677277498,10719.3591673087,1962.3066524201,51.9019815204872,23643.8358884056,,,,,,
7/16/19,6,11340.500602489,11148.8039950468,2062.84456733785,52.8692918142049,24605.0183930513,,,,,,
7/16/19,7,11942.3629849617,11544.8548045304,2178.40178470034,55.3693904694105,25720.9877951547,,,,,,
7/16/19,8,12604.8312482044,12091.6063627206,2296.90801827778,60.7604945680111,27054.1060201472,,,,,,
7/16/19,9,13136.0979435916,12826.8136371197,2365.84022475667,66.5701053852727,28395.3208454837,,,,,,
7/16/19,10,13126.6060670164,13560.3908129111,2313.15311186693,74.0189103822046,29074.1691423881,,,,,,
7/16/19,11,13325.867336177,14448.8508724917,2331.18073970543,81.6635798835048,30187.5622948586,,,,,,
7/16/19,12,13270.5198045188,15165.6279983256,2318.19261878131,89.5256083250362,30843.8674490985,,,,,,
7/16/19,13,13489.3318751882,16008.3939030423,2377.4015866149,95.6678085352912,31970.7957151771,,,,,,
7/16/19,14,14050.8011720108,16976.770041474,2450.99269252366,100.830799784417,33579.3941425944,,,,,,
7/16/19,15,14637.6779871168,17746.8579002152,2509.28171276589,105.577763929956,34999.3953115737,,,,,,
7/16/19,16,15236.3383833483,18297.6624664103,2613.03767614697,107.792630497385,36254.8304945331,,,,,,
7/16/19,17,15984.9350226123,18498.1408040533,2721.05694858919,109.481911376157,37313.6139193247,,,,,,
7/16/19,18,16483.7356557084,18453.5128784253,2849.59580094393,109.530401337918,37896.3760549989,,,,,,
7/16/19,19,16710.7072217676,18109.2245328929,2879.86789528299,107.634450864501,37807.4342967012,,,,,,
7/16/19,20,16520.8172550888,17331.4046513985,2836.13357907171,101.773927600769,36790.1309976407,,,,,,
7/16/19,21,16073.0300815568,16723.8365254207,2857.39907245409,94.2688268148615,35748.5344462636,,,,,,
7/16/19,22,15363.2795448595,15902.6520271608,2742.43945878405,86.0303316008053,34094.4017267081,,,,,,
7/16/19,23,13997.9599107257,14489.1751617288,2494.62516759848,74.6713202003303,31056.4325129839,,,,,,
7/16/19,24,12838.1352052391,13197.7844289412,2269.45267280687,66.3968222815227,28371.7701787404,,,,,,
7/17/19,1,11988.6217121093,12170.2050498607,2116.18320256553,60.9577609998679,26335.9682332839,,,,,,
7/17/19,2,11350.0089695207,11414.3261700769,2014.9684379353,57.328420921176,24836.6323776721,,,,,,
7/17/19,3,10904.1299926576,10888.8964193337,1952.07303378865,54.7520358982503,23799.8515516115,,,,,,
7/17/19,4,10718.9043427731,10622.4917577451,1898.21967779843,53.3102666383093,23292.9261594546,,,,,,
7/17/19,5,10800.365825219,10639.211545504,1923.14220114801,53.339096188373,23416.0585237425,,,,,,
7/17/19,6,11237.3028147567,11099.3814054543,2038.44911405521,54.7549996208134,24429.888116584,,,,,,
7/17/19,7,11811.7524010366,11584.6115195856,2152.82945940594,57.7295410353444,25606.9225033828,,,,,,
7/17/19,8,12360.5177571865,12105.1527972966,2267.0645366248,63.3673571160335,26796.1013043763,,,,,,
7/17/19,9,12670.3225902064,12639.3794128087,2312.53009188555,69.6721306378315,27691.9040836215,,,,,,
7/17/19,10,12682.537234955,13172.1318578464,2265.24145279715,75.2483532315966,28195.159107947,,,,,,
7/17/19,11,12761.9616423118,13877.7791335474,2218.55961172251,82.3786392242229,28940.6787689077,,,,,,
7/17/19,12,13011.4422579795,14566.534603372,2194.12895720807,88.8807599622062,29860.9867168682,,,,,,
7/17/19,13,13478.6535282647,15204.4454509099,2174.69028348466,93.1741058281787,30950.9632271473,,,,,,
7/17/19,14,13872.4175208193,15867.5452629445,2223.7321481706,96.5976874128791,32060.2919085585,,,,,,
7/17/19,15,14551.0037095765,16487.7968886066,2308.20290115358,99.8196147606763,33446.8227903592,,,,,,
7/17/19,16,15382.0967976771,16994.0970572742,2402.30841832732,103.540669257318,34882.0424575424,,,,,,
7/17/19,17,16244.2121845559,17266.517046694,2490.03938615356,106.398266840201,36107.1661376895,,,,,,
7/17/19,18,16856.3044987669,17266.3053472832,2615.69592973977,106.005460104006,36844.3112534553,,,,,,
7/17/19,19,17303.8531894395,16921.998159523,2690.61446371273,103.998130693576,37020.4643194649,,,,,,
7/17/19,20,17224.9655797595,16196.2007714924,2710.76800245516,97.4489489695442,36229.3844331161,,,,,,
7/17/19,21,16737.2671840629,15766.3304743821,2790.00410684109,90.8378322084078,35384.4402222805,,,,,,
7/17/19,22,16050.7306725048,15114.0810266444,2674.24811278714,81.7716967738907,33920.8320878751,,,,,,
7/17/19,23,14633.9671291404,13913.6985198509,2463.40737502482,72.3592702034648,31083.4332317681,,,,,,
7/17/19,24,13293.4010239413,12670.8520136625,2259.75720636079,63.2617509945087,28287.272746782,,,,,,
7/18/19,1,12239.1849297624,11845.6312866645,2112.51621484778,58.2446506427757,26255.5784561859,,,,,,
7/18/19,2,11481.472693709,11196.5722285314,1994.38516299143,55.6602290759162,24728.0914043079,,,,,,
7/18/19,3,10988.7306992917,10725.3873224101,1913.77864545099,53.7294503155472,23681.6269849754,,,,,,
7/18/19,4,10738.9382878773,10478.6044032326,1876.8342929399,52.1344116337493,23146.5110537936,,,,,,
7/18/19,5,10794.0556741348,10555.8071508738,1911.95809902898,52.4847412777516,23314.3053222616,,,,,,
7/18/19,6,11256.3511816923,11025.7267452534,2020.06371496442,53.5600187364005,24355.7013634205,,,,,,
7/18/19,7,11916.7358601067,11501.1936857564,2140.29384098811,56.137989430098,25614.3610667348,,,,,,
7/18/19,8,12463.5206831151,12014.1404681684,2261.07110685061,61.9774793939867,26800.7088139557,,,,,,
7/18/19,9,12709.6052385025,12528.4225541809,2311.24598371251,68.6103868146469,27617.8845819133,,,,,,
7/18/19,10,12828.1093864413,12950.7212278676,2265.01100873564,75.1672210856154,28119.008619248,,,,,,
7/18/19,11,12983.1848409049,13505.2221625217,2237.64931010434,81.8589368338411,28807.9151570563,,,,,,
7/18/19,12,13229.9329499301,14143.6920016983,2230.61224714815,87.7401688186335,29691.9767591131,,,,,,
7/18/19,13,13515.4921837867,14866.1297728279,2224.86409821751,92.0596527558337,30698.5455621932,,,,,,
7/18/19,14,14012.7463698446,15650.4181145363,2298.58652654299,96.8442121891821,32058.5939668759,,,,,,
7/18/19,15,14532.4864755114,16370.7011112181,2405.35697280061,101.735516571565,33410.2801674628,,,,,,
7/18/19,16,15107.4417042505,16952.8624213871,2522.21056077626,106.410348761907,34688.9235151161,,,,,,
7/18/19,17,15702.9962471936,17306.0088611845,2628.63852465542,108.39044330784,35746.0344906608,,,,,,
7/18/19,18,16233.955517316,17269.0688757192,2761.24319904929,107.126059205621,36371.393339216,,,,,,
7/18/19,19,16584.503584008,16877.8160062282,2794.01403879712,106.224866347095,36362.5585940325,,,,,,
7/18/19,20,16446.7177069378,16233.0734992082,2783.42540042059,99.1819646757965,35562.398730964,,,,,,
7/18/19,21,15966.7685958302,15647.8694668285,2805.92797996287,90.2913711251005,34510.8584184779,,,,,,
7/18/19,22,15288.3877362457,14694.0328318069,2712.8813281738,81.2949945200638,32776.5977437934,,,,,,
7/18/19,23,14020.7237513524,13613.1200646802,2511.90838342129,70.9523559829299,30216.7052283357,,,,,,
7/18/19,24,12815.2964827047,12405.2500601154,2304.49619097298,62.8680815736385,27587.9112646387,,,,,,
7/19/19,1,11886.7572033299,11681.1822543265,2130.86026775288,58.0904162615397,25756.8900860104,,,,,,
7/19/19,2,11253.110451056,10993.0854257382,2018.09547624318,55.2496393731169,24319.5411577199,,,,,,
7/19/19,3,10929.558397902,10507.6070620516,1937.32556596909,51.5444753667509,23426.0350534384,,,,,,
7/19/19,4,10717.3392623611,10190.0401110587,1912.77218229608,49.7401424287157,22869.8912965309,,,,,,
7/19/19,5,10721.6796501703,10232.8109909373,1926.54482028558,50.6332620024126,22931.6679635092,,,,,,
7/19/19,6,11143.5384031564,10742.3637761365,2034.63407905109,53.3743126958743,23973.9100688378,,,,,,
7/19/19,7,11787.1352566947,11234.7178620357,2153.04503735328,55.1311404616339,25230.0288561196,,,,,,
7/19/19,8,12311.2634763105,11682.8538241856,2283.10325993416,60.5603383536212,26337.7801342539,,,,,,
7/19/19,9,12609.2443949263,12136.6283048983,2357.18724646512,67.0071749916702,27170.066412961,,,,,,
7/19/19,10,12835.5349791652,12549.9035354895,2218.36151444736,73.1667128517551,27676.9659956503,,,,,,
7/19/19,11,12877.7234772528,13072.3567400104,2155.01890478601,80.3133784018469,28185.4123906385,,,,,,
7/19/19,12,12738.8026748615,13438.336558762,2086.66153389524,85.9818727944291,28349.7828626235,,,,,,
7/19/19,13,12751.8912519234,13804.0311207081,2068.25643534461,90.2164651944529,28714.3953151903,,,,,,
7/19/19,14,13183.7661175402,14338.9441671387,2115.60817282951,93.8449014702819,29732.1626598851,,,,,,
7/19/19,15,13722.9929794948,14918.5018717412,2199.02720599931,97.1930908136484,30937.7145293109,,,,,,
7/19/19,16,14308.3501544068,15504.4440600851,2316.57346527929,100.570919423616,32229.9391979234,,,,,,
7/19/19,17,14950.338338294,15809.0027361087,2409.32416378037,102.53905659268,33271.203836038,,,,,,
7/19/19,18,15443.6378743142,15994.1839078378,2549.57824794824,103.915827958091,34091.316115867,,,,,,
7/19/19,19,15689.306119269,15655.5644618782,2613.37675247916,101.214347850827,34059.4623048792,,,,,,
7/19/19,20,15621.1082645967,15044.2156749297,2625.47511871839,95.5605175592062,33386.3599300914,,,,,,
7/19/19,21,15206.8810044342,14783.6354990958,2675.97042741505,88.0615960020781,32754.5485405184,,,,,,
7/19/19,22,14653.9566192174,14266.5593424709,2619.42037802909,78.6532993330219,31618.5898372031,,,,,,
7/19/19,23,13581.3021674839,13270.6989050214,2438.91279396893,70.1519805988811,29361.0667242761,,,,,,
7/19/19,24,12513.5169663013,12177.0325302147,2231.9646573569,63.4109831410304,26985.9255604535,,,,,,
7/20/19,1,11627.4592467403,11310.6965174653,2106.26088853124,57.7859306093243,25102.2031164411,,,,,,
7/20/19,2,10961.3204087867,10700.6900582784,1999.37990389164,53.4176010270034,23714.8079157165,,,,,,
7/20/19,3,10501.2694382164,10197.9303023325,1912.60468389277,51.000503686361,22662.8047806699,,,,,,
7/20/19,4,10233.5373604429,9907.53412937133,1865.59718879035,49.5406230845508,22056.2093874703,,,,,,
7/20/19,5,10165.1734339143,9846.63656467606,1861.54957441575,49.1788848245954,21922.5384672112,,,,,,
7/20/19,6,10391.507960104,9979.88068611492,1903.43170640926,49.610295015806,22324.4299293765,,,,,,
7/20/19,7,10797.8795886077,9996.22000671863,1916.53687277514,51.7394794212089,22762.3754914521,,,,,,
7/20/19,8,11319.2412878077,10153.217016297,1956.26076894156,57.0765859988386,23485.7945107019,,,,,,
7/20/19,9,11658.2835016574,10468.1445311369,1940.08850666755,62.3213060627635,24128.8374740585,,,,,,
7/20/19,10,11670.1930144757,10729.5145914944,1920.52122779904,68.8583623127706,24389.0873170879,,,,,,
7/20/19,11,11676.453851045,11150.046033662,1893.30847207868,76.0251455728934,24795.8332610413,,,,,,
7/20/19,12,11699.8664421885,11620.6800683157,1867.42264561106,82.4732797376356,25270.4422977602,,,,,,
7/20/19,13,11787.6372628974,12103.5241565801,1827.72812119801,88.7440528756058,25807.6334180772,,,,,,
7/20/19,14,11824.4509468112,12681.5377037415,1848.36250302749,94.5086681290206,26448.8595862829,,,,,,
7/20/19,15,12225.9855413117,13319.8694164111,1935.89774407027,98.5496037978854,27580.3016908296,,,,,,
7/20/19,16,12655.8132899905,14047.9734935072,2076.62199623783,101.542766794821,28881.949871663,,,,,,
7/20/19,17,13340.2072294568,14637.453636418,2256.25362560794,104.424170574365,30338.3383022805,,,,,,
7/20/19,18,14089.2522335202,14909.7302742287,2425.3218369419,104.833170631162,31529.1373800852,,,,,,
7/20/19,19,14568.0019174466,14862.3511202919,2575.00839638925,102.978211849151,32108.339957893,,,,,,
7/20/19,20,14562.5966523854,14310.6708972456,2631.75138720556,96.3641348415635,31601.3834195263,,,,,,
7/20/19,21,14350.0017520845,14127.8481563683,2676.87520979835,88.5610092943925,31243.2865660597,,,,,,
7/20/19,22,13979.9940844729,13643.6230628752,2616.38026552508,79.2101698037488,30319.2079555091,,,,,,
7/20/19,23,13124.0164376648,12765.8877573248,2453.89925696749,69.8124674725944,28413.616067385,,,,,,
7/20/19,24,12251.2860904287,11778.074403328,2254.25220127774,62.8595048206248,26346.4724669955,,,,,,
7/21/19,1,11403.6038431056,10978.1216459451,2114.78696490326,57.2359978154403,24553.7489621185,,,,,,
7/21/19,2,10847.1575366694,10466.7479191409,1990.97096661311,51.751713054051,23356.6278616538,,,,,,
7/21/19,3,10604.557697962,9941.37202969236,1907.22042752516,49.2839114538322,22502.4343853734,,,,,,
7/21/19,4,10352.8052658069,9615.43912863084,1857.10805118546,47.3693190845064,21872.7217404872,,,,,,
7/21/19,5,10255.1783200709,9553.32770463844,1851.53066140909,46.8350667160655,21706.8722449223,,,,,,
7/21/19,6,10304.188369876,9560.71028768714,1879.30894108537,47.1706410412062,21791.3781055306,,,,,,
7/21/19,7,10366.3791934028,9385.15530864863,1881.21439679417,48.7021066868493,21681.450856586,,,,,,
7/21/19,8,10838.6594400075,9543.57491955141,1944.80590178663,53.0068354644827,22380.0463388749,,,,,,
7/21/19,9,11206.1837266509,9800.81829989473,1872.31552985361,59.0115642275451,22938.3287044124,,,,,,
7/21/19,10,11002.2383042631,10255.1705365949,1840.18438058974,66.5193257713866,23164.1112493895,,,,,,
7/21/19,11,10951.7059595754,10913.3127084556,1889.94370328963,75.6435670690804,23830.6052816808,,,,,,
7/21/19,12,10926.8067614831,11579.5732139151,1900.9307896126,84.8543183677344,24492.165022923,,,,,,
7/21/19,13,11046.5486270516,12527.9373405503,1928.85047125968,92.2380029124866,25595.5737982352,,,,,,
7/21/19,14,11550.7937768495,13530.9536871974,2000.0024109351,98.5190038477849,27180.2684965497,,,,,,
7/21/19,15,12313.8778416952,14586.2389244032,2125.99424096457,104.260202582981,29130.3706522851,,,,,,
7/21/19,16,13106.627417732,15530.2259615274,2277.81115284167,109.972944871176,31024.636479027,,,,,,
7/21/19,17,13955.0456491871,16305.5385569898,2451.60024847428,112.903720421512,32825.0868930927,,,,,,
7/21/19,18,14783.7253566512,16820.1488131421,2632.44088677393,114.143370503935,34350.4586487377,,,,,,
7/21/19,19,15416.8228691468,16732.2954728945,2762.15121578385,112.32447465963,35023.5943205864,,,,,,
7/21/19,20,15567.9563479783,16067.3390595054,2786.72963622291,106.410040330567,34528.436498859,,,,,,
7/21/19,21,15434.3981565622,15533.2636892925,2823.97203212663,97.6880919074269,33889.3224394029,,,,,,
7/21/19,22,14989.0658877791,14896.4204063836,2739.24934943995,86.4726189029162,32711.2090669068,,,,,,
7/21/19,23,13596.2759111146,13636.7614574118,2502.3637548488,76.4396637228594,29811.841387283,,,,,,
7/21/19,24,12493.3550857212,12458.729814562,2274.32566355813,68.066759584172,27294.4776562263,,,,,,
7/22/19,1,11601.3115183271,11546.8572377643,2140.21074482254,60.9742112776975,25349.3550748071,,,,,,
7/22/19,2,10963.7896090689,10866.7736224907,2041.01166768666,55.9754370899791,23927.5502481709,,,,,,
7/22/19,3,10575.449842206,10424.2026519426,2025.12719192159,54.1095307399302,23078.8891280505,,,,,,
7/22/19,4,10427.7059930885,10267.4128439636,1984.28291316393,51.0717702065747,22730.4730604416,,,,,,
7/22/19,5,10510.0822187885,10422.6168466183,1986.20681357925,51.493059313906,22970.3991493244,,,,,,
7/22/19,6,10976.4429544461,10955.4147331561,2117.03078672464,54.1469521133663,24103.0357075451,,,,,,
7/22/19,7,11703.5082014499,11450.1300385376,2264.27226129163,55.9721752440029,25473.8814016018,,,,,,
7/22/19,8,12403.0525415912,12185.0373350533,2405.05048109347,61.0299808610432,27054.1695694773,,,,,,
7/22/19,9,12740.1747341041,12767.0714388634,2522.58878083614,67.9742128772781,28097.8087317825,,,,,,
7/22/19,10,12920.0502643059,13333.1007183314,2570.41837048012,79.0613405376438,28902.6298248971,,,,,,
7/22/19,11,13216.1144565901,13918.6674875281,2540.81514096909,91.0626735095549,29766.6587073457,,,,,,
7/22/19,12,13612.1103720514,14710.144520606,2419.66067067669,98.5772190306066,30840.4927899795,,,,,,
7/22/19,13,14247.2380123209,15286.9867377353,2405.86742861027,109.301606577789,32049.3920136461,,,,,,
7/22/19,14,15102.2279304129,16295.928361722,2531.73933759905,116.926999234959,34046.8212630023,,,,,,
7/22/19,15,15788.5001505475,17495.8322400359,2730.83641044226,120.974718916736,36136.1419704313,,,,,,
7/22/19,16,16634.3338892795,18249.0064784101,2946.24110562404,122.248006598748,37951.8284045862,,,,,,
7/22/19,17,17480.2695728216,18781.966201182,3087.31793553484,122.92673907518,39472.4797202091,,,,,,
7/22/19,18,18042.6022619182,18896.7212525201,3152.90744098109,121.296450836509,40213.527180801,,,,,,
7/22/19,19,18433.4206026109,18416.6500054834,3070.20985771456,116.896358062718,40037.1767873812,,,,,,
7/22/19,20,18259.9027300882,17778.6583575087,3015.58120971997,110.121877715648,39164.2645757564,,,,,,
7/22/19,21,17642.3964531091,17450.6328378341,3068.36782366267,104.508235755028,38265.9051226136,,,,,,
7/22/19,22,16793.8343839482,16763.07525399,2953.24261474234,96.5195546920002,36606.6728011852,,,,,,
7/22/19,23,15177.8398389748,15498.2713196245,2707.25288257326,87.3622467585521,33470.7277477035,,,,,,
7/22/19,24,13779.0029900981,14070.9395337226,2474.21978074593,80.5602371357923,30404.7234273691,,,,,,
7/23/19,1,12741.537911776,13003.9654949449,2361.57589595972,74.9794305165616,28182.0593574247,,,,,,
7/23/19,2,12016.0186116344,12222.9026345218,2218.91708861917,71.5583403669593,26529.3969229341,,,,,,
7/23/19,3,11495.5294513709,11723.8760369046,2144.83700759574,68.8870345010858,25433.1303223645,,,,,,
7/23/19,4,11176.7638898115,11451.8750324137,2092.50849911809,68.8655572455072,24790.0128708506,,,,,,
7/23/19,5,11192.8794868687,11556.2085406272,2123.89334019251,69.8278885274642,24942.8092182995,,,,,,
7/23/19,6,11632.5644164315,12060.1716849584,2247.84371257591,71.7245008070501,26012.3037170038,,,,,,
7/23/19,7,12274.8085309339,12721.5929046145,2377.803841894,73.5286317218396,27447.7331451584,,,,,,
7/23/19,8,12812.5897201892,13361.2479988432,2559.46770197264,76.4896318346584,28809.7940170123,,,,,,
7/23/19,9,13068.0636182635,14086.6593284466,2611.64525966207,80.4765908371733,29846.843342792,,,,,,
7/23/19,10,13168.066889673,15027.302121525,2662.27995906835,83.7612729261776,30941.4096245926,,,,,,
7/23/19,11,13439.3976894929,16076.1132958899,2739.11387780203,88.3896777504287,32343.0139384458,,,,,,
7/23/19,12,14185.2794804259,17084.1220108388,2852.99207904689,91.3745188252282,34213.767081064,,,,,,
7/23/19,13,14387.2904668151,18257.7456233826,2961.00660935266,91.9231033229226,35697.9649140748,,,,,,
7/23/19,14,14834.8338102307,19352.9996742496,3134.34175607997,93.1056358004773,37415.2800474475,,,,,,
7/23/19,15,15430.7044540141,20334.8735738179,3301.13546335966,97.0049912614148,39163.7175405518,,,,,,
7/23/19,16,15919.2802426163,21143.2823987074,3452.15860534978,97.8495305481995,40612.5708567231,,,,,,
7/23/19,17,16577.2219953043,21337.8439458359,3486.47669461611,97.8154395668872,41499.3579224371,,,,,,
7/23/19,18,17171.3945323402,21087.631186008,3499.20957962082,100.879661095802,41859.1144568367,,,,,,
7/23/19,19,17505.7563769787,20562.604993244,3472.31789140411,98.5360506880134,41639.215661438,,,,,,
7/23/19,20,17406.9740599102,19808.0580574566,3410.36987691447,94.9164656653263,40720.3192788007,,,,,,
7/23/19,21,16850.2654207289,19151.9558178467,3388.89655444509,90.7299548711384,39481.8498889428,,,,,,
7/23/19,22,16161.230540202,18084.8637991927,3280.58000688851,85.3936024598622,37612.0682663908,,,,,,
7/23/19,23,14817.0222114958,16422.9834812707,2978.69477560098,77.4706507905475,34296.1727065211,,,,,,
7/23/19,24,13542.6711221795,14854.751592575,2678.40206946742,69.1936929251936,31145.0206600938,,,,,,
7/24/19,1,12449.5409618234,13605.6997840662,2533.10030791712,62.9879394216962,28651.330060831,,,,,,
7/24/19,2,12148.256558159,12643.5705199033,2381.81512118398,59.8874925924276,27233.5301488528,,,,,,
7/24/19,3,11622.3201062528,11942.7658011923,2269.8904513295,57.9784881458901,25892.9550771337,,,,,,
7/24/19,4,11306.1870693851,11375.3670896406,2194.32245980163,56.4548890481651,24932.3319953379,,,,,,
7/24/19,5,11328.603462399,11230.8506956146,2217.06640851194,57.1643460239527,24833.6849423616,,,,,,
7/24/19,6,11591.6494651815,11583.2102311683,2336.54668095597,58.7625185233627,25570.1689718236,,,,,,
7/24/19,7,11798.1995367766,11961.2858409578,2433.62168307595,60.5326737683491,26253.637987025,,,,,,
7/24/19,8,12776.7014122022,12866.1103197882,2608.45522622372,63.7017087805233,28314.9673827362,,,,,,
7/24/19,9,12970.1059196386,13924.0802780123,2798.17375763319,70.3681374550499,29762.7281055188,,,,,,
7/24/19,10,13132.7635974105,14993.5537524352,2903.33488519009,79.5084442760347,31109.1607016108,,,,,,
7/24/19,11,13492.5299916162,16313.8032712204,2999.27898094746,89.1680698600455,32894.7803555123,,,,,,
7/24/19,12,14263.4725338115,17737.8865243819,3079.7361927247,99.3708639010284,35180.464965383,,,,,,
7/24/19,13,15063.3099919298,19033.1574391431,3192.05520110209,107.318052504099,37395.8394674768,,,,,,
7/24/19,14,15784.942126932,20124.1642988698,3296.6818153037,111.927606371125,39317.7153953638,,,,,,
7/24/19,15,16267.90235758,20961.3927018835,3429.0389235906,112.74513856436,40771.0788885424,,,,,,
7/24/19,16,17154.1488080709,21355.7839547967,3635.62262123437,114.002425558922,42259.5577026632,,,,,,
7/24/19,17,17936.2905753597,21065.1515055076,3606.61794868824,114.665142361007,42722.7255892058,,,,,,
7/24/19,18,18593.7662144653,20733.6033555422,3583.56873980083,114.512234433111,43025.4506162255,,,,,,
7/24/19,19,18905.3275420519,19877.8185421358,3463.87120522423,110.925021182123,42357.94310467,,,,,,
7/24/19,20,18825.6918810519,19289.8329801348,3384.9650022744,104.961464318497,41605.4518347752,,,,,,
7/24/19,21,18245.145528652,18987.771511671,3416.39638790123,100.140312199839,40749.4545056039,,,,,,
7/24/19,22,17403.9596205754,18092.9573915815,3303.35373211585,91.8370234364466,38892.1100476683,,,,,,
7/24/19,23,15742.5425730027,16593.2576792144,3025.50276360838,82.9663654403581,35444.2716939699,,,,,,
7/24/19,24,14295.7739976813,14992.9850450122,2748.99935668535,75.2088197974118,32112.9680855387,,,,,,
7/25/19,1,13087.7851445951,13802.4824844884,2579.28880760281,69.6422173115356,29539.1985790779,,,,,,
7/25/19,2,12582.2201780533,12909.0718187494,2438.25571135243,65.2089273842696,27994.7571835766,,,,,,
7/25/19,3,12039.8339597995,12210.9168545862,2370.54614323544,61.4418226902733,26682.7385636048,,,,,,
7/25/19,4,11697.6403002871,11779.5063833112,2327.86107887375,59.5093718503993,25864.5179230628,,,,,,
7/25/19,5,11678.8412734884,11713.077512569,2321.23568727812,60.1253434281633,25773.2799501858,,,,,,
7/25/19,6,11976.3016544108,12075.5069482065,2450.06164238264,62.0006045185589,26563.8704020449,,,,,,
7/25/19,7,12591.7422807419,12582.4195302877,2567.16998623388,64.8291447206133,27806.1604019189,,,,,,
7/25/19,8,13078.875851298,13282.9688760207,2727.84401793663,67.001302547018,29156.6883916278,,,,,,
7/25/19,9,13549.3970983953,14044.1110346195,2905.78776037156,70.7334031486038,30570.0283313966,,,,,,
7/25/19,10,13795.6163659466,14623.0753280231,2985.36000082263,73.9752193080068,31478.0265391525,,,,,,
7/25/19,11,14319.8781508317,15215.8325940722,3088.07720133867,75.8357646079772,32699.6229550085,,,,,,
7/25/19,12,14511.2016231661,15942.1103916454,3130.32391136,78.8819649783552,33662.5200215945,,,,,,
7/25/19,13,15160.0226851182,16723.2242014253,3107.78746726392,78.6569016244341,35069.68949565,,,,,,
7/25/19,14,15951.0405456972,17577.3935531483,3272.2191548061,80.3874142810518,36881.0384744818,,,,,,
7/25/19,15,16551.58251699,18534.3186842981,3385.51747804058,87.5846546504964,38559.0027610673,,,,,,
7/25/19,16,17096.8804546574,19512.5418607951,3522.19728084574,94.3867797927211,40226.0053348621,,,,,,
7/25/19,17,17633.9129700075,19960.9326010405,3571.2750657649,97.6338314182698,41263.7544584845,,,,,,
7/25/19,18,18042.9220124188,20060.8102565167,3666.84496422717,99.2738468422838,41869.8518030671,,,,,,
7/25/19,19,18146.0469124624,19551.6961777522,3620.06773851509,100.257265605583,41418.0681548118,,,,,,
7/25/19,20,17844.1967206429,18807.7933935897,3532.57854572342,95.23668071094,40279.8080869587,,,,,,
7/25/19,21,17369.1253669159,18378.3734890554,3500.27770342671,89.8231871257561,39337.5996485104,,,,,,
7/25/19,22,16555.0241606963,17544.8025437779,3371.40885666321,82.7996707627088,37554.0364768969,,,,,,
7/25/19,23,15134.07587859,16191.4479408232,3070.88262709276,73.8113165399294,34470.2185805459,,,,,,
7/25/19,24,13812.1287490246,14742.9504077124,2769.01473172092,66.7631712600961,31390.8586065347,,,,,,
7/26/19,1,13053.8095529949,13534.2496891818,2589.98580961721,61.3958386743119,29239.442280941,,,,,,
7/26/19,2,12388.8362970738,12625.7968616852,2463.92549087398,58.611124404681,27537.1716305367,,,,,,
7/26/19,3,11906.9810744701,11954.4279857167,2320.19842486106,56.7025081049505,26238.3108474338,,,,,,
7/26/19,4,11597.116821708,11545.2720124874,2241.62424243352,55.5035275692155,25439.5170424912,,,,,,
7/26/19,5,11597.9740989845,11493.068140172,2252.02902189099,55.0177723400694,25398.0891526489,,,,,,
7/26/19,6,11986.8050971971,11889.7477708133,2354.84592155055,56.024256547751,26287.4224625901,,,,,,
7/26/19,7,12662.9466104033,12401.5130838313,2473.59868102806,57.47136812519,27595.529030444,,,,,,
7/26/19,8,13152.9936125747,13128.8313306017,2636.34107350053,64.6347129592221,28982.7993757792,,,,,,
7/26/19,9,13303.5976102862,14092.061978219,2732.5371822732,71.0152086369772,30199.2112573422,,,,,,
7/26/19,10,13435.5989773065,15082.4894878479,2776.00021423741,79.7265317993543,31373.8147768977,,,,,,
7/26/19,11,13663.4582018936,16261.3172481834,2896.79649941282,88.6616899788997,32910.2322759191,,,,,,
7/26/19,12,13943.7406311356,17409.3118816445,3010.75252771444,96.0982663131594,34459.9036828694,,,,,,
7/26/19,13,14403.5749294475,18534.8028171347,3117.3140040403,102.871342845206,36158.5626362732,,,,,,
7/26/19,14,15021.3427204537,19642.5133618279,3219.26406827051,108.772910641264,37991.8923367222,,,,,,
7/26/19,15,15452.717816505,20485.4404860349,3313.36217693098,111.959216222322,39363.4786518051,,,,,,
7/26/19,16,16197.1926607254,21120.2582023379,3446.64387611372,114.991761769205,40879.0859325772,,,,,,
7/26/19,17,16962.0246373387,21336.8265630808,3500.59637973104,115.524614884181,41914.9715225711,,,,,,
7/26/19,18,17484.7337318328,21018.506905537,3585.12594434084,114.872838502501,42203.2405206286,,,,,,
7/26/19,19,17821.6840596269,20354.9758558446,3568.10900661221,112.137097034132,41856.9074410243,,,,,,
7/26/19,20,17642.9820399262,19415.6947220896,3453.29848902952,104.549927223664,40616.525572733,,,,,,
7/26/19,21,17010.4346055273,18616.0681528015,3430.5003548259,97.7196064109559,39154.7232040269,,,,,,
7/26/19,22,16209.6341030815,17653.1914293543,3298.58581706991,90.8079168726784,37252.2205662901,,,,,,
7/26/19,23,14869.8004265659,16213.812139487,3060.5805174192,81.7877066473031,34225.9817877005,,,,,,
7/26/19,24,13638.4465324864,14737.879500909,2770.50810174115,73.0810485618496,31219.9160483859,,,,,,
7/27/19,1,12633.9037348025,13551.5832111698,2567.83974235641,67.1266887419254,28820.4538952271,,,,,,
7/27/19,2,11875.0630793868,12547.8938157749,2390.44907152328,63.1020621364607,26876.5079585986,,,,,,
7/27/19,3,11376.3814719038,11811.9499742579,2255.15724190137,60.6221726208334,25504.1115285384,,,,,,
7/27/19,4,11299.0193108981,11306.8280148458,2164.64335513502,58.3962382492132,24828.8875359018,,,,,,
7/27/19,5,11163.7753137197,11123.9610318609,2130.67961437183,57.2469003140656,24475.6632093507,,,,,,
7/27/19,6,11291.4781028944,11123.7350276655,2154.50147660586,56.5688977864618,24626.2838214819,,,,,,
7/27/19,7,11491.9875430788,11025.7773930681,2162.07704561773,57.692812380737,24737.534609645,,,,,,
7/27/19,8,12153.4218559402,11436.2778887825,2258.4610796803,63.7534410001798,25911.9132119165,,,,,,
7/27/19,9,12403.4595933131,12136.4315192297,2317.29688797316,71.5315769398992,26928.7193214494,,,,,,
7/27/19,10,12591.1355401884,13128.4196848428,2410.40863209803,79.1080895673734,28209.0715000475,,,,,,
7/27/19,11,12872.3712316494,14294.8937184721,2559.6404717969,87.0328414242104,29813.9369202546,,,,,,
7/27/19,12,13033.3396858494,15465.7178749616,2654.44479913791,94.3465598821741,31247.8495188843,,,,,,
7/27/19,13,13660.0678819091,16657.4968586422,2686.06067111784,102.061822668557,33105.6862383531,,,,,,
7/27/19,14,14469.0931744691,17721.2977764313,2793.5055648276,108.272380971354,35092.1681780627,,,,,,
7/27/19,15,15177.9968582151,18614.6319651182,2919.34399958484,111.551849846128,36823.523965983,,,,,,
7/27/19,16,15970.0270446081,19361.1063405046,3072.71816662526,114.419633326374,38518.2707320983,,,,,,
7/27/19,17,16851.2524273887,19759.4609453372,3195.6971448666,114.870213857381,39921.2793428313,,,,,,
7/27/19,18,17772.5443243705,19915.0068730196,3364.30572840412,116.306777144791,41168.1629851577,,,,,,
7/27/19,19,18396.8995049142,19557.0229079013,3433.64203287194,113.999659625832,41501.5644088717,,,,,,
7/27/19,20,18462.324497967,18674.6738751001,3346.47650819786,107.074659423466,40590.5501256942,,,,,,
7/27/19,21,17823.5876925631,17935.2357126491,3295.86103102679,97.3149266890351,39151.9998165774,,,,,,
7/27/19,22,16970.3071665693,16977.9414585426,3193.25624790721,87.1558326109025,37228.6615490679,,,,,,
7/27/19,23,15598.251293188,15694.1195654488,2940.70831050078,76.9713800005443,34310.0511851064,,,,,,
7/27/19,24,14272.9800497881,14358.2220557091,2673.08957703954,69.1944274710073,31373.4872369266,,,,,,
7/28/19,1,13177.304746016,13228.8925557188,2466.99800970589,62.8727589863391,28936.0677824264,,,,,,
7/28/19,2,12310.5129347111,12307.1527286899,2309.61716408824,58.2828636118467,26985.5659513978,,,,,,
7/28/19,3,11640.6473283078,11597.4380588984,2190.81695867856,54.9762181881828,25483.8785455519,,,,,,
7/28/19,4,11153.903572296,11061.5989313098,2114.69103384369,52.1759519497179,24382.3689254045,,,,,,
7/28/19,5,10915.6925664801,10763.9716210822,2099.12404947174,51.2856480074747,23830.0740151261,,,,,,
7/28/19,6,10883.3702495028,10638.074503385,2095.51436503075,53.1130535218104,23670.072024972,,,,,,
7/28/19,7,10986.0300984426,10409.5979338848,2109.26957818756,54.4999202958701,23559.3977589033,,,,,,
7/28/19,8,11533.0756385201,10690.0957510135,2181.05050770416,60.7231636359396,24464.9441641936,,,,,,
7/28/19,9,11919.1639070013,11299.5641526524,2201.98704458309,67.9857765405962,25488.7009086247,,,,,,
7/28/19,10,12323.2907458695,12121.7939216261,2213.53275070926,78.2887232471081,26736.9057408762,,,,,,
7/28/19,11,12668.1650695149,13221.4301137974,2315.81407578895,88.7403512142461,28294.1482308205,,,,,,
7/28/19,12,13093.889143979,14329.6094655494,2361.63389001742,98.1035360511643,29883.2351222508,,,,,,
7/28/19,13,13854.2008417065,15378.9424536662,2379.84938642642,108.776287769578,31721.7681538756,,,,,,
7/28/19,14,14780.2312744824,16343.9484246557,2459.86578860596,115.499415462279,33699.5442771518,,,,,,
7/28/19,15,15671.1275364408,17202.090397994,2523.12196386642,119.633180794669,35515.9721163599,,,,,,
7/28/19,16,16491.2296256196,17791.7624423234,2655.10334508712,122.620397695776,37060.715495208,,,,,,
7/28/19,17,17213.7508204908,18207.0330023879,2778.80326894891,123.828014705024,38323.4149926365,,,,,,
7/28/19,18,17813.7574113524,18332.4014787248,2942.27692090659,123.235478772594,39211.6712560666,,,,,,
7/28/19,19,18153.8886091147,18094.7472836744,3014.78720720504,121.14578965516,39384.5692630852,,,,,,
7/28/19,20,17919.4213603097,17337.798193537,2955.04931545304,113.51313096044,38325.7825230732,,,,,,
7/28/19,21,17284.1649162819,16756.7167734328,2945.19853698766,103.383077683827,37089.4635637736,,,,,,
7/28/19,22,16348.8870845707,15882.4904155456,2833.94615156644,90.7808828526029,35156.1065483108,,,,,,
7/28/19,23,14870.5627846014,14665.0928451722,2615.86558091777,80.4198785352016,32231.9417690705,,,,,,
7/28/19,24,13448.7226971228,13283.2098311414,2359.9673461239,71.1397735211851,29163.0405240094,,,,,,
7/29/19,1,12352.70999149,12328.9451758688,2217.95415653632,64.92732627868,26964.5367865251,,,,,,
7/29/19,2,11611.000232137,11583.2013645603,2134.21871517995,60.9066533794305,25389.3271805259,,,,,,
7/29/19,3,11076.0468979207,11057.0494161081,2047.63541214952,58.4508863503584,24239.2691335803,,,,,,
7/29/19,4,10836.9424930797,10791.5058340943,2018.81084365932,55.8532877407855,23703.1116971195,,,,,,
7/29/19,5,10881.0754875756,10863.6541450983,2070.16868572964,55.8998120500553,23870.7974573443,,,,,,
7/29/19,6,11330.1731628035,11411.2035227796,2197.15611620131,57.4034166532933,24995.9356062754,,,,,,
7/29/19,7,11996.3561382625,11912.0051972829,2302.16752603706,59.4069969196171,26269.9351534937,,,,,,
7/29/19,8,12649.9914536049,12575.5375645016,2478.72079562304,65.931582067759,27770.1811650701,,,,,,
7/29/19,9,13196.767001276,13183.8515737717,2553.57470306262,74.2734454330954,29008.4664065151,,,,,,
7/29/19,10,13312.20179168,13749.4835766251,2448.92032506852,83.3705632061635,29593.9761752535,,,,,,
7/29/19,11,13494.3378021783,14451.9336238679,2364.03916948482,92.1484911817799,30402.4586228009,,,,,,
7/29/19,12,13528.9030436596,15398.0092333343,2371.58569202734,100.775406820562,31399.2727185899,,,,,,
7/29/19,13,13910.2458089955,16384.6033974646,2438.50979334223,109.745709838946,32843.1038319177,,,,,,
7/29/19,14,14567.7539944926,17258.1324111549,2579.68307191003,114.960755011886,34520.5311513978,,,,,,
7/29/19,15,15154.9951986901,18080.8630641607,2708.06450076405,120.734022123543,36064.6555703977,,,,,,
7/29/19,16,15778.8761372306,18864.8411678311,2845.16437712213,124.030980638306,37612.9125861702,,,,,,
7/29/19,17,16341.1262219877,19336.702013939,2969.8310152312,125.510751465907,38773.1691366505,,,,,,
7/29/19,18,16888.5979990808,19481.5092168273,3128.34253956346,124.42716786222,39622.8762240624,,,,,,
7/29/19,19,17138.2808284776,19136.778780058,3129.40864044696,122.866699726985,39527.3356877977,,,,,,
7/29/19,20,16885.8618034979,18249.1244697602,3084.16707742138,114.093140905015,38333.247183016,,,,,,
7/29/19,21,16328.1809459008,17720.3035252254,3103.52001023611,104.922203396569,37256.926834452,,,,,,
7/29/19,22,15501.0402978696,16720.5169241723,2942.20066857346,95.6081090673014,35259.3676296882,,,,,,
7/29/19,23,14160.887444156,15157.7468174744,2668.751055654,82.4249815965346,32069.8115957955,,,,,,
7/29/19,24,12980.5690865818,13739.9106500976,2428.05908693074,72.3382200997724,29220.8775652989,,,,,,
7/30/19,1,12038.1479845626,12655.7463603945,2265.53465614896,64.9999628320368,27024.4305114704,,,,,,
7/30/19,2,11410.6428697515,11866.1463653655,2145.08409953064,60.9798580004485,25482.8534545383,,,,,,
7/30/19,3,10960.7371194298,11319.763749938,2097.66573073379,59.0064918521137,24437.1733093469,,,,,,
7/30/19,4,10688.2278425115,11005.7504859164,2057.75090938282,57.1168829198026,23808.8460070202,,,,,,
7/30/19,5,10727.0372519132,11027.501316609,2080.17232415731,57.1799886686502,23891.8901273445,,,,,,
7/30/19,6,11181.3192708584,11510.7049010443,2163.56225508759,58.5298546778587,24914.1156205662,,,,,,
7/30/19,7,11833.9471394155,11964.7351662127,2321.39152525514,59.6378662581992,26179.7115760285,,,,,,
7/30/19,8,12309.7071620985,12419.9588599555,2415.57417215087,63.9176848189045,27209.1570619546,,,,,,
7/30/19,9,12448.472531618,13040.676073321,2429.89511069684,71.3194217024051,27990.3623862574,,,,,,
7/30/19,10,12322.3718138287,13668.7256716269,2401.61805202458,80.9224169993977,28473.6371492018,,,,,,
7/30/19,11,12285.6473279029,14490.3959348804,2387.92577765919,89.7290175663329,29253.6973786221,,,,,,
7/30/19,12,12338.6175297925,15365.3423991475,2385.70825283629,97.0509603329418,30186.7187453149,,,,,,
7/30/19,13,12502.3051374012,16292.3981855977,2451.55046114325,104.872976360147,31351.1266339768,,,,,,
7/30/19,14,13014.7030025854,17273.1617294061,2510.54755435462,111.640942998081,32910.0522969052,,,,,,
7/30/19,15,13638.1321430697,18024.2583783469,2548.54740602577,116.215227279895,34327.1527887132,,,,,,
7/30/19,16,14260.1045543522,18588.9236562088,2689.89760502955,119.015849710535,35657.9415345384,,,,,,
7/30/19,17,14931.8201582673,18870.3922886854,2742.70943761527,120.036435749339,36664.9578228108,,,,,,
7/30/19,18,15648.7815893435,18813.0290771654,2864.4818871795,118.014904323038,37444.3073704772,,,,,,
7/30/19,19,16240.7078821103,18336.6571746948,2849.40636382345,113.125102385493,37539.8970904783,,,,,,
7/30/19,20,16213.5949463535,17652.2467666316,2818.70434159212,105.300709439715,36789.8476212218,,,,,,
7/30/19,21,15832.2311630789,17336.7401135247,2863.13085781646,99.6570011750735,36131.7602870338,,,,,,
7/30/19,22,15137.7132597657,16478.9058597892,2736.48798780882,91.3684614405033,34444.4770181995,,,,,,
7/30/19,23,13879.0303337379,15149.6524860214,2507.86758996889,81.1509558087726,31617.702625856,,,,,,
7/30/19,24,12743.4157032864,13741.8686656254,2302.53812478661,74.7642637396553,28862.586920851,,,,,,
7/31/19,1,11988.9493995295,12644.8762221355,2133.14012578081,70.4637816301772,26837.4297890829,,,,,,
7/31/19,2,11686.4139349452,11860.3445553969,2061.09710768731,67.330748992482,25675.1869008043,,,,,,
7/31/19,3,11571.1252068737,11300.094020005,1967.27484610168,65.1312722096925,24903.6248056503,,,,,,
7/31/19,4,11359.1667706968,10978.937726074,1937.48043198872,62.6246546532431,24338.2096549168,,,,,,
7/31/19,5,11168.2180393985,11026.3178968045,1971.38343203005,62.6083388935801,24228.5271714918,,,,,,
7/31/19,6,11328.1842152561,11515.5326556922,2029.99331427392,63.7440827024476,24937.455920134,,,,,,
7/31/19,7,11832.4187310586,12068.376064758,2171.85515694107,64.8373880867138,26137.4865057768,,,,,,
7/31/19,8,12232.9524329109,12573.086660046,2270.68599471798,68.8447428707552,27145.5697713648,,,,,,
7/31/19,9,12611.3826691338,13146.8315053375,2313.62070049135,75.8156780814218,28147.6493163661,,,,,,
7/31/19,10,12628.081943849,13739.0284641366,2262.06764396403,82.9855250538319,28712.1634244366,,,,,,
7/31/19,11,12660.9782127522,14361.3040057272,2178.17711730206,90.291715105646,29290.750898817,,,,,,
7/31/19,12,12809.4277479476,15212.4266067293,2225.66067672233,96.5472246909043,30344.0603883919,,,,,,
7/31/19,13,13175.3896124515,16022.9037978785,2301.17759613012,101.800411525111,31601.271377621,,,,,,
7/31/19,14,13584.5168155188,16947.8428739841,2400.90031130724,106.827244616622,33040.0869490427,,,,,,
7/31/19,15,14217.6667578669,17753.9001980667,2534.33721604786,110.491790979013,34616.3956463443,,,,,,
7/31/19,16,14952.008393624,18411.5666557719,2660.49131446178,112.592556324334,36136.6581096958,,,,,,
7/31/19,17,15763.7288965678,18733.1237725529,2760.45631510167,113.327248731352,37370.6357188079,,,,,,
7/31/19,18,16458.7332227553,18815.0231875106,2926.50715688182,112.905390243332,38313.1689085503,,,,,,
7/31/19,19,16831.4175772101,18420.700905862,2962.14123548514,111.728431516159,38325.9893713032,,,,,,
7/31/19,20,16740.0146800505,17640.2615127624,2944.47617657978,105.378033923377,37430.131291472,,,,,,
7/31/19,21,16342.749446092,17199.1616160325,2968.31335176454,100.145568646231,36610.3703827742,,,,,,
7/31/19,22,15541.4085948544,16246.8284206164,2856.45993742887,91.6260916114054,34736.3244415258,,,,,,
7/31/19,23,14148.052480206,14891.27294899,2601.36676482624,83.1286321418232,31723.8219159293,,,,,,
7/31/19,24,12929.8024308795,13504.5332558963,2382.38679849549,76.7449295342028,28893.4677605523,,,,,,
8/1/19,1,12110.0364555285,12503.8484157626,2246.64707313345,71.1682173563445,26931.7012287202,,,,,,
8/1/19,2,11765.9803996166,11760.6182196254,2130.00437129764,66.7902795821985,25723.3936494269,,,,,,
8/1/19,3,11343.2380022254,11198.6431001823,2052.02833277716,61.7502498543607,24655.659877601,,,,,,
8/1/19,4,11141.8513249481,10897.362647607,2008.13360541973,57.6721244842971,24105.0205291888,,,,,,
8/1/19,5,11179.5076994018,10951.7304444374,2034.94395654525,57.7181680259622,24223.9005958814,,,,,,
8/1/19,6,11611.2072101543,11426.2976098179,2163.63821984495,58.5584467613014,25259.7001913545,,,,,,
8/1/19,7,12269.1967994211,11920.4692125626,2267.44600580689,61.2174693070908,26518.3292526833,,,,,,
8/1/19,8,12702.2874633931,12393.1474933327,2401.94717613221,67.5982585234788,27564.9800677733,,,,,,
8/1/19,9,12863.0386338446,12889.2138650252,2430.493263609,73.8709050421532,28256.6160326014,,,,,,
8/1/19,10,12860.308715001,13455.6273502689,2372.37682939127,80.532743256911,28768.845117627,,,,,,
8/1/19,11,12903.1841808296,14240.9566975028,2380.72810270898,86.4217119278343,29611.2895987016,,,,,,
8/1/19,12,13050.4262077019,15104.7915558488,2437.28006750385,92.4764859912754,30684.9738802392,,,,,,
8/1/19,13,13234.7035384995,16056.485055085,2557.74174987211,98.9456346453261,31947.8744621279,,,,,,
8/1/19,14,13546.9730003806,17176.5812679188,2693.55154700103,104.533046266057,33521.6384366751,,,,,,
8/1/19,15,14089.8594334469,18180.1862951206,2838.53195404605,109.507149300296,35218.0837952789,,,,,,
8/1/19,16,14616.5448604925,18973.5609254122,2942.87561407939,112.671528891832,36645.652373385,,,,,,
8/1/19,17,15273.7217351291,19363.411566468,3067.27375319098,113.515095536695,37817.9230572324,,,,,,
8/1/19,18,15887.6469723623,19456.7305038573,3182.53602523439,112.903998048583,38639.8170526437,,,,,,
8/1/19,19,16308.4127362963,19059.1524354881,3171.58544866883,111.206835286766,38650.357871453,,,,,,
8/1/19,20,16208.1795021702,18208.1211243175,3128.31684167038,103.92722903319,37648.5444173738,,,,,,
8/1/19,21,15872.5667750726,17604.8284731798,3101.87440406664,94.1514814112963,36673.4216206739,,,,,,
8/1/19,22,15235.6283351941,16582.9669755526,2983.25840486975,84.1837733906183,34886.0385719958,,,,,,
8/1/19,23,13937.3195637028,15118.1657929079,2734.57384033749,74.417679407854,31864.4780244232,,,,,,
8/1/19,24,12759.3518435902,13649.7274978474,2497.84006212067,64.9942337019581,28971.9143221355,,,,,,
8/2/19,1,11954.6391447173,12474.8231489401,2330.4744765146,59.7354677056045,26819.672250019,,,,,,
8/2/19,2,11338.6274830375,11628.0425950005,2202.49093167609,56.3839444030695,25225.5458006011,,,,,,
8/2/19,3,11131.6303057704,11018.2190411401,2112.96341280508,53.8422296830395,24316.6554186834,,,,,,
8/2/19,4,11028.2963531739,10673.9237988001,2084.10410320107,52.1069652840431,23838.4314845056,,,,,,
8/2/19,5,11065.7156320236,10637.6929935476,2092.80072026135,51.3229679892599,23847.5324792468,,,,,,
8/2/19,6,11501.2629709184,11082.3896027483,2204.79376326743,52.5644709205971,24841.0107360397,,,,,,
8/2/19,7,12117.8425796978,11469.0241655964,2296.72071699645,54.0921514695452,25937.6796253635,,,,,,
8/2/19,8,12521.1814935734,11911.6301067349,2413.62100369553,58.3141279492368,26904.7457620564,,,,,,
8/2/19,9,12576.4151951401,12482.8024753761,2507.13204585021,64.3840849343059,27630.7340703194,,,,,,
8/2/19,10,12508.3840194055,13161.4799932529,2483.40285371754,72.1892519691508,28225.4557443561,,,,,,
8/2/19,11,12590.2945654181,13930.0906898729,2465.32988171756,81.0183467352544,29066.7327022774,,,,,,
8/2/19,12,12606.2754040812,14948.9853036078,2514.15319833336,89.7734926940945,30159.1872808547,,,,,,
8/2/19,13,12931.759589948,16026.4656818651,2561.6337574393,98.9244350810764,31618.7829090441,,,,,,
8/2/19,14,13579.4025179646,17159.8112139956,2657.06053738933,106.159234935109,33502.4325414346,,,,,,
8/2/19,15,14309.7012030685,18220.535521303,2821.59337510897,111.337980932118,35463.1678930877,,,,,,
8/2/19,16,15001.0200607687,19038.5798344063,2993.86851033189,115.236438361743,37148.7048165091,,,,,,
8/2/19,17,15815.2184502666,19490.2073162339,3119.72887676452,115.274153728075,38540.4286871199,,,,,,
8/2/19,18,16441.6930156432,19493.1285076695,3175.35729880495,114.834299314286,39225.0133185118,,,,,,
8/2/19,19,16891.4461857504,18820.5069635004,3160.18142433525,111.668596071922,38983.8033634941,,,,,,
8/2/19,20,16750.3459366703,17830.2998505424,3139.97003525006,104.10016038506,37824.7177202074,,,,,,
8/2/19,21,16247.7377353321,17263.8370299449,3140.50442728612,95.6307584939309,36747.7107671382,,,,,,
8/2/19,22,15499.1399822889,16347.3302922104,3019.02805941691,84.95454016158,34950.4531710259,,,,,,
8/2/19,23,14295.1445791771,15058.3092033611,2793.35809914091,74.7745748196158,32221.5867894858,,,,,,
8/2/19,24,13162.0764002546,13764.6984899514,2539.76431334865,66.749590417949,29533.2898571938,,,,,,
8/3/19,1,12247.6572162681,12654.6753027119,2343.8631107911,60.8461729481513,27307.0432300293,,,,,,
8/3/19,2,11570.3264577274,11755.6162042712,2204.80834259022,56.105582936297,25586.8574746134,,,,,,
8/3/19,3,11068.360112915,11106.4000014928,2104.23340498923,53.0623626157994,24332.0560477868,,,,,,
8/3/19,4,10735.2709464232,10683.8212682015,2067.30188996749,50.6094840656506,23537.0035898581,,,,,,
8/3/19,5,10616.0837211949,10523.6494003418,2071.6565505249,51.472750107963,23262.8622005423,,,,,,
8/3/19,6,10717.2740947173,10590.2139643242,2052.01414407582,51.8328365704608,23411.3348807198,,,,,,
8/3/19,7,10871.7263459828,10523.8479369636,2089.48568035762,52.4310767944945,23537.4911929133,,,,,,
8/3/19,8,11042.5908797005,10772.120834956,2153.31763888764,56.9740264802275,24025.0037541536,,,,,,
8/3/19,9,11412.9687156501,11211.1862804226,2193.26869480502,63.6207100547462,24881.0441028446,,,,,,
8/3/19,10,11764.3182890391,11965.1103541594,2156.81054299811,72.3288290151185,25958.5676904541,,,,,,
8/3/19,11,11970.1764481149,12844.4791578463,2166.50912724867,81.5355342004333,27062.6998946615,,,,,,
8/3/19,12,12111.8947599383,13828.8523525573,2226.5268007529,90.34399544547,28257.6175363592,,,,,,
8/3/19,13,12624.7408052922,14886.6093334044,2323.83716693181,100.065987112684,29935.2524068988,,,,,,
8/3/19,14,13378.7867010712,15896.7977298027,2490.58732584974,108.068433656595,31874.2393367593,,,,,,
8/3/19,15,14208.3986572438,16816.660940767,2541.15481179864,113.375539958427,33679.5894088836,,,,,,
8/3/19,16,15090.6881644706,17594.1098774635,2616.68643738209,116.761563077777,35418.2448175005,,,,,,
8/3/19,17,15909.456786778,17840.6532698864,2729.54190472434,117.402641941595,36597.0533700171,,,,,,
8/3/19,18,16522.0331304902,17966.3040595104,2913.46373453199,114.792885136665,37516.5937568432,,,,,,
8/3/19,19,16838.5047731331,17707.0522524505,2950.46026927884,111.142567385925,37607.1605935577,,,,,,
8/3/19,20,16627.1785468731,16934.8463410922,2909.42274012254,103.640623171656,36575.0891410291,,,,,,
8/3/19,21,16144.158737684,16429.4856712392,2934.07895990424,95.356582113715,35603.0810052623,,,,,,
8/3/19,22,15357.4264406291,15599.7555339512,2818.67033227636,86.3076955882109,33862.1605255877,,,,,,
8/3/19,23,14163.8822982962,14374.4919405855,2614.96411098854,75.0073964026773,31228.346219171,,,,,,
8/3/19,24,13035.6701268256,13258.9353040782,2390.37991219981,66.46739334222,28751.4535570245,,,,,,
8/4/19,1,12139.9072674994,12268.1974846556,2215.00256686402,60.8898579355588,26683.9975978312,,,,,,
8/4/19,2,11457.0033615054,11501.868822742,2079.03985357237,56.6471972909239,25094.5598883817,,,,,,
8/4/19,3,10923.7532454809,10862.3067102916,2001.34404370282,53.6717517702996,23841.0756493331,,,,,,
8/4/19,4,10579.5884650635,10399.5894099758,1941.27963215178,51.4194791283818,22971.8768495436,,,,,,
8/4/19,5,10412.413540951,10177.9975152575,1921.56205719072,51.0210409615884,22562.9939016493,,,,,,
8/4/19,6,10434.7473680506,10137.1532143297,1951.28333536889,51.1924008022713,22574.3763943743,,,,,,
8/4/19,7,10436.5945840644,9955.14864650867,1998.56039967619,51.4950103212274,22441.7985958304,,,,,,
8/4/19,8,10813.5598184583,10081.9022250423,2000.52186951504,55.9292143695366,22951.9120778352,,,,,,
8/4/19,9,11329.2041273387,10595.0419691833,2049.06125190075,63.1367534893685,24036.4433361652,,,,,,
8/4/19,10,11464.024499905,11288.9429679441,2019.43307450103,72.0247162959645,24844.4250656862,,,,,,
8/4/19,11,11403.7352235912,12217.8230617551,2048.79015174933,81.7879278446196,25752.1353064642,,,,,,
8/4/19,12,11465.7145238717,13292.9704043347,2019.75303250717,91.0459780684502,26869.4831125639,,,,,,
8/4/19,13,11949.568533446,14363.2896009277,2122.41941530588,99.2903612114245,28534.5661459246,,,,,,
8/4/19,14,12744.8199074992,15484.0943335852,2259.29630903261,106.141004339329,30594.3506742729,,,,,,
8/4/19,15,13596.702423565,16589.7640074567,2439.65774219124,112.04052286175,32738.1617106902,,,,,,
8/4/19,16,14442.4829450958,17471.0045389056,2630.96663328158,115.681350012974,34660.1342011247,,,,,,
8/4/19,17,15223.1684564006,17985.1764352797,2776.50790705886,117.201651458002,36102.0544863603,,,,,,
8/4/19,18,15981.9515061119,18245.2291647631,2980.57114812063,117.258568575351,37325.0105871318,,,,,,
8/4/19,19,16400.0769945385,17902.3520507851,3039.07650165827,112.881200229422,37454.3882185767,,,,,,
8/4/19,20,16174.4460943498,17113.2911954664,3005.81310200457,105.014038073073,36398.5644511806,,,,,,
8/4/19,21,15686.7518840216,16578.3779792381,2994.86509221859,97.2643279687097,35357.2595124671,,,,,,
8/4/19,22,14900.802705237,15636.8478560443,2872.91351345695,87.2528540766902,33497.819446724,,,,,,
8/4/19,23,13623.1016041031,14388.473566926,2633.24815089769,75.9160299039646,30720.7406969866,,,,,,
8/4/19,24,12459.4601220744,13074.886071564,2375.77985635718,66.6891729527423,27976.8170849382,,,,,,
8/5/19,1,11648.1942437796,12017.2646642346,2248.37016870644,60.3197925530119,25974.1490245336,,,,,,
8/5/19,2,11023.1248072153,11286.1424245388,2180.9315643405,56.1099878353718,24546.3092155278,,,,,,
8/5/19,3,10615.6707640003,10760.8433061176,2076.39071815154,53.2761284042554,23506.1806633411,,,,,,
8/5/19,4,10422.1951267802,10474.5735707834,2057.57395314173,51.721597639797,23006.0643165841,,,,,,
8/5/19,5,10534.3178732469,10555.7846967182,2079.60687941581,52.7340113872805,23222.4427938332,,,,,,
8/5/19,6,11089.5482807157,11090.7831482791,2170.20959674954,54.2135814543822,24404.7544507232,,,,,,
8/5/19,7,11842.7125138027,11654.6567676701,2335.08146439407,56.0082491083117,25888.4591170373,,,,,,
8/5/19,8,12525.220897028,12249.0098405745,2437.02518876513,60.8091478221195,27272.0636410821,,,,,,
8/5/19,9,13182.6768074,12959.1019958339,2459.33687880345,67.9305107896352,28669.0455354721,,,,,,
8/5/19,10,13170.8022541508,13715.5209509276,2418.47366999806,76.9437108524853,29381.7406793012,,,,,,
8/5/19,11,13383.0737451989,14729.4142574126,2468.36275709661,87.3270135476488,30668.1767356874,,,,,,
8/5/19,12,13418.7812979888,15906.1507875417,2541.17132466523,99.70936677219,31965.8126701376,,,,,,
8/5/19,13,13883.4826855194,17079.9129564177,2661.08615835052,108.634589087985,33733.1152954994,,,,,,
8/5/19,14,14467.6881256024,18372.1826108139,2823.26098841315,115.770780146561,35778.9015385935,,,,,,
8/5/19,15,15240.0707745596,19413.5749168125,2956.32011821618,119.263842394911,37729.2286661841,,,,,,
8/5/19,16,15971.2049646728,20011.2841175232,3060.2120009467,121.900763033327,39164.6006457128,,,,,,
8/5/19,17,16712.4325297802,20198.0043477519,3154.05344182946,122.523092597838,40187.0131926882,,,,,,
8/5/19,18,17213.9749273261,20175.6275816186,3277.16845585677,121.931513585865,40788.7031000401,,,,,,
8/5/19,19,17360.6801693095,19735.2773292461,3268.09454269656,120.937596333715,40484.9903861977,,,,,,
8/5/19,20,17017.0256411074,18779.7492063331,3191.85998092326,112.686903527574,39101.3219717946,,,,,,
8/5/19,21,16551.1764935744,18035.6694464206,3198.34749276872,102.519662455476,37887.7135809355,,,,,,
8/5/19,22,15665.7679831388,17004.3762895185,3043.18472799564,91.4930347888571,35804.8227474893,,,,,,
8/5/19,23,14237.7287060384,15440.5801118908,2761.55888592993,80.1844692777156,32520.0535869013,,,,,,
8/5/19,24,13017.5928547259,13956.8724789073,2488.00275983769,71.2823352402247,29533.7517933691,,,,,,
8/6/19,1,12174.5092067472,12828.4064045577,2369.0208819454,65.5544367970758,27437.4915507394,,,,,,
8/6/19,2,11546.0903483655,12004.6632984325,2242.05655415261,61.6583111841941,25854.4697205755,,,,,,
8/6/19,3,11054.128277589,11362.5573463606,2151.65103860146,59.1848289231657,24627.5227099219,,,,,,
8/6/19,4,10838.3821776513,10992.5654495764,2093.86749975158,58.2120746877654,23983.0270205269,,,,,,
8/6/19,5,10928.7163303381,10968.3939592072,2125.11357745592,59.0886808063847,24081.3122804721,,,,,,
8/6/19,6,11494.1950396441,11417.9688457179,2253.9415497942,60.2087343250408,25226.3128958403,,,,,,
8/6/19,7,12245.2549337809,12010.5785496322,2361.61778592222,60.3505163770687,26677.8014123713,,,,,,
8/6/19,8,12723.1340549711,12579.2948889428,2476.01682162647,63.6924886123439,27842.137322762,,,,,,
8/6/19,9,12919.1044509333,13157.9466306654,2545.09941064635,71.1542291323263,28693.3052842823,,,,,,
8/6/19,10,13075.0987954565,13840.4646000409,2575.22355383577,81.6460645069455,29572.4329181293,,,,,,
8/6/19,11,13293.0449397771,14532.8053191244,2556.8404281258,88.4767193367753,30471.1660206674,,,,,,
8/6/19,12,13560.8257990376,15511.0098775733,2600.29015762224,92.75668893283,31764.8806886634,,,,,,
8/6/19,13,14079.918516461,16651.1198745665,2707.58146728875,97.4984011088252,33536.1166101875,,,,,,
8/6/19,14,14923.1414742072,18050.2790533202,2802.25994347449,98.5026105708835,35874.1818278805,,,,,,
8/6/19,15,15727.0451171461,19266.8714077962,2964.00586333405,94.9043971450991,38052.8265538334,,,,,,
8/6/19,16,16548.0977519475,20115.4742495671,3139.72680825194,94.5952390607031,39897.8935258299,,,,,,
8/6/19,17,17271.0679752045,20454.3107907342,3158.69351839175,94.2826828424012,40978.3545298395,,,,,,
8/6/19,18,17775.0614917417,20274.2593472951,3193.3152029435,92.3128844936049,41334.9486195462,,,,,,
8/6/19,19,17868.9644408228,19579.2874937621,3144.76409789173,90.2722409732105,40683.2884805066,,,,,,
8/6/19,20,17485.3900406758,18561.3902736352,3070.94342330898,87.6770606577907,39205.4017085505,,,,,,
8/6/19,21,16950.7831374749,17905.3181493526,3085.16011752578,84.1859786219609,38025.4488147383,,,,,,
8/6/19,22,16030.9990240466,16781.6443087407,2911.88223985557,76.2798183041051,35800.8062272483,,,,,,
8/6/19,23,14579.5380359436,15354.841302682,2669.11675326413,68.3115783648174,32671.8092911812,,,,,,
8/6/19,24,13297.4455563038,13898.228858434,2409.52871977019,61.442786755893,29666.6470635823,,,,,,
8/7/19,1,12349.050701736,12804.6449550003,2243.95745814763,56.7887192026781,27454.4429490167,,,,,,
8/7/19,2,11665.390315708,11968.6673525828,2127.82027867978,53.6439764573255,25815.5220738047,,,,,,
8/7/19,3,11189.6255607192,11385.9389218032,2070.08766051586,52.0795997825781,24697.7320463299,,,,,,
8/7/19,4,10938.2013373402,11058.9521192573,2082.00813974427,51.1593747939138,24130.320730108,,,,,,
8/7/19,5,11009.6272216817,11094.8334056328,2090.01082372938,52.0948625102292,24246.5662273725,,,,,,
8/7/19,6,11529.7417182227,11625.9954038181,2180.59864135685,53.6999145784529,25390.0354244357,,,,,,
8/7/19,7,12252.0338783117,12249.3277745891,2366.46649401389,54.9821354548859,26922.8103420576,,,,,,
8/7/19,8,12648.6497131062,12783.1577959044,2549.4788447133,59.797390566286,28041.0837324934,,,,,,
8/7/19,9,12840.4720563357,13326.6888698165,2655.27217867125,66.9655182360018,28889.3984883978,,,,,,
8/7/19,10,12876.1008299858,13828.8776753122,2580.68933852508,76.3492926638511,29362.0170971169,,,,,,
8/7/19,11,12947.8225209252,14531.6039252881,2504.16646110001,87.7266312289012,30071.3190492727,,,,,,
8/7/19,12,13173.7398522036,15165.4849114112,2449.55071326831,96.8964269813066,30885.6711718251,,,,,,
8/7/19,13,13453.3813786458,15880.977496253,2484.61848680384,104.252797259278,31923.2295096759,,,,,,
8/7/19,14,14026.5414263041,16804.7172870367,2582.05954295794,109.794572640076,33523.1119073276,,,,,,
8/7/19,15,14651.4178805742,17618.387910933,2667.75025909355,114.905562916084,35052.4615465621,,,,,,
8/7/19,16,15294.919495051,18300.5361404279,2783.02672604073,118.804183380157,36497.2851549041,,,,,,
8/7/19,17,15840.9156707386,18661.7276518351,2891.46538840171,118.136731044956,37512.2455595329,,,,,,
8/7/19,18,16297.3956350637,18728.6139934013,2991.29577786061,111.252310959453,38128.5577598123,,,,,,
8/7/19,19,16535.3198853894,18240.7279725719,3000.33879845329,105.450539605248,37881.8374776358,,,,,,
8/7/19,20,16250.7204418486,17328.4777243158,2975.68781343052,100.069483320407,36654.9553066373,,,,,,
8/7/19,21,15842.072547562,16796.8538906941,2993.35879494216,91.8221159390229,35724.107990356,,,,,,
8/7/19,22,15019.8538609123,15797.3717332529,2858.96364182849,83.4337280093669,33759.6238852827,,,,,,
8/7/19,23,13697.7257915611,14476.0450202769,2593.30744303465,75.2667550876664,30842.345763286,,,,,,
8/7/19,24,12519.9387624629,13198.3913119226,2363.9995687925,67.936265127358,28150.2664604337,,,,,,
8/8/19,1,11705.8018089467,12196.5193751373,2225.34152539977,62.9906274367315,26190.6535647475,,,,,,
8/8/19,2,11080.7355517438,11445.1143844473,2105.09204850694,59.7217932161674,24690.6649088518,,,,,,
8/8/19,3,10672.9099925285,10934.1365183433,2025.82788977511,57.9273334900434,23690.8019622394,,,,,,
8/8/19,4,10519.9247586616,10640.2291366777,2019.52833246468,56.6809948727788,23236.363022696,,,,,,
8/8/19,5,10600.5201096535,10692.1651550796,2048.96845835746,57.0186141755607,23398.672381925,,,,,,
8/8/19,6,11122.1818891034,11180.3587400577,2141.55692515537,58.6558472986947,24502.7533558012,,,,,,
8/8/19,7,11766.4441824368,11756.9019709261,2280.24405601715,60.1702582264766,25863.7593243731,,,,,,
8/8/19,8,12168.3776827706,12206.7931145408,2376.42555420231,66.8443287070755,26818.4401095693,,,,,,
8/8/19,9,12491.527029358,12727.0437346152,2421.86453385732,71.3861700070763,27711.8209389906,,,,,,
8/8/19,10,12346.5759014976,13276.6489259639,2445.37114918942,79.197381182797,28147.7923917673,,,,,,
8/8/19,11,12294.3494136514,14023.164436956,2454.4296389951,84.4950699368033,28856.4384627288,,,,,,
8/8/19,12,12318.9900355972,14758.4750323298,2436.51835520646,85.5340123446233,29599.5168591276,,,,,,
8/8/19,13,12424.8916544679,15478.891254975,2458.60895900641,98.385687137246,30460.7770341789,,,,,,
8/8/19,14,12802.6512771935,16390.2418725183,2511.24464223316,101.323865704529,31805.4613114302,,,,,,
8/8/19,15,13033.26594285,17130.4058892127,2639.33139447589,107.949255239196,32910.9503074138,,,,,,
8/8/19,16,13470.802652952,17750.7878428228,2785.36727615036,109.328802062574,34116.2855837594,,,,,,
8/8/19,17,14039.8742906064,18054.920881241,2915.08364533108,111.938168900237,35121.8180275695,,,,,,
8/8/19,18,14596.1783007028,18087.1075409419,3071.76954651976,109.134131653535,35864.190268074,,,,,,
8/8/19,19,14931.3519308269,17619.2879036046,3093.19956527419,104.785354117714,35748.6255560437,,,,,,
8/8/19,20,14843.6344192343,16824.0674615277,3050.82498731733,97.8064727454917,34816.3352468712,,,,,,
8/8/19,21,14710.1652815194,16368.4501985195,3027.56092936349,91.1324172909227,34197.3109468579,,,,,,
8/8/19,22,14113.2310241298,15458.6681815184,2883.46261095676,80.8594428921175,32536.2233007722,,,,,,
8/8/19,23,13008.985948934,14083.1539476006,2636.2949068645,72.0686800495628,29800.5079347798,,,,,,
8/8/19,24,11994.7251565427,12761.6793006141,2381.20663605074,64.9338053930433,27202.5470280225,,,,,,
8/9/19,1,11226.6649521915,11761.739239483,2215.73380395126,60.1402078497755,25264.2788482048,,,,,,
8/9/19,2,10674.5803565357,11106.8296832024,2085.22299337108,56.0426369527925,23922.6772180308,,,,,,
8/9/19,3,10307.1009366133,10635.2748535676,2002.4868232697,54.2062014717373,22999.0691925505,,,,,,
8/9/19,4,10165.4852652331,10354.2697839304,1960.49141458782,52.8200545980983,22533.0673717229,,,,,,
8/9/19,5,10233.5344010449,10411.3314578316,1992.41489902332,52.7153514585474,22689.9966218393,,,,,,
8/9/19,6,10727.8054346026,10868.5667683755,2097.57869006917,53.4669595144386,23747.4161612417,,,,,,
8/9/19,7,11416.5613289057,11370.7554283008,2234.46704239724,54.6834288802391,25076.4656286282,,,,,,
8/9/19,8,11801.4979375665,11799.1112512167,2331.88443905685,59.0937590674582,25991.5855848388,,,,,,
8/9/19,9,11994.0923774171,12257.9342826586,2375.84320238966,64.5956712845915,26692.4649154148,,,,,,
8/9/19,10,12056.3676860136,12709.3420503326,2310.01328071619,71.208234902372,27146.9275728157,,,,,,
8/9/19,11,12011.6981323375,13293.7280913572,2343.8471394266,76.5649605383172,27725.8374862272,,,,,,
8/9/19,12,11925.3475462969,13933.9617934687,2340.74458250022,83.4371674504626,28283.489490088,,,,,,
8/9/19,13,11885.2901505456,14647.9622016766,2359.96308824306,89.161346042011,28982.3751572133,,,,,,
8/9/19,14,12131.5668735268,15597.4964384315,2472.75142570077,93.219372683063,30295.0341358742,,,,,,
8/9/19,15,12542.3903201962,16355.4443383503,2607.65970519388,88.5594631861771,31594.0532706899,,,,,,
8/9/19,16,13104.8324130475,17104.180553622,2760.16783884105,99.2696486939239,33068.4500573283,,,,,,
8/9/19,17,13796.7297152976,17405.3110889102,2876.63925284296,101.359440066905,34180.0391814104,,,,,,
8/9/19,18,14464.3353085043,17363.861772272,3024.89659491947,100.473076056031,34953.5667432605,,,,,,
8/9/19,19,14905.5667464475,16937.4232262644,3034.47825107842,96.9339621544768,34974.4032699956,,,,,,
8/9/19,20,14850.059360941,16091.2021937241,2972.3767630186,90.1963614046906,34003.8357008508,,,,,,
8/9/19,21,14691.3087161295,15641.3142112743,2981.28727085371,84.0798807361364,33397.9905850836,,,,,,
8/9/19,22,14188.274815416,14831.8464254608,2840.31947764359,73.2383130028858,31933.6810030345,,,,,,
8/9/19,23,13283.571135215,13699.9875765607,2657.35800224675,65.3767760843614,29706.2945822666,,,,,,
8/9/19,24,12350.6306963875,12520.6016890317,2397.52053450684,59.0240289531088,27327.7785745034,,,,,,
8/10/19,1,11535.0376989091,11529.7269494095,2226.72064957,54.9158465428153,25346.4011011349,,,,,,
8/10/19,2,10964.9764749851,10858.2521056514,2097.12638683768,52.4607294791994,23972.8163333076,,,,,,
8/10/19,3,10563.0672440088,10350.8401368728,2006.3084336295,51.1051521664034,22971.3219835961,,,,,,
8/10/19,4,10303.0179958221,10010.5186660405,1947.96568438191,49.7277836357817,22311.2306519165,,,,,,
8/10/19,5,10322.7123033789,9907.87447071896,1941.72364920128,49.5570606001817,22221.8676239901,,,,,,
8/10/19,6,10502.5235696011,10030.2513241747,1985.2578076003,50.3226664002273,22568.3551362626,,,,,,
8/10/19,7,10760.682041025,9989.36860185276,2010.20001694712,51.601019195628,22811.8506949114,,,,,,
8/10/19,8,10952.7808127382,10154.6931042928,2059.09831776333,55.075953707174,23221.647275159,,,,,,
8/10/19,9,11096.9215140873,10522.7582376311,2038.82826785901,58.7707309595694,23717.2779658481,,,,,,
8/10/19,10,11356.2928666664,10924.8462181186,2023.28831193872,63.2990347978179,24367.7256336211,,,,,,
8/10/19,11,11823.5596925716,11404.5058575725,1993.13271889841,70.4594692821799,25291.656845385,,,,,,
8/10/19,12,11598.3938444997,11897.1604429139,1986.7346897639,75.5715392607584,25557.8606001762,,,,,,
8/10/19,13,11522.4834387364,12507.0510928284,2020.45968615613,80.8258745363865,26130.8199377831,,,,,,
8/10/19,14,11871.8238182616,13198.4984013323,2076.39167820384,86.1000277150568,27232.813983153,,,,,,
8/10/19,15,12152.4917698193,13851.5260840834,2184.88791208379,89.5799680565525,28278.4851875409,,,,,,
8/10/19,16,12596.731430208,14536.1169879955,2354.68136742902,91.8746508197768,29579.4037280278,,,,,,
8/10/19,17,13124.4679473904,15061.3167101543,2523.53645865858,93.5340521340641,30802.8541918698,,,,,,
8/10/19,18,13698.7212893132,15213.1353036602,2718.89447267869,95.16970749902,31725.9199641607,,,,,,
8/10/19,19,14079.7949244607,15083.3455782066,2842.87566492973,92.5555928849442,32098.5721805086,,,,,,
8/10/19,20,14039.364671676,14606.8036599262,2878.77758571736,86.9498662631439,31611.895685618,,,,,,
8/10/19,21,13984.3378327088,14377.6577269755,2905.66157655309,81.5861556773033,31349.2435377051,,,,,,
8/10/19,22,13506.303840695,13786.6415405607,2764.52496081122,73.3173852114105,30130.7889316554,,,,,,
8/10/19,23,12595.7899379448,12876.5966524357,2520.94608861622,65.7112343506556,28059.0447449049,,,,,,
8/10/19,24,11720.9181623002,11904.0160208314,2291.19167822233,60.047975826651,25976.174149854,,,,,,
8/11/19,1,11191.181327448,11115.1550124403,2141.24717209722,55.6597017517852,24503.2434314295,,,,,,
8/11/19,2,10477.3858787052,10664.8308357522,2022.85316795599,51.9095614149724,23216.97945672,,,,,,
8/11/19,3,10068.2988591791,10190.2320994633,1951.19528874571,48.665241088016,22258.3917882673,,,,,,
8/11/19,4,9804.72703471866,9804.31297151492,1896.59909682723,47.1743509842372,21552.8136700581,,,,,,
8/11/19,5,9715.08659849169,9690.79467748429,1875.12015265519,46.9543362030529,21327.9556661251,,,,,,
8/11/19,6,9773.29610643463,9724.57494151205,1907.76569183968,48.0075467769987,21453.6444568551,,,,,,
8/11/19,7,9825.81178462735,9585.94652609927,1920.08192451998,50.391323289292,21382.2314286164,,,,,,
8/11/19,8,9964.37497182626,9649.62366906959,1969.66843057693,53.7765202846916,21637.4425362702,,,,,,
8/11/19,9,10307.4591022259,9940.67409124766,2020.4044427977,57.8834140044196,22326.4209548277,,,,,,
8/11/19,10,10217.6060796571,10273.7249536105,1895.43914680292,63.6474788594694,22450.4175453088,,,,,,
8/11/19,11,10029.7117408103,10760.1056257647,1814.48884352596,69.3190703758811,22673.6251702252,,,,,,
8/11/19,12,10124.4537720816,11388.7271930437,1833.91789582098,74.4067605139916,23421.5052944759,,,,,,
8/11/19,13,10124.8080439169,12118.4119867471,1864.93203235014,79.4876741906217,24187.6393834759,,,,,,
8/11/19,14,10653.1659339723,12905.6210087611,1935.16463927757,84.5897571533268,25578.5413925041,,,,,,
8/11/19,15,11351.9477657703,13714.2936905501,2047.37318197251,89.9754728320732,27203.5892220478,,,,,,
8/11/19,16,12193.0341029587,14579.7973812233,2231.5557731694,91.1858785842114,29095.5716257692,,,,,,
8/11/19,17,13091.3620568921,15157.4439030069,2364.70105078033,95.8452076297773,30709.3515261677,,,,,,
8/11/19,18,14006.776894573,15560.5754214017,2543.00025694271,97.9232571378118,32208.2751817784,,,,,,
8/11/19,19,14644.5021738328,15481.5056227608,2660.50367074614,95.3693759032246,32881.8817324427,,,,,,
8/11/19,20,14635.0676298605,14985.6997334993,2686.32477734338,88.8730730362002,32395.965725885,,,,,,
8/11/19,21,14444.1965329674,14816.3298989098,2723.19972709025,79.7569319021813,32063.4831539037,,,,,,
8/11/19,22,13834.0605883843,14047.4189253962,2618.86976161699,70.8719764882531,30571.2213620874,,,,,,
8/11/19,23,12633.9788122067,12945.5297798528,2403.79002768881,42.2605226276227,28025.562802826,,,,,,
8/11/19,24,11557.34009273,11816.5776958317,2235.89708418816,30.993280266031,25640.808891009,,,,,,
8/12/19,1,10780.8271871286,11049.9367508985,2115.84017597654,29.097325695589,23975.7020117485,,,,,,
8/12/19,2,10275.1422301676,10515.0642124933,1953.11059149593,30.8219148217472,22774.1396055477,,,,,,
8/12/19,3,9909.52385503371,10163.4908568103,1902.16052238475,28.5530385201067,22003.7285848565,,,,,,
8/12/19,4,9751.57184309798,9994.99558907026,1875.90642698203,28.8619906438384,21651.3358906017,,,,,,
8/12/19,5,9918.9888757366,10170.0664793492,1897.80393033894,32.0710988550409,22018.9293545157,,,,,,
8/12/19,6,10486.0987372451,10780.6355329691,2027.18974786997,32.2898386206154,23326.2124984529,,,,,,
8/12/19,7,11317.9576921067,11476.0556828906,2159.70222720965,33.317872273405,24987.0325622216,,,,,,
8/12/19,8,11897.6190471979,12020.105449891,2338.09079304071,36.120298339138,26291.93478055,,,,,,
8/12/19,9,12122.0408701793,12539.1041291258,2464.84829097659,32.6984835489407,27158.6907280541,,,,,,
8/12/19,10,12239.9900155085,13028.2725899158,2365.7381568466,54.7256657505105,27688.7244287073,,,,,,
8/12/19,11,12455.8271383867,13540.5537760445,2191.20952369853,68.1456381830623,28255.7347457377,,,,,,
8/12/19,12,12842.2481855133,14215.6314831741,2169.21868288424,77.7170545700885,29304.8139276422,,,,,,
8/12/19,13,13327.8357052641,15019.4650026464,2222.83263962079,86.9581424673261,30657.0895280034,,,,,,
8/12/19,14,14149.062326718,15938.3337847802,2314.78201070277,95.0316074108985,32497.2084240414,,,,,,
8/12/19,15,15030.4244930729,16772.4853115546,2422.8989863681,101.187576693169,34326.9955063759,,,,,,
8/12/19,16,15896.0783357849,17493.9530815476,2577.5266867009,105.376111706798,36072.9328912055,,,,,,
8/12/19,17,16709.4013606752,17822.8260661423,2721.43109341429,107.374199726545,37361.0321208471,,,,,,
8/12/19,18,17385.3522825951,17954.1427186319,2871.91013363375,106.809963215914,38318.2142304061,,,,,,
8/12/19,19,17675.3321254191,17467.3895949893,2888.28458007394,103.618978511833,38134.6273122154,,,,,,
8/12/19,20,17338.1585820464,16701.6098060869,2862.0154768103,93.9557921585034,36995.7421865198,,,,,,
8/12/19,21,16759.9669966564,16306.4177951816,2862.5772080808,87.7452594352245,36016.7074471912,,,,,,
8/12/19,22,15690.1994802849,15397.5337313995,2725.86729892665,76.6596908387036,33890.2617568128,,,,,,
8/12/19,23,14088.7348630715,14074.4565785579,2482.65535114428,67.2518871821204,30713.100366201,,,,,,
8/12/19,24,12755.6034358522,12762.8149652788,2256.53699723676,60.277955759754,27835.2357487515,,,,,,
8/13/19,1,11855.9908847566,11772.8784062815,2117.17896085677,54.7484681722785,25800.7982189093,,,,,,
8/13/19,2,11160.0063472865,11093.8725511217,2003.87704111411,49.9934697770957,24307.7505011597,,,,,,
8/13/19,3,10743.9154249175,10723.0397643272,1929.06273678977,48.1963433953882,23444.2144795947,,,,,,
8/13/19,4,10460.9757355576,10487.8400123081,1890.12399385006,47.2157007308562,22886.1557720789,,,,,,
8/13/19,5,10520.2952391753,10555.3371041717,1924.57293678248,48.2882664167467,23048.4931826244,,,,,,
8/13/19,6,11019.9250750071,11101.4921821768,2052.39390607938,51.920953865667,24225.7314575551,,,,,,
8/13/19,7,11769.6887614408,11769.2060684752,2199.14077901132,54.2269027267476,25792.2619492995,,,,,,
8/13/19,8,12281.0042501988,12218.8242786062,2311.05664529932,58.1248063925133,26869.0078327856,,,,,,
8/13/19,9,12690.3368903387,12776.9828210257,2354.24204228175,62.4896648183362,27884.0503179225,,,,,,
8/13/19,10,13026.4889889082,13383.7817027967,2338.00304289413,69.8580095859758,28818.1307321273,,,,,,
8/13/19,11,13063.2430651328,14086.6151222091,2281.39664276774,78.6741795766359,29509.9278840904,,,,,,
8/13/19,12,13473.7052296136,14928.7980412402,2315.19103819703,86.2806984795047,30803.9743122955,,,,,,
8/13/19,13,14115.4744136274,15853.0887386311,2362.48499438854,97.0931996833048,32428.1399362486,,,,,,
8/13/19,14,15051.2692397076,16970.7177831439,2489.79344432854,104.310432844724,34616.0894269217,,,,,,
8/13/19,15,15986.2771669187,17924.8591369772,2640.2476752013,109.235268522599,36660.6177854963,,,,,,
8/13/19,16,16918.8940286449,18710.9824235848,2804.31664683875,113.292021713343,38547.4838247098,,,,,,
8/13/19,17,17833.2483854752,19160.3020628357,2944.05444619698,115.538916649757,40053.1419509836,,,,,,
8/13/19,18,18496.4788332151,18894.9466677961,3092.8333895665,114.791642102571,40599.0511408513,,,,,,
8/13/19,19,18779.0462652863,18467.8067658099,3110.33133312747,111.927173429672,40469.1130163467,,,,,,
8/13/19,20,18524.2944927314,17612.2052242924,3077.56238812359,103.430114267957,39317.4939015997,,,,,,
8/13/19,21,17854.8323731906,17238.0737213308,3044.78748137904,93.8891672191323,38231.5832725189,,,,,,
8/13/19,22,16676.8411502966,16160.0485146369,2884.17200731096,79.1220885715016,35800.1864324464,,,,,,
8/13/19,23,14915.6974583835,14584.7798406894,2634.48155127047,70.8669831330906,32205.83010574,,,,,,
8/13/19,24,13443.8396707062,13176.5260472552,2383.96439763573,63.467270516753,29067.7992675942,,,,,,
8/14/19,1,12474.23095746,12116.9953765297,2228.30460284284,57.2310542278755,26876.7630294963,,,,,,
8/14/19,2,11738.206713673,11377.7505016349,2136.7397777106,52.3755639797373,25305.0731158984,,,,,,
8/14/19,3,11248.4919347542,10782.3662345465,2063.40915225564,49.1283206500285,24143.3958908138,,,,,,
8/14/19,4,10991.2639066628,10557.8438460443,2027.49374918184,47.5972239428398,23624.1988113816,,,,,,
8/14/19,5,11048.2726891977,10560.211017361,2049.74486437928,49.568049563772,23707.7952859519,,,,,,
8/14/19,6,11549.4132460885,11100.8008614576,2123.51238518711,52.7060126514964,24826.4312784613,,,,,,
8/14/19,7,12427.4517575562,11745.3904528033,2260.73298644614,55.0646830036588,26488.6386077999,,,,,,
8/14/19,8,12905.1907349698,12333.0197750634,2374.53186640618,58.2583705067726,27670.9984389326,,,,,,
8/14/19,9,13165.633247742,12865.3899622486,2441.90231091842,61.9176120070677,28534.8411995192,,,,,,
8/14/19,10,13503.6191433409,13466.9181049708,2413.32797542872,69.1889673491053,29453.0517873134,,,,,,
8/14/19,11,13993.1399834379,14338.3930179247,2451.61641266876,78.8536660204188,30862.0005433025,,,,,,
8/14/19,12,14685.6995215951,15392.7736037556,2472.73614087343,88.9705161973213,32640.1777436531,,,,,,
8/14/19,13,15524.6609344273,16525.3436233327,2531.79441959253,100.138939553511,34681.9353806079,,,,,,
8/14/19,14,16667.372143718,17745.8307103978,2675.82842090305,108.014411186489,37197.0428969817,,,,,,
8/14/19,15,17706.9646641589,18886.6614636202,2839.490409465,113.6930102862,39546.8081988012,,,,,,
8/14/19,16,18756.451722427,19826.2784901147,3007.73191159211,118.289125847822,41708.7484269207,,,,,,
8/14/19,17,19618.914799234,20318.4872693896,3137.3073375284,120.460895812458,43195.1706623438,,,,,,
8/14/19,18,20251.4832050497,20258.823769859,3275.93837143471,120.551970061357,43906.7976573174,,,,,,
8/14/19,19,20498.6962351097,19498.8494778535,3260.20025289282,115.834544807687,43373.5826695405,,,,,,
8/14/19,20,20139.2539755559,18508.7136123717,3198.05323741678,107.510580650987,41953.5326423109,,,,,,
8/14/19,21,19444.7433379325,17984.0729193055,3117.23113574194,96.9501483540589,40642.9995540547,,,,,,
8/14/19,22,18118.6558297684,16781.1548584672,2972.30368620745,84.1134275819307,37956.2298830552,,,,,,
8/14/19,23,16202.1683078232,15013.448828075,2694.737461513,73.3600560777325,33983.7163455405,,,,,,
8/14/19,24,14564.5953515844,13453.5279421645,2409.12676736459,64.9438496643345,30492.1972542087,,,,,,
8/15/19,1,13359.8728705562,12353.586297519,2257.46560622211,59.1754627739456,28030.1025798862,,,,,,
8/15/19,2,12534.271732323,11515.4450025425,2154.3611341931,54.7008513184244,26258.7799847729,,,,,,
8/15/19,3,11957.8793229277,10880.2074743303,2039.04384053144,51.1274729620796,24928.2586122432,,,,,,
8/15/19,4,11568.2576539698,10628.4175424463,2039.4807824841,48.0853289016706,24284.2410079118,,,,,,
8/15/19,5,11552.0353527824,10618.490084875,2003.46432158533,49.6183292990627,24223.6080543676,,,,,,
8/15/19,6,12000.5073593363,11116.0500325397,2159.63782770115,53.508940461477,25329.7031965486,,,,,,
8/15/19,7,12843.4607093451,11741.0066456251,2270.85712530416,54.5808509716452,26909.9029198632,,,,,,
8/15/19,8,13522.1471019585,12285.9117922084,2374.01637599178,58.7865141663079,28240.8613247056,,,,,,
8/15/19,9,14211.2130911986,12785.9698037117,2435.82154742311,64.7131413743285,29497.7151540172,,,,,,
8/15/19,10,14618.0001924143,13366.6104901999,2388.11352561264,71.1692817716594,30443.8923405717,,,,,,
8/15/19,11,14948.845047629,14171.2233475702,2407.10228747632,80.5942363341042,31607.7634567902,,,,,,
8/15/19,12,15664.1294239766,15171.6325115951,2428.01843974279,90.895825095501,33354.6748923757,,,,,,
8/15/19,13,16492.6794039444,16213.1396277425,2532.67883507235,101.369117615886,35339.8644898794,,,,,,
8/15/19,14,17597.4817774979,17444.7556916139,2669.09676308578,110.774606292497,37822.1056550704,,,,,,
8/15/19,15,18709.2544395374,18425.4433493921,2829.95356020225,115.981536981001,40080.6305865008,,,,,,
8/15/19,16,19745.3111052811,19395.7400640953,2970.49310013611,119.538995929997,42231.0811916298,,,,,,
8/15/19,17,20508.7743663881,19881.4461002437,3067.12833458883,120.76513960566,43578.1117007134,,,,,,
8/15/19,18,21009.6471390353,19831.1601691223,3188.51941337232,118.901035051199,44148.2267558233,,,,,,
8/15/19,19,21090.5789347516,18998.2816217231,3170.68408965487,115.826322522416,43375.3710480545,,,,,,
8/15/19,20,20692.4603068762,18107.0968712791,3140.28105650174,105.339442307401,42045.1814187288,,,,,,
8/15/19,21,19871.1487642768,17711.2442745311,3054.34502675909,94.9118185297341,40731.6506543486,,,,,,
8/15/19,22,18560.6080275332,16546.2512743115,2891.46824681044,82.3656707510379,38080.695340879,,,,,,
8/15/19,23,16494.4842192596,14895.0236327365,2620.16671756774,72.2424584590734,34081.9195009102,,,,,,
8/15/19,24,14811.654141212,13371.4805380594,2357.44362918512,64.6338320223204,30605.21553426,,,,,,
8/16/19,1,13637.7321980045,12288.0322281025,2258.8528496324,58.9635519888842,28243.5823474793,,,,,,
8/16/19,2,12761.3610688576,11480.5071967203,2137.56749966963,54.7098465074976,26434.0879135187,,,,,,
8/16/19,3,12116.4653396984,10979.7484587452,2040.85794117036,51.6972685438128,25188.7693844834,,,,,,
8/16/19,4,11715.3129139172,10691.3884704453,2000.97693732409,50.5499897496782,24458.2291023473,,,,,,
8/16/19,5,11662.4533483859,10694.3443754116,2033.6089502042,51.1376216927644,24441.5445325361,,,,,,
8/16/19,6,12053.6169653354,11123.1746634734,2116.83762666447,52.3274043159778,25345.9547053847,,,,,,
8/16/19,7,12889.7193741442,11756.0949222166,2266.90868330192,53.6032522545464,26966.3226180461,,,,,,
8/16/19,8,13637.4410970173,12287.5234140533,2389.61858250867,56.8792619065874,28371.4601493827,,,,,,
8/16/19,9,14238.3828244591,12653.0746360068,2455.59826395814,62.0704280364451,29409.1262564819,,,,,,
8/16/19,10,14618.3069976885,13203.3387617172,2321.65622554997,69.1556453464522,30212.4575145395,,,,,,
8/16/19,11,15076.1761707037,13903.1417298069,2256.00836596925,78.0732349298757,31313.398316429,,,,,,
8/16/19,12,15528.3995395661,14734.1508261851,2283.45480352426,86.6674067500434,32632.6722003055,,,,,,
8/16/19,13,16205.8143807518,15573.2998235395,2335.3901134593,99.8712333700365,34214.3754748296,,,,,,
8/16/19,14,17160.3356579516,16478.0579377735,2422.41601896796,109.555476815331,36170.3644693083,,,,,,
8/16/19,15,18042.9143745419,17278.0912236834,2500.76837119219,114.275594410922,37936.0488269886,,,,,,
8/16/19,16,18824.6050141968,18019.7669139973,2620.06076175502,116.043211162871,39580.4764859458,,,,,,
8/16/19,17,19506.6654718581,18209.187274506,2753.18305111557,117.820789775155,40586.8573618723,,,,,,
8/16/19,18,19788.916200658,18101.9129841034,2834.18270411854,116.874501755404,40841.8859480708,,,,,,
8/16/19,19,19621.0882272935,17448.705637097,2827.46764398831,114.048540225438,40011.3108917977,,,,,,
8/16/19,20,18934.0040412982,16522.7676625616,2825.01494830128,104.262424467435,38386.0506777453,,,,,,
8/16/19,21,18161.5297056586,15895.1806809276,2815.20897897316,94.7047957730969,36966.6249250245,,,,,,
8/16/19,22,16940.4089486617,14975.7226885965,2667.76759881799,83.8655077584828,34667.7656919391,,,,,,
8/16/19,23,15350.6782909086,13823.611783981,2485.76382538194,72.5698477737238,31732.6255559356,,,,,,
8/16/19,24,13949.9702465998,12680.4095360503,2286.9817671526,64.6974988542649,28982.0600247932,,,,,,
8/17/19,1,12811.6767648449,11886.1762975912,2141.07535846547,59.6639254033848,26898.5933282054,,,,,,
8/17/19,2,11950.9681772657,11195.186668331,2033.86341667596,54.8198820135574,25234.8392815204,,,,,,
8/17/19,3,11374.6396934802,10649.691398286,1950.94150565561,51.1977772768173,24026.4714583126,,,,,,
8/17/19,4,11007.1623025097,10327.9236586119,1897.02268317654,48.9535020220583,23281.0631472518,,,,,,
8/17/19,5,10823.0532837683,10229.9960077308,1889.86027264836,48.2888003183815,22991.198643185,,,,,,
8/17/19,6,10898.7264140245,10376.9311343464,1929.74331131314,48.4457427937069,23253.845714269,,,,,,
8/17/19,7,11128.1250117068,10455.2563727583,1975.28445285102,48.7253765204014,23607.3908052598,,,,,,
8/17/19,8,11470.9315019764,10600.2555728269,2019.85396201826,53.4691588739916,24144.5091955808,,,,,,
8/17/19,9,12182.5533419546,10952.9869034603,2038.07502908019,60.9040555544574,25234.5187005565,,,,,,
8/17/19,10,12320.4171928127,11292.9686665583,1957.66910838924,69.6153346193201,25640.6695093898,,,,,,
8/17/19,11,12490.9045674266,11562.0469247514,1913.13939133381,77.5789124648123,26043.6686787569,,,,,,
8/17/19,12,12649.3817166764,11983.1227387025,1904.74148938189,86.2448736905353,26623.4902377257,,,,,,
8/17/19,13,12714.7017860828,12593.355047511,1919.1951389439,94.0876548086803,27321.3393787024,,,,,,
8/17/19,14,13236.8736804253,13241.4764483497,1931.90248863402,100.351116300463,28510.6028378754,,,,,,
8/17/19,15,13814.8384579882,13990.00375418,2022.69294013685,104.526693781442,29932.0616849716,,,,,,
8/17/19,16,14446.697467474,14661.7964271142,2165.70492915484,107.736187172318,31381.9343061274,,,,,,
8/17/19,17,14795.1639481804,15265.3212169568,2313.18867475192,109.582058336329,32483.2559170822,,,,,,
8/17/19,18,15246.9700649091,15485.0079641356,2488.76648271861,109.693956428694,33330.4380983859,,,,,,
8/17/19,19,15527.767435066,15083.7421030413,2564.37455236211,107.110327362137,33282.9948885619,,,,,,
8/17/19,20,15284.8994841066,14554.5968768331,2625.96811707401,97.2903712598947,32562.7555968557,,,,,,
8/17/19,21,14908.4328044206,14292.2582535461,2654.88447313063,88.1650012031744,31943.7416039167,,,,,,
8/17/19,22,14132.4438427649,13647.6859976485,2563.72106457433,77.677547396495,30421.5292539223,,,,,,
8/17/19,23,13072.4090402249,12795.5951887152,2408.87371303292,66.8782956757839,28343.7572926651,,,,,,
8/17/19,24,12083.4999415738,11876.7579497403,2213.63924741908,56.8632295065727,26230.7616131416,,,,,,
8/18/19,1,11257.9693428683,11137.3104537709,2090.32804476916,51.0492639526551,24536.6583920034,,,,,,
8/18/19,2,10666.1114977134,10486.8373825341,1988.29198134338,46.4076252130338,23187.6495151323,,,,,,
8/18/19,3,10255.5600367608,10099.7884692122,1911.14169542475,43.5581768666549,22310.0492127512,,,,,,
8/18/19,4,9985.00251701362,9816.11416062658,1864.38893433498,41.1815295428011,21706.6872840177,,,,,,
8/18/19,5,9891.19614098903,9698.27254999619,1849.97731275067,40.6656724966022,21480.1118195809,,,,,,
8/18/19,6,9959.93259981982,9738.07241594036,1879.68242580012,40.8540325091816,21618.5413405758,,,,,,
8/18/19,7,10033.8067017353,9674.31220100266,1906.55832067368,40.8607744285585,21655.5382562977,,,,,,
8/18/19,8,10142.7435613792,9766.68355992796,1949.88933146284,44.0316799941682,21903.3481533356,,,,,,
8/18/19,9,10440.6759568359,10024.138623964,2031.01678575507,49.0150589159012,22544.8454060272,,,,,,
8/18/19,10,10456.2622588054,10311.7143440531,1912.02605459983,57.2909984933904,22737.2939761548,,,,,,
8/18/19,11,10385.3566609223,10555.7743126343,1824.48399559323,66.9483359611993,22832.5630585067,,,,,,
8/18/19,12,10410.0061981736,10835.6393326559,1808.75624464835,76.7366286389138,23131.1385329731,,,,,,
8/18/19,13,10652.7419167832,11372.1931512925,1818.10329315855,85.9020329442832,23928.9395020444,,,,,,
8/18/19,14,11128.4519761529,12213.5316059689,1889.8795568138,93.9816321964982,25325.8438368875,,,,,,
8/18/19,15,11525.6965668602,13097.591178569,1979.1815273456,99.6546093316345,26702.1237559143,,,,,,
8/18/19,16,12191.4758572619,13983.8828320699,2136.75330971343,100.322690830767,28412.4344451591,,,,,,
8/18/19,17,13052.9605302283,14690.9429711192,2316.7097579657,102.03419996389,30162.6465428425,,,,,,
8/18/19,18,13881.9949486798,15159.4278246691,2543.22948503419,99.9684013770689,31684.619570792,,,,,,
8/18/19,19,14444.30944853,15173.4560483724,2669.71792595844,96.235139259943,32383.7185537696,,,,,,
8/18/19,20,14459.8390697249,14819.9763215357,2724.94347503495,89.8184911054225,32094.5770410526,,,,,,
8/18/19,21,14331.0481862999,14596.4337835929,2738.11567801292,83.1057657445475,31748.7030088117,,,,,,
8/18/19,22,13579.0651411082,13801.9263636645,2619.5415070316,73.6647925725027,30074.1983576798,,,,,,
8/18/19,23,12441.4040206111,12727.4452561192,2404.49190437988,63.0724358711662,27636.4158550606,,,,,,
8/18/19,24,11397.6443600205,11654.4159068483,2191.8454242867,53.0660221623354,25296.973746641,,,,,,
8/19/19,1,10642.8171664234,10787.3040726058,2081.16007418838,47.130316171604,23558.411712624,,,,,,
8/19/19,2,10163.5725458607,10226.1684597826,1979.13077189773,42.8847569133204,22411.757074429,,,,,,
8/19/19,3,9877.46465840318,9912.47009933229,1939.17721958495,40.541693245131,21769.653868301,,,,,,
8/19/19,4,9830.36837864348,9740.29280696702,1931.94686224338,39.4131216828853,21542.0202206662,,,,,,
8/19/19,5,10034.4903611777,9956.33368621406,1953.00206242281,41.2140380808817,21985.040140127,,,,,,
8/19/19,6,10646.2016951866,10648.1081061332,2096.34963044368,44.6937178561495,23435.3526931498,,,,,,
8/19/19,7,11602.3685991296,11405.4364448986,2281.71473760915,47.4052251549246,25336.924209321,,,,,,
8/19/19,8,12140.5690321363,11837.1717032563,2379.82120263106,50.644330611119,26408.2051520913,,,,,,
8/19/19,9,12439.628908705,12260.9717588398,2401.84155356683,54.6666221387828,27157.1082660037,,,,,,
8/19/19,10,12451.7985897129,12586.3221023491,2295.93548397315,60.8260929027476,27394.8823799495,,,,,,
8/19/19,11,12318.0075773654,12995.0202192738,2218.61869647763,70.6147085985393,27602.2616750852,,,,,,
8/19/19,12,12259.848646754,13578.4025941475,2194.40993358988,80.3742155046949,28113.0347131175,,,,,,
8/19/19,13,12077.4564645042,14304.1096187887,2250.75799495342,88.1746036977861,28720.4978359751,,,,,,
8/19/19,14,12419.38202579,15229.4813583264,2349.78128477343,94.3955770908628,30093.0399343118,,,,,,
8/19/19,15,12941.6851238565,16235.1667552419,2475.22323216442,99.6336696144383,31751.7076788523,,,,,,
8/19/19,16,13563.5341054355,17058.718686601,2626.55393610417,104.561261904667,33353.3673696998,,,,,,
8/19/19,17,14337.3072071903,17569.0789223658,2749.14421558012,106.906344984786,34762.4349423149,,,,,,
8/19/19,18,15041.1774688819,17725.5477387484,2927.85534881437,106.209826308419,35800.7903953752,,,,,,
8/19/19,19,15457.905791058,17363.34300982,3026.10353464073,102.446298419617,35949.8010694515,,,,,,
8/19/19,20,15502.7319031857,16595.0905061059,3056.68443229537,94.9183793482631,35249.4253171014,,,,,,
8/19/19,21,15251.4328468116,16187.7516901582,3028.26492832324,86.2286073762662,34553.6779630429,,,,,,
8/19/19,22,14361.2878403178,15121.4301803563,2875.18593192559,76.0849631806326,32433.9901839995,,,,,,
8/19/19,23,13042.1419618207,13746.0735145409,2622.22553281933,67.1016256712083,29477.5437918756,,,,,,
8/19/19,24,11919.448401733,12420.4410353496,2376.09167587612,60.0213967088504,26776.0037633674,,,,,,
8/20/19,1,11164.1583000903,11510.942394602,2262.34972537388,54.4477273009819,24991.8975138275,,,,,,
8/20/19,2,10644.689185243,10823.5795064988,2158.5850713844,50.4441970423206,23677.2989786152,,,,,,
8/20/19,3,10303.4617387147,10346.0312689438,2065.09974426592,47.8683613593799,22762.461331901,,,,,,
8/20/19,4,10182.5729802259,10100.5360282436,2010.76686336528,46.7512322446163,22340.6274549528,,,,,,
8/20/19,5,10302.2887725315,10215.4374335787,2041.96515809199,47.5056141935823,22607.1970243708,,,,,,
8/20/19,6,10827.0615424014,10775.4159338714,2159.12834443478,51.6239062112169,23813.2285941762,,,,,,
8/20/19,7,11783.0991640086,11399.759464387,2332.7870119348,53.9289616226844,25569.5733102925,,,,,,
8/20/19,8,12311.4705335644,11818.4578373228,2418.55006571663,55.9042282794364,26604.3816946425,,,,,,
8/20/19,9,12359.6428117981,12305.992403454,2427.91388936424,58.6754612144417,27152.2240181699,,,,,,
8/20/19,10,12225.861110136,12953.3833017204,2356.9309979974,64.2738277986177,27600.4475887628,,,,,,
8/20/19,11,12079.8522377778,13565.9495994334,2419.83118095658,71.7587475016984,28137.3918666658,,,,,,
8/20/19,12,11958.7421604626,14281.9551090789,2424.44878309003,81.5289336239515,28746.6744069193,,,,,,
8/20/19,13,11963.0776849092,15142.2884386466,2476.90695545121,91.2040990530292,29673.4753085566,,,,,,
8/20/19,14,12432.6992919556,16223.5600378043,2602.96359674081,98.693126599138,31357.9147754612,,,,,,
8/20/19,15,13026.3704373507,17232.3115193707,2775.95863435712,105.885106306302,33140.5256861251,,,,,,
8/20/19,16,13762.9289847629,18166.4324949291,2876.28167896216,110.037682170304,34915.6794343892,,,,,,
8/20/19,17,14640.8118265204,18778.6677109358,2963.66450854443,112.532580757687,36495.6734861549,,,,,,
8/20/19,18,15270.9801532903,18837.2897872711,3077.61458116072,111.182873200064,37297.0679566039,,,,,,
8/20/19,19,15556.5437379411,18281.6357777296,3113.07829507218,107.17973236387,37058.4379106291,,,,,,
8/20/19,20,15523.3902509577,17435.3756265524,3129.04868768913,98.0861471475411,36185.900533129,,,,,,
8/20/19,21,15363.5966214424,16902.4356315725,3030.12661246884,89.153025362337,35385.3132161278,,,,,,
8/20/19,22,14518.5892243012,15670.061656412,2951.71434665319,78.7043206377612,33219.0705164444,,,,,,
8/20/19,23,13183.6468802773,14121.7942197229,2677.33553330342,68.1452457215728,30050.9229277549,,,,,,
8/20/19,24,12060.0476613919,12735.1221481357,2394.39095644519,60.5231436613518,27250.0845561984,,,,,,
8/21/19,1,11316.1304938783,11741.7500240259,2244.01542702521,55.4869532051615,25357.3828722239,,,,,,
8/21/19,2,10803.2035447899,10971.9803565502,2113.20855773617,52.1615423059839,23940.5540566054,,,,,,
8/21/19,3,10441.0791540343,10435.1253596725,2020.61379794182,49.7692510987691,22946.5881699069,,,,,,
8/21/19,4,10283.7801634536,10168.8747235205,1972.86599359751,47.1675784317368,22472.6890041548,,,,,,
8/21/19,5,10412.9381680223,10187.0692993624,2000.32244648075,48.0488284498998,22648.3787770017,,,,,,
8/21/19,6,10947.9738288514,10752.9943249431,2128.006566203,51.6482822878798,23880.6224287138,,,,,,
8/21/19,7,11793.0773957073,11387.0278209231,2268.51153051743,53.6555694002726,25502.2715103307,,,,,,
8/21/19,8,12216.7393967556,11843.5114691834,2343.95908128366,56.5501914906906,26460.7588734597,,,,,,
8/21/19,9,12164.0043126768,12478.3242836701,2413.71040939554,59.091327598095,27115.1297743179,,,,,,
8/21/19,10,12101.7538404013,13152.3129227144,2437.54803862137,63.5090024344708,27755.1232116896,,,,,,
8/21/19,11,12217.0299333065,13894.8569817106,2429.01598719095,71.8825069695698,28612.7852909506,,,,,,
8/21/19,12,12432.9431050954,14845.0983255264,2446.05223468067,82.9938371035657,29807.087502947,,,,,,
8/21/19,13,12801.0652647113,15910.4357158534,2545.47488254283,93.5924131610125,31350.5674948671,,,,,,
8/21/19,14,13560.4147774069,17208.064283509,2719.82751830053,104.196306789768,33592.5023909879,,,,,,
8/21/19,15,14446.4322349179,18429.0699184565,2898.69434555793,109.577792974968,35883.7743158647,,,,,,
8/21/19,16,15364.9195432966,19341.0906842028,3091.50256221193,114.404197536692,37911.9161147328,,,,,,
8/21/19,17,16270.3118829728,19808.7426006755,3202.32392595114,116.82107132799,39398.1994878814,,,,,,
8/21/19,18,16995.028765137,19946.2282346287,3326.39758784967,115.717915190859,40383.3718292595,,,,,,
8/21/19,19,17355.0977809551,19282.8560151884,3338.09020768016,111.467406033055,40087.5128935009,,,,,,
8/21/19,20,17161.8873798843,18448.3104824762,3270.23942805283,101.292489743346,38981.7302038834,,,,,,
8/21/19,21,16883.1019694458,17773.0254232315,3198.98858994382,91.8760951339624,37946.9935868791,,,,,,
8/21/19,22,15875.3624158092,16392.757753108,2994.42946328816,80.3776306642551,35342.9287345331,,,,,,
8/21/19,23,14450.643358469,14726.4532733673,2691.34477994648,70.0990966674908,31938.5416438024,,,,,,
8/21/19,24,13241.4561345966,13247.7286591247,2409.28131889842,62.7323750485695,28961.1997300692,,,,,,
8/22/19,1,12326.6059267107,12138.1977110158,2251.72681619391,57.6685234312992,26774.1995894967,,,,,,
8/22/19,2,11668.3107105893,11283.1048601362,2125.67406502751,53.3317056044819,25130.4215381976,,,,,,
8/22/19,3,11272.6497566022,10792.7899232093,2065.56983635736,49.8378563887064,24180.8473737188,,,,,,
8/22/19,4,11075.5290546534,10439.4706532708,2015.96071831143,49.4734565264348,23580.4341638469,,,,,,
8/22/19,5,11166.0290372015,10518.7856357519,2045.73709378467,51.1783672603817,23781.7297691491,,,,,,
8/22/19,6,11710.1467702638,11073.7112222881,2135.00823956386,52.2788529326975,24971.1446731385,,,,,,
8/22/19,7,12731.511874396,11759.673427325,2321.4853288457,54.6888714196314,26867.3598453388,,,,,,
8/22/19,8,13296.1640220717,12181.957248035,2437.89997007927,58.6257495847254,27974.6467664471,,,,,,
8/22/19,9,13388.4052144339,12704.7297232965,2533.1408676328,56.2125179542451,28682.4892738679,,,,,,
8/22/19,10,13488.6572320409,13241.4474735135,2441.76818801068,68.1511722704994,29240.0229122053,,,,,,
8/22/19,11,13715.1045725117,13922.04668067,2265.10273442495,75.9192798883686,29978.1723127138,,,,,,
8/22/19,12,14332.6206090946,14607.2428613685,2241.8755106344,84.1311750988341,31265.8668554362,,,,,,
8/22/19,13,14897.6726247335,15394.5377396847,2281.85085494868,88.8380093691491,32662.8964665946,,,,,,
8/22/19,14,15764.4838589008,16412.3664775406,2384.97962052884,95.0544847619908,34656.8841051781,,,,,,
8/22/19,15,16634.7092941496,17180.9708787852,2416.70149649146,100.316609535715,36332.698088787,,,,,,
8/22/19,16,17537.2426459451,17772.7080035812,2523.49330726345,105.374697429355,37938.8173370653,,,,,,
8/22/19,17,18288.7398557549,18008.5474761473,2628.80870862088,107.191245973192,39033.2865343872,,,,,,
8/22/19,18,18752.9133813685,17979.6952086748,2761.42369626758,104.882776237705,39598.9160704011,,,,,,
8/22/19,19,18790.6361168269,17248.0947561761,2809.13097730869,102.735902069658,38950.5985792897,,,,,,
8/22/19,20,18266.6243950032,16507.623457267,2843.51619556797,96.2429457359111,37714.0076382257,,,,,,
8/22/19,21,17683.2763626664,15948.8051266061,2838.26726978422,89.6192696145877,36559.9688766417,,,,,,
8/22/19,22,16497.1067501833,14920.490519812,2701.51187098333,78.5392712633988,34197.6509187479,,,,,,
8/22/19,23,14852.2817967288,13662.9667355952,2474.95797364005,69.2037008318243,31059.4111756112,,,,,,
8/22/19,24,13445.7944178247,12424.635418348,2267.59227105465,61.5299969748896,28199.5532503229,,,,,,
8/23/19,1,12463.6584475676,11513.0576783754,2142.3858646767,56.5363811468137,26175.6391110693,,,,,,
8/23/19,2,11742.0128677513,10943.4914275234,2035.03955449823,53.6185435294871,24774.1632540909,,,,,,
8/23/19,3,11234.5839809321,10528.8083921101,1965.719481302,51.8669331165016,23780.97814692,,,,,,
8/23/19,4,10961.9899347805,10339.0842565413,1936.07136296546,51.5915155703414,23288.7371718888,,,,,,
8/23/19,5,11025.8345367289,10452.4204612106,1969.58940453806,52.4137130444838,23500.257546173,,,,,,
8/23/19,6,11548.3053006043,10995.3566638005,2095.96058935368,54.2948170885514,24693.9168008692,,,,,,
8/23/19,7,12481.1927528609,11739.3152054035,2266.29698806483,55.8887392608063,26542.6931525973,,,,,,
8/23/19,8,13066.8018357423,12189.5817128632,2377.37697880931,59.071197524757,27692.8308695941,,,,,,
8/23/19,9,13344.980338057,12475.867382735,2416.97654289079,63.3683149407197,28301.1924026702,,,,,,
8/23/19,10,13596.6280251467,12687.882744288,2316.84569594891,68.8170706528164,28670.1739125716,,,,,,
8/23/19,11,13952.486804839,13079.9013014331,2248.88481422124,76.0933614487303,29357.3658534616,,,,,,
8/23/19,12,14441.6659462857,13591.5604742687,2252.08876793986,84.864690705021,30370.1797958708,,,,,,
8/23/19,13,15001.8589306311,14175.101316344,2272.36764494337,92.7625385003549,31542.0900722711,,,,,,
8/23/19,14,15717.6983601027,14938.1103160532,2368.57486945166,98.6214983626076,33123.0047428128,,,,,,
8/23/19,15,16427.9002813451,15791.908111019,2487.23286244018,101.313099811053,34808.3541365737,,,,,,
8/23/19,16,17194.6131054276,16635.9836312652,2647.32646848078,106.942110429485,36584.864868815,,,,,,
8/23/19,17,17774.868638081,17186.6352617949,2793.51192097854,106.977928921261,37861.993499806,,,,,,
8/23/19,18,18010.8192638782,17506.2451492909,2943.11793870059,107.611962056409,38567.7953056602,,,,,,
8/23/19,19,17893.3962812805,16985.5399869797,2954.89130153158,102.126446731337,37935.9541634689,,,,,,
8/23/19,20,17334.9719797073,16463.166677383,2933.82319501621,95.6636588504223,36827.6259083977,,,,,,
8/23/19,21,16783.9559727257,16066.0107305482,2922.40737877431,87.3976549476089,35859.7718585144,,,,,,
8/23/19,22,15853.4287769349,15236.36169469,2818.7428135555,78.9797073627231,33987.512743378,,,,,,
8/23/19,23,14433.2432505417,14074.155675107,2606.65916461796,70.4062039982993,31184.4653834518,,,,,,
8/23/19,24,13306.3791108227,13044.6233123355,2380.02257453,63.8244487515149,28794.8500276983,,,,,,
8/24/19,1,12358.570282237,12115.8967692576,2217.87762271592,58.9763643589054,26751.3216689419,,,,,,
8/24/19,2,11663.4198984956,11429.2335462118,2095.36107429152,54.8277593803149,25242.8424569915,,,,,,
8/24/19,3,11161.4494079815,10886.1946965348,1994.90932855812,52.4242789713619,24094.9783833479,,,,,,
8/24/19,4,10832.2563360808,10520.8076911225,1928.53077714006,51.213544939878,23332.8083380085,,,,,,
8/24/19,5,10707.8075522107,10403.6474354432,1916.27044637819,50.4052360141968,23078.1312385123,,,,,,
8/24/19,6,10868.1679744623,10545.5804133286,1950.98819569752,51.7000295687448,23416.4360811799,,,,,,
8/24/19,7,11188.9226149501,10600.4711353305,1981.84150531955,53.6612674453598,23824.8969029887,,,,,,
8/24/19,8,11457.2685359547,10818.4315123904,2078.91902248656,53.4717457802683,24408.091215207,,,,,,
8/24/19,9,11997.6253468048,11306.2316320028,2102.80084221255,61.3392903357039,25467.9964511446,,,,,,
8/24/19,10,12152.5281193983,11930.7907015193,2131.8057435746,68.8372999631667,26283.9611808771,,,,,,
8/24/19,11,12392.3611012396,12711.6800083736,2164.37699031659,78.1518718052115,27346.5694066705,,,,,,
8/24/19,12,12753.2538527023,13695.4575630525,2222.34625804512,85.9853024235747,28757.0417693048,,,,,,
8/24/19,13,12937.9171567205,14823.7680569411,2293.53614266404,92.9414213755727,30148.1625314215,,,,,,
8/24/19,14,13637.6984203962,15870.8792028418,2351.94650523612,100.665916082525,31961.1887996622,,,,,,
8/24/19,15,14412.5509026328,16836.9873560819,2476.80711208947,105.225588647121,33831.5704263855,,,,,,
8/24/19,16,15245.9098416359,17740.3491264599,2658.26521376354,100.275770350723,35744.7995355972,,,,,,
8/24/19,17,15989.7175485802,18184.4392282615,2797.28585395385,109.206266062809,37080.6483530369,,,,,,
8/24/19,18,16656.5824930547,18333.6829464811,2961.23875829216,108.389203914746,38059.893973782,,,,,,
8/24/19,19,16921.7720887196,17951.0691823193,3010.45640364748,103.838078054027,37987.137152855,,,,,,
8/24/19,20,16560.1767062768,17217.6419366386,2974.71881511165,96.243358038622,36848.7806367723,,,,,,
8/24/19,21,16199.2816725636,16627.2909091579,2952.94772048875,86.7149885575079,35866.2361894515,,,,,,
8/24/19,22,15355.9810140013,15611.1450514759,2867.88938045576,78.1707783820963,33913.1874456078,,,,,,
8/24/19,23,14225.5731485083,14489.7550256769,2670.44365597363,70.0715430516814,31455.8447499243,,,,,,
8/24/19,24,13081.4832310393,13326.6501660851,2447.04240319972,64.1808554612547,28919.3580653093,,,,,,
8/25/19,1,12165.1947358612,12304.3093279825,2282.21557028143,60.0099342276269,26811.7298155515,,,,,,
8/25/19,2,11468.833932472,11526.5843988735,2157.11856095874,57.5101437939718,25210.0470155098,,,,,,
8/25/19,3,11045.3220800813,10899.6352089699,2069.67541031766,55.9969904337392,24070.6296593022,,,,,,
8/25/19,4,10721.4133371227,10552.0927129638,2038.25919497646,54.0961004787827,23365.861019555,,,,,,
8/25/19,5,10555.8426448637,10313.8231439218,1979.63985609165,53.0194354306435,22902.324937737,,,,,,
8/25/19,6,10591.8757278228,10301.72646855,1995.81472056203,53.1416938626822,22942.5587950156,,,,,,
8/25/19,7,10671.6554065272,10230.6966844454,2015.51051865974,52.7693440755028,22970.6313721978,,,,,,
8/25/19,8,10908.7831073665,10362.7794537599,2090.45297690447,56.6515262200988,23418.6658198216,,,,,,
8/25/19,9,11651.776961838,10825.0285255542,2176.67623530336,62.1446086115445,24715.6258618482,,,,,,
8/25/19,10,11601.9257766465,11488.5967696623,2225.04805845745,69.6825566940273,25385.2523949268,,,,,,
8/25/19,11,11856.2144978777,12432.5412892989,2339.96207263288,79.3588287818326,26708.0751560992,,,,,,
8/25/19,12,12214.805525899,13544.8567199546,2484.95511847898,87.3665972916804,28331.9835346993,,,,,,
8/25/19,13,12904.5793233676,14766.4514965008,2631.18326477074,95.225240659219,30397.438426372,,,,,,
8/25/19,14,13821.51843799,16083.073936599,2746.90407403642,102.842286123228,32754.3376908036,,,,,,
8/25/19,15,14770.0291808929,17151.5284503089,2910.27879459232,108.06364121197,34939.8987893213,,,,,,
8/25/19,16,15697.0351062044,17976.8073016674,3103.39508356655,111.710048203558,36888.9469784708,,,,,,
8/25/19,17,16485.3135280254,18381.285987583,3256.73837133377,112.975571387308,38236.3129618998,,,,,,
8/25/19,18,17238.1579073658,18461.868413854,3392.55168669828,114.591737257774,39207.170271458,,,,,,
8/25/19,19,17598.1019563135,18086.9167594281,3406.52483749551,111.975663903645,39203.5197389893,,,,,,
8/25/19,20,17266.1225688301,17399.887187378,3418.97069643479,101.674034233266,38186.6547342944,,,,,,
8/25/19,21,16823.34177502,16876.8683699091,3372.45427555433,94.2265100996838,37166.8914308987,,,,,,
8/25/19,22,15738.944589744,15726.7015390012,3236.15536033765,82.9423465715895,34784.744358129,,,,,,
8/25/19,23,14196.9072128558,14362.0121742498,2935.41306754383,72.4972329874618,31566.8305457408,,,,,,
8/25/19,24,12874.8609551613,13106.1192346613,2624.93799037428,64.1210550327466,28670.038939302,,,,,,
8/26/19,1,11942.1809148213,12138.5394811397,2457.8970578082,59.2165305878038,26597.8346922862,,,,,,
8/26/19,2,11283.653321421,11418.8477066127,2343.84030450717,55.6090064220742,25101.9508869369,,,,,,
8/26/19,3,10849.9690469434,11030.6988268412,2251.08866846571,53.2059206281325,24184.9632434039,,,,,,
8/26/19,4,10650.1177301856,10805.9224344935,2202.96756537415,52.1835632952755,23711.1914211862,,,,,,
8/26/19,5,10750.5872533044,10992.1347333419,2197.67319541601,52.9106690059647,23993.3056505972,,,,,,
8/26/19,6,11295.8998724624,11640.7311205964,2343.55834899247,55.0372768323909,25335.226196718,,,,,,
8/26/19,7,12317.5775950772,12449.8775953658,2537.97865797931,56.5533619203224,27361.9872572419,,,,,,
8/26/19,8,12935.5574305598,13150.4102033856,2675.93871917101,61.0653430552136,28822.9701935925,,,,,,
8/26/19,9,13137.392979247,13932.0640258101,2786.58041033793,66.246211436177,29922.2830396707,,,,,,
8/26/19,10,13342.6804825477,14703.6472530285,2870.85266301447,74.3328411921176,30991.5133726522,,,,,,
8/26/19,11,13631.6779360275,15540.4165204935,2957.12507050069,83.7499389199119,32212.9690937063,,,,,,
8/26/19,12,14111.505021276,16598.4893012899,3068.84922541226,94.544336702972,33873.3885224204,,,,,,
8/26/19,13,14834.8983206164,17630.3948491432,3140.88159388794,101.380187562661,35707.5537208773,,,,,,
8/26/19,14,15867.3109342786,18765.4038295934,3238.68759599345,104.345937433989,37975.7476887771,,,,,,
8/26/19,15,16888.6414720677,19701.2036495004,3348.37298848104,116.938101839218,40055.153907254,,,,,,
8/26/19,16,17781.3125236476,20541.2334967546,3475.15408575521,120.943180553815,41918.6414559918,,,,,,
8/26/19,17,18641.0494775878,20832.8290353927,3539.31933414655,123.256280298548,43136.4547324351,,,,,,
8/26/19,18,19175.7499156435,20593.3583847256,3656.27742988549,124.334386366763,43549.7200875691,,,,,,
8/26/19,19,19310.4051094861,19805.1008295581,3603.82332271301,120.403941740408,42839.7341631899,,,,,,
8/26/19,20,18738.5999037116,19030.1933901187,3525.64237745688,111.172304097546,41405.6082981427,,,,,,
8/26/19,21,18026.5779015697,18372.7556524006,3464.15531622184,100.616246408672,39964.107413767,,,,,,
8/26/19,22,16678.0821705193,17203.6389645903,3274.05153083281,89.3329455869736,37245.1066294494,,,,,,
8/26/19,23,14973.8313352823,15588.6897737972,2950.46318629251,78.9224632594455,33591.9084343616,,,,,,
8/26/19,24,13605.7628467233,14122.8543732671,2645.60444793055,69.3585432925198,30443.5820790914,,,,,,
8/27/19,1,12614.6181117293,13028.9904321303,2458.38725104845,63.3567069108158,28165.3538425793,,,,,,
8/27/19,2,11904.2869905021,12210.8943963477,2350.79515257671,58.7164719214335,26524.693496219,,,,,,
8/27/19,3,11453.820655322,11714.6771865117,2249.79677426727,56.2083463183188,25474.5028331981,,,,,,
8/27/19,4,11202.2772436664,11343.9398161027,2196.90399631928,54.229700569483,24797.351393646,,,,,,
8/27/19,5,11193.1423335677,11420.3099141874,2232.656898594,55.0502180895839,24901.1597163558,,,,,,
8/27/19,6,11739.9789721927,11917.2296338758,2323.32821693946,56.2368021048298,26036.7732189217,,,,,,
8/27/19,7,12667.8258751954,12684.0638834996,2555.78518797831,58.6460188145922,27966.3198778273,,,,,,
8/27/19,8,13193.23252814,13290.7931591929,2655.15897071492,62.8424748404694,29202.0261222016,,,,,,
8/27/19,9,13302.8263806598,13967.9687806342,2702.45836330142,67.2497442943846,30040.5022888673,,,,,,
8/27/19,10,13436.4349511448,14691.6194344184,2713.05402783463,75.9518593158443,30917.0584353853,,,,,,
8/27/19,11,13710.5700775604,15571.8289492357,2725.62730279558,86.9628241249466,32094.9892908301,,,,,,
8/27/19,12,14247.458589186,16722.2628103831,2806.05496726546,98.1437033617029,33873.9174208166,,,,,,
8/27/19,13,14901.9175985291,17842.7540551995,2912.96219844212,107.139949347831,35764.772886555,,,,,,
8/27/19,14,15851.3391497801,18980.7129321324,3008.87450593699,115.776862039532,37956.7023196244,,,,,,
8/27/19,15,16686.3151457774,19890.2242765299,3107.22966805697,123.284276864225,39807.0525128021,,,,,,
8/27/19,16,17468.4412773091,20597.5200972195,3248.95669031441,125.946161162907,41440.8635261662,,,,,,
8/27/19,17,18264.7652284088,20827.9705758825,3341.42432108518,124.17038083861,42558.3296071153,,,,,,
8/27/19,18,18794.2322315609,20630.2867027604,3424.88575455195,128.228950014206,42977.633563122,,,,,,
8/27/19,19,18829.186266783,19800.2777185047,3373.4670012959,124.231288770534,42127.1629680468,,,,,,
8/27/19,20,18340.1649279513,18933.8044097658,3303.16453667596,113.663031061055,40690.7973735767,,,,,,
8/27/19,21,17708.5017480826,18297.809251474,3251.06521483435,105.355086759696,39362.7320951945,,,,,,
8/27/19,22,16441.630272169,17100.8157811181,3067.25503986192,93.3766621932653,36703.0793431076,,,,,,
8/27/19,23,14796.9685661784,15495.0554849382,2778.61854188296,83.2448962351179,33153.8887794626,,,,,,
8/27/19,24,13519.1823562351,14130.6661780102,2536.83874335638,73.3195544888049,30260.0084636651,,,,,,
8/28/19,1,12687.2371538459,12950.361853931,2348.28739797941,67.0061732789426,28052.8934894031,,,,,,
8/28/19,2,11937.4718939032,12151.7231132909,2248.83272250944,62.6356652256636,26400.664694901,,,,,,
8/28/19,3,11519.4723963003,11588.6421843603,2156.31751436449,59.414012674669,25323.8461803356,,,,,,
8/28/19,4,11218.6956958763,11278.387768579,2092.75723640216,56.909977184816,24646.750797281,,,,,,
8/28/19,5,11273.1295902906,11357.4130243691,2118.67350493127,56.8405878426055,24806.0555561198,,,,,,
8/28/19,6,11868.9357368942,11914.2618695621,2243.62441606541,58.570366664622,26085.3918620335,,,,,,
8/28/19,7,12860.7706337494,12700.9868354295,2470.92622975706,60.8657445094173,28093.5483942345,,,,,,
8/28/19,8,13409.7874667267,13263.8662667807,2597.38082257893,65.602172246051,29336.6364775269,,,,,,
8/28/19,9,13325.6674325197,13706.7873518511,2696.71604046985,72.0148461990844,29801.1853325067,,,,,,
8/28/19,10,13322.6743620356,14238.5246340593,2696.86229804974,81.0101839769759,30339.0713140901,,,,,,
8/28/19,11,13491.1943341726,14887.7569572126,2516.29072542699,92.8974084287438,30988.1387497002,,,,,,
8/28/19,12,13715.4046782528,15686.0514359748,2437.61359834443,102.078733320343,31941.1464348851,,,,,,
8/28/19,13,14090.0298543698,16582.7309954043,2472.23293687424,109.556216147061,33254.5489579765,,,,,,
8/28/19,14,14755.5534284218,17614.4206869091,2599.97271278918,115.700381900725,35085.6463044558,,,,,,
8/28/19,15,15396.8263913208,18483.319733163,2737.51062189384,120.236972796762,36737.8929166046,,,,,,
8/28/19,16,16135.4943094493,19195.8765937111,2927.55270358872,123.048549147354,38381.9694724788,,,,,,
8/28/19,17,16812.2382256358,19408.5833108175,3056.84952232707,123.273323515497,39400.9440511929,,,,,,
8/28/19,18,17274.8652410436,19429.7795564492,3192.84438236228,122.532186106354,40020.0214554451,,,,,,
8/28/19,19,17372.9718208551,18760.4590750152,3184.28586609593,115.61294853966,39433.3306160401,,,,,,
8/28/19,20,17023.293452318,18187.4883932336,3165.34108089711,110.920553566459,38487.0425031596,,,,,,
8/28/19,21,16632.3384929196,17626.0228041058,3121.8983119021,98.8549745054628,37479.1161817091,,,,,,
8/28/19,22,15586.5955230954,16439.2368580066,2942.50099385346,92.0177979819126,35060.3527787836,,,,,,
8/28/19,23,14175.616245808,14948.68929459,2687.18795017144,81.6861319579156,31893.1809285568,,,,,,
8/28/19,24,12985.986999646,13508.7722496744,2415.70357762015,72.7188720443596,28983.1828584122,,,,,,
8/29/19,1,12190.0030119685,12540.118110068,2272.16095899718,67.2455687329019,27069.5292862574,,,,,,
8/29/19,2,11590.8422699364,11861.2311809748,2152.06696929868,64.4591780030785,25668.6003285473,,,,,,
8/29/19,3,11212.6351485237,11340.7063350403,2061.37548893696,63.2656269965503,24677.9834631896,,,,,,
8/29/19,4,10913.2320707211,11095.2463512712,2015.56831998526,61.2326015557796,24085.2791656778,,,,,,
8/29/19,5,11023.6343024588,11198.3255811665,2041.50708298551,61.3406403407847,24324.808097038,,,,,,
8/29/19,6,11588.4560758756,11755.0623838333,2187.52490364717,62.9686381253609,25594.0114302528,,,,,,
8/29/19,7,12626.97295094,12587.1698068973,2404.69878409861,65.0499989512187,27683.8906632644,,,,,,
8/29/19,8,13154.3126502357,13161.7690111418,2509.9043849706,71.5465100034776,28897.532612814,,,,,,
8/29/19,9,13199.2250372954,13726.0140824031,2624.0254203785,77.840589971429,29627.1042257662,,,,,,
8/29/19,10,13201.0109884023,14467.7476347762,2611.59653518769,82.8363332398733,30363.1907623792,,,,,,
8/29/19,11,13126.6864836965,15235.5772540671,2579.33841540276,68.5222456902892,31010.124098554,,,,,,
8/29/19,12,13060.1464400539,16127.8758132685,2657.28916750779,99.3856140189892,31944.6958778516,,,,,,
8/29/19,13,13243.4675785406,17171.8705798164,2767.33681410742,104.941720463327,33287.6151805143,,,,,,
8/29/19,14,13866.5820717093,18510.8986717091,2910.12264482895,110.89345889071,35398.4957207401,,,,,,
8/29/19,15,14509.9023896152,19461.9366461794,3082.88672424207,114.525751834451,37169.2508247708,,,,,,
8/29/19,16,15275.2217094954,20417.9001693143,3257.43203446407,116.675947952999,39067.2284179601,,,,,,
8/29/19,17,16085.8491263031,20966.221094461,3393.37201290794,117.343271754564,40562.785597156,,,,,,
8/29/19,18,16638.9799974563,20898.5963112162,3501.84330666961,116.62814395232,41156.0489104213,,,,,,
8/29/19,19,16797.6436111037,20251.5652448533,3469.73091620686,112.466424131363,40631.4070458406,,,,,,
8/29/19,20,16481.5582289344,19410.4427868639,3412.1350043523,104.809525630859,39408.9469013682,,,,,,
8/29/19,21,16160.9260571864,18689.3837803446,3363.49603006333,96.0166343952891,38309.823454005,,,,,,
8/29/19,22,15198.1127570677,17429.7833519675,3178.98294502659,86.4546125083949,35893.3356433764,,,,,,
8/29/19,23,13861.4517069846,15760.293799239,2883.227143595,77.1071744482311,32582.0812272746,,,,,,
8/29/19,24,12697.5679871336,14148.6137389187,2582.48095361167,68.4233598368942,29497.0879415791,,,,,,
8/30/19,1,11859.6321405939,13037.3160117507,2413.12062366488,62.6794330859168,27372.7493926208,,,,,,
8/30/19,2,11268.3364099737,12272.0522061716,2303.78255723968,58.4803482225283,25902.6515390883,,,,,,
8/30/19,3,10857.2789044238,11705.2236689758,2216.50657788966,55.7493687967714,24834.7584733504,,,,,,
8/30/19,4,10671.6854034287,11405.690207177,2153.1329945404,54.3321090269192,24284.8406913176,,,,,,
8/30/19,5,10731.1126501517,11348.4594720645,2162.55621422718,55.11818783336,24297.2469104803,,,,,,
8/30/19,6,11231.7995769411,11825.0297445203,2236.00727264696,56.4761681131012,25349.3126790923,,,,,,
8/30/19,7,12118.3844588613,12443.9158588493,2414.46389746186,57.5977210494573,27034.3624989425,,,,,,
8/30/19,8,12602.0711802076,13084.3325888716,2518.10884556416,60.8699743533716,28265.3819047288,,,,,,
8/30/19,9,12633.2129358996,13828.8552379244,2669.36594076423,67.1395801393245,29198.5724616612,,,,,,
8/30/19,10,12604.579626493,14744.4839521816,2731.05101213403,73.2442898372212,30153.3568219083,,,,,,
8/30/19,11,12625.1435471849,15664.0359112314,2794.29475848543,68.8569917197848,31152.3310061157,,,,,,
8/30/19,12,12659.3768200322,16813.574335824,2884.7883526318,89.1859477759671,32446.923443039,,,,,,
8/30/19,13,12835.9978193696,17870.6168845557,2959.77312416404,95.881168811976,33762.2680561092,,,,,,
8/30/19,14,13457.7113093845,19066.6000963433,3121.32856807716,102.707515387408,35748.3459481864,,,,,,
8/30/19,15,14255.8101647775,20062.5703092521,3288.86669505771,107.897466842357,37715.1456212195,,,,,,
8/30/19,16,15144.229302647,20840.7175485218,3444.43090972737,111.572470507364,39540.9495688534,,,,,,
8/30/19,17,15984.5097281952,21211.8769212339,3521.81287712251,111.882166367616,40830.0798792275,,,,,,
8/30/19,18,16627.9264549841,20811.2198595162,3601.73419386606,111.866039545654,41152.7476267363,,,,,,
8/30/19,19,16751.7119517695,19987.9697977466,3518.20901153016,108.461415871933,40366.3541830649,,,,,,
8/30/19,20,16337.3971038312,18914.0726595964,3402.57886955101,97.9405528167403,38751.9909182454,,,,,,
8/30/19,21,15893.3175675343,18001.9687783057,3334.25457108614,89.6584851848079,37319.2023745294,,,,,,
8/30/19,22,14988.6929845851,16811.1331038354,3176.62292514331,79.6980970620071,35056.1499338895,,,,,,
8/30/19,23,13826.6441733387,15449.3171451715,2912.08305469572,70.4101681797384,32258.4566576404,,,,,,
8/30/19,24,12771.6116213855,14081.1057042311,2642.70502856815,62.5928147987101,29558.0173576894,,,,,,
8/31/19,1,11932.8680597392,13029.9769931816,2451.82633400683,57.6851451975459,27472.3574569247,,,,,,
8/31/19,2,11251.7568037668,12150.4966929292,2291.33038937952,53.7680617023751,25747.3524262459,,,,,,
8/31/19,3,10794.2425400421,11490.7430439792,2184.16060556165,51.0738276573846,24520.2199723788,,,,,,
8/31/19,4,10500.1364668158,11036.3557694497,2109.05753942946,49.6495159047705,23695.1994631545,,,,,,
8/31/19,5,10392.55823655,10752.1772107034,2093.9428278218,49.5998438873014,23288.2785806059,,,,,,
8/31/19,6,10522.5603083713,10805.609331604,2123.93753731543,50.2213656537927,23502.3285808437,,,,,,
8/31/19,7,10759.832825349,10853.8947137563,2194.68545031295,50.698092381148,23859.1120898243,,,,,,
8/31/19,8,11079.4788812269,10978.1543886031,2285.47629288639,53.3266576104945,24396.4362843623,,,,,,
8/31/19,9,11676.7270634775,11466.745004926,2363.05577971918,57.824218185295,25564.3507296203,,,,,,
8/31/19,10,11726.3604715809,12124.5378699159,2298.01181097655,64.4647264148484,26213.374314527,,,,,,
8/31/19,11,11487.7527384325,12956.1708971831,2329.30872989076,74.3846014280008,26847.614882873,,,,,,
8/31/19,12,11794.5062289968,14061.8591226259,2450.5401120725,85.1958057603544,28392.0982568973,,,,,,
8/31/19,13,12423.2479728785,15359.3547280316,2635.4373795136,94.800587853512,30512.8381582188,,,,,,
8/31/19,14,13255.939916448,16664.8422045601,2774.77285788328,102.518358334671,32798.0687958507,,,,,,
8/31/19,15,14083.5348322751,17813.8473684738,2922.64657456885,108.849382396476,34928.877968154,,,,,,
8/31/19,16,15066.9553161831,18677.0397477588,3077.37386201418,111.326810764171,36932.6939915828,,,,,,
8/31/19,17,15968.5516114357,19133.2637049803,3213.56983716822,111.918218853089,38427.3024543499,,,,,,
8/31/19,18,16660.0553589467,19181.9188732125,3344.11606516385,110.776455962328,39296.8689852216,,,,,,
8/31/19,19,16914.5576492703,18689.556774982,3344.18613744201,106.37152097349,39054.6740399792,,,,,,
8/31/19,20,16464.065084448,17809.2298259247,3269.99986080984,94.9828473372717,37638.2778787138,,,,,,
8/31/19,21,15910.0681217754,17046.7176528989,3167.98526365384,85.8703609073573,36210.644609819,,,,,,
8/31/19,22,14940.8660092786,16003.0305846257,3030.30675829445,75.6929903214118,34049.8977598075,,,,,,
8/31/19,23,13761.2065438532,14778.0459750443,2830.35616472954,66.6878598849291,31436.2972820427,,,,,,
8/31/19,24,12662.4278425264,13545.5734309583,2577.23796505215,59.4821214272492,28844.723484629,,,,,,
9/1/19,1,11783.4658582552,12578.3116561931,2401.33112306574,54.0312736541172,26817.14092948,,,,,,
9/1/19,2,11104.0333128052,11762.6073502113,2276.51601578478,50.146357614923,25193.3041128782,,,,,,
9/1/19,3,10610.7737136461,11192.2934659495,2178.96373923493,47.9904145844241,24030.0219707412,,,,,,
9/1/19,4,10266.9811570095,10725.0924447241,2115.54752716289,46.6919978457553,23154.3135289855,,,,,,
9/1/19,5,10096.767505429,10498.5887072791,2104.39918917553,47.1861914379823,22746.9414754109,,,,,,
9/1/19,6,10150.032739102,10492.5696057488,2106.2030549546,47.3444072864801,22796.1494996904,,,,,,
9/1/19,7,10232.057123386,10456.9635246951,2134.35099807352,47.687080148461,22871.0592915777,,,,,,
9/1/19,8,10259.9686881388,10537.5324824941,2200.58549978547,50.4448892610338,23048.5310570455,,,,,,
9/1/19,9,10693.5081406613,11080.5366539651,2282.0154862442,54.3868730710882,24110.4463649038,,,,,,
9/1/19,10,10870.2955170943,11827.33507169,2288.00646836088,60.1844090163846,25045.8192689357,,,,,,
9/1/19,11,10915.3170153466,12832.1189055382,2244.21186536912,69.6583669092142,26061.304628003,,,,,,
9/1/19,12,11446.8976200668,14009.482546193,2326.02375765082,82.1760092675999,27864.5779017277,,,,,,
9/1/19,13,12128.6443093945,15245.6623439577,2496.2142322628,94.7490130252255,29965.2672655647,,,,,,
9/1/19,14,12996.0717137488,16437.992051487,2670.85431299335,103.501031751975,32208.4159521667,,,,,,
9/1/19,15,13837.5007583848,17424.8757670041,2866.92935694783,109.439926720778,34238.7430066842,,,,,,
9/1/19,16,14792.5070357726,18259.6496573361,2993.19248627401,112.637716179788,36157.9859321959,,,,,,
9/1/19,17,15702.8446197304,18656.7428408353,3118.29558151873,113.851833898632,37591.7344703035,,,,,,
9/1/19,18,16403.3342831563,18582.7468999518,3237.75244365469,114.773105843673,38338.6066349839,,,,,,
9/1/19,19,16678.2657749352,17978.1635016324,3170.86679343524,109.747856437826,37937.0451728882,,,,,,
9/1/19,20,16222.3959023087,17288.449508096,3150.45583182741,100.066814122452,36761.3682197933,,,,,,
9/1/19,21,15670.2441790142,16674.5743638785,3095.82924436173,92.3110947320893,35532.9610307847,,,,,,
9/1/19,22,14732.4848274584,15833.8796834273,2974.04519881321,82.3539449681795,33622.7656713741,,,,,,
9/1/19,23,13529.4629173393,14679.3736981376,2766.54490700682,73.503866568779,31048.887790771,,,,,,
9/1/19,24,12414.6411082458,13509.49623183,2528.28361220036,66.8281124631707,28519.2519973418,,,,,,
9/2/19,1,11604.6725228667,12587.3990476462,2362.677702251,61.6642815038569,26616.4144636357,,,,,,
9/2/19,2,10965.4098146414,11779.3496815081,2235.35560843594,62.2676825837302,25042.3833746676,,,,,,
9/2/19,3,10490.6424576686,11299.7976883803,2158.04487055787,62.6693454009361,24011.1587005814,,,,,,
9/2/19,4,10221.1949571305,10969.6014849809,2106.03117088832,60.7422574627651,23357.5706202956,,,,,,
9/2/19,5,10254.3790492904,10910.7148700428,2101.49764836007,60.2785365397482,23326.8705713389,,,,,,
9/2/19,6,10468.9089152883,11010.4983133803,2151.18767587375,60.5605654896395,23691.1556131747,,,,,,
9/2/19,7,10800.9053800808,11135.7468173546,2210.98425486104,61.7702843824756,24209.4069075703,,,,,,
9/2/19,8,11009.0360364405,11284.9287946262,2280.40738326498,63.3087167232578,24637.6793753887,,,,,,
9/2/19,9,11238.3309910773,11951.2409548387,2412.09436431662,66.4075115707563,25668.0723681755,,,,,,
9/2/19,10,11540.3315322433,12863.1698943443,2526.16859614236,74.8022083385255,27004.4697215964,,,,,,
9/2/19,11,11951.326573717,14161.9209830545,2686.81178907225,78.4903238512414,28878.5462341454,,,,,,
9/2/19,12,12508.5519724144,15454.4865573603,2804.79338294695,82.1198653306892,30849.9489318791,,,,,,
9/2/19,13,13204.036669819,16767.2086097432,3045.26514896439,88.9377951006795,33105.4446074733,,,,,,
9/2/19,14,14080.7475147525,18090.6938218918,3327.93122621243,96.053081337344,35595.4226132009,,,,,,
9/2/19,15,14929.1540339956,19108.0312499212,3304.03469438555,102.446361821191,37443.664175815,,,,,,
9/2/19,16,15681.8862141153,19757.0997869952,3514.23634233732,107.755999633372,39060.9761624676,,,,,,
9/2/19,17,16344.5995612915,20044.795944126,3575.17154769848,110.402912228646,40074.9693556347,,,,,,
9/2/19,18,16847.486924019,20066.3148674287,3620.2368677935,109.367294500896,40643.4059558239,,,,,,
9/2/19,19,16919.3081957492,19370.6836328499,3582.78404523637,106.307575085497,39979.0847808461,,,,,,
9/2/19,20,16471.4905281567,18631.2378115357,3552.97810141772,98.1039378200952,38753.8109174689,,,,,,
9/2/19,21,15987.712385029,17976.9982789371,3483.66139077225,90.6701406625136,37539.0433818768,,,,,,
9/2/19,22,14869.6698095412,16919.7519887836,3314.80700546197,81.3190244521137,35185.5502383092,,,,,,
9/2/19,23,13469.0612956605,15367.9133253473,3012.629129606,71.9071328920802,31921.5133633633,,,,,,
9/2/19,24,12312.0089572236,13953.7102859678,2707.79603176695,64.4358788889284,29037.9534598045,,,,,,
9/3/19,1,11564.1989776047,12966.1327836019,2552.13890148386,58.0143577971655,27140.4861965785,,,,,,
9/3/19,2,10990.8702204194,12240.7964317816,2406.33878185506,54.9931262799731,25693.0001637045,,,,,,
9/3/19,3,10562.9735566521,11744.4534480899,2318.76304433391,53.3055946378043,24679.4963147094,,,,,,
9/3/19,4,10391.0550730989,11496.52959113,2292.92082248343,51.9333584017585,24232.4389325848,,,,,,
9/3/19,5,10492.9124001654,11646.0289870559,2288.30732879467,52.5773097781956,24479.8258260996,,,,,,
9/3/19,6,11077.1529770595,12266.7770653759,2415.93127083061,54.6690502289095,25814.5270354355,,,,,,
9/3/19,7,12103.6589410559,13259.39926638,2663.36043326093,57.9647955058814,28084.3810274028,,,,,,
9/3/19,8,12675.6092968634,14010.0685661586,2833.86074934834,61.556853127565,29581.0922905256,,,,,,
9/3/19,9,12794.3546269843,15043.0824817202,3011.43898444173,67.0653192917663,30915.9405053713,,,,,,
9/3/19,10,12711.4245877585,16162.1546676575,3091.8826004681,73.2727374876816,32038.7327753354,,,,,,
9/3/19,11,12749.829533809,17375.7161521397,3205.32510612989,82.2585352140074,33413.1268057093,,,,,,
9/3/19,12,12968.4767103781,18654.5287757305,3340.17929326613,93.1799818081699,35056.3631485429,,,,,,
9/3/19,13,13338.0850737864,19734.4735643573,3466.28009819871,102.807173554419,36641.6432163738,,,,,,
9/3/19,14,14057.9006167949,20937.5722290278,3615.08876690561,110.032841890852,38720.5908978044,,,,,,
9/3/19,15,14890.5333927426,21742.3154945946,3765.44630671007,115.598879134127,40513.8941740772,,,,,,
9/3/19,16,15818.2874456339,22414.9490796195,3920.59740034419,120.084842560577,42273.9183583973,,,,,,
9/3/19,17,16660.0870207145,22633.9444495265,3983.44162528874,121.059763363404,43398.5321164886,,,,,,
9/3/19,18,17320.2405171178,22408.7078296243,4088.31006361432,118.967566912819,43936.2257252093,,,,,,
9/3/19,19,17482.0063295945,21561.4492998316,4018.40433632784,113.592357866776,43175.45552317,,,,,,
9/3/19,20,17101.1424806784,20798.8183220298,3963.58631826229,107.290653280654,41970.8393000788,,,,,,
9/3/19,21,16533.1028010958,19821.5979211422,3840.567681858,97.6207688843845,40292.8926498522,,,,,,
9/3/19,22,15413.2894280034,18320.2255128896,3601.07334976504,86.5889354959894,37421.1790505747,,,,,,
9/3/19,23,13897.0311613113,16595.9715118796,3265.11347073094,76.4533485106635,33834.5701128438,,,,,,
9/3/19,24,12709.8547306737,15025.9309593041,2906.07908196745,69.8415184485107,30711.7080270847,,,,,,
9/4/19,1,11953.3330350656,13775.2323392281,2707.62606254113,63.4048742919485,28499.5993446688,,,,,,
9/4/19,2,11364.5746332906,12902.0374207226,2550.58488217575,57.9191330839523,26875.1176596289,,,,,,
9/4/19,3,10927.6289188567,12303.0334002585,2418.65514177814,55.0944918720023,25704.4125832557,,,,,,
9/4/19,4,10717.9898656522,12063.4982626214,2355.70741166814,53.3603624143152,25190.5558268543,,,,,,
9/4/19,5,10788.7853148823,12063.5220479265,2352.65853955239,53.8062072498467,25258.7709051809,,,,,,
9/4/19,6,11344.9512762292,12620.343888352,2486.03803929427,55.8098841918529,26507.1415280336,,,,,,
9/4/19,7,12327.6222109421,13439.1073067236,2717.48127044123,57.8986134748163,28542.107166855,,,,,,
9/4/19,8,12848.9862968898,14073.8443689663,2859.7167391056,62.1245653515794,29844.6706058391,,,,,,
9/4/19,9,12873.1369421219,14942.0745148831,3014.73601226767,68.6302171957562,30898.5759259147,,,,,,
9/4/19,10,12962.5610796868,16011.9582197809,3138.16445320165,76.7186875466514,32189.4007220312,,,,,,
9/4/19,11,13094.5795243729,17292.1189996394,3282.23188981047,87.9305100542967,33756.8571771315,,,,,,
9/4/19,12,13449.7143180166,18636.7006476628,3430.81015886863,98.9607174220626,35616.183521259,,,,,,
9/4/19,13,13902.6296042178,19979.3787052883,3573.5556691834,106.848064174374,37562.4074412867,,,,,,
9/4/19,14,14753.8794552176,21212.9477848331,3701.29349407782,115.459847815272,39783.5753036432,,,,,,
9/4/19,15,15594.8189450222,22427.5632015376,4016.59190170828,121.544091136463,42160.5146515285,,,,,,
9/4/19,16,16430.6048045695,22923.7105964721,4067.80322405192,124.97695854974,43547.0947970012,,,,,,
9/4/19,17,17196.1451196997,22332.0733735138,3700.09858959762,115.024994491831,43343.3448520646,,,,,,
9/4/19,18,17742.3519804701,21142.2120466175,3719.84119300059,122.972511116256,42727.3782608385,,,,,,
9/4/19,19,17791.2389435384,20319.6712846117,3742.96053525351,116.475436607176,41970.3488688721,,,,,,
9/4/19,20,17367.8776504587,19902.4344390615,3763.05472745104,110.431185387229,41143.7984523371,,,,,,
9/4/19,21,16742.7846891975,19655.6788143362,3667.75338637871,101.72415053682,40167.9410857438,,,,,,
9/4/19,22,15597.7831950935,18562.7381957083,3512.59395180064,93.6617899279804,37766.7796376385,,,,,,
9/4/19,23,14110.9978911998,16906.8285854705,3172.7098690387,79.6461625704553,34270.1858376182,,,,,,
9/4/19,24,12909.4016541283,15308.1704843983,2876.5774646245,73.6194042974562,31167.7723081462,,,,,,
9/5/19,1,12073.3662788651,14081.2063185591,2684.97936727568,67.4297752109748,28906.9826723625,,,,,,
9/5/19,2,11493.153923531,13230.9668195982,2529.85181454824,63.2083926244958,27317.1827413236,,,,,,
9/5/19,3,11086.2466173799,12602.3837773935,2403.15220868821,62.4595392242795,26154.2423440517,,,,,,
9/5/19,4,10844.7006926583,12277.4172211449,2344.54855263202,62.0207576195676,25528.6885793589,,,,,,
9/5/19,5,10903.942627337,12333.5001874013,2361.93208423858,63.1002962369413,25662.4743786616,,,,,,
9/5/19,6,11427.4071395308,12918.6134779775,2512.47530379247,66.3166654330597,26924.8112642595,,,,,,
9/5/19,7,12434.919053706,13908.0899277998,2720.79257308948,67.6652315352031,29131.4655872521,,,,,,
9/5/19,8,13009.5519534523,14537.140935563,2873.04008478378,72.2888587464439,30492.0204908297,,,,,,
9/5/19,9,13075.0141161619,15309.7854385159,3001.02718804523,74.9903379871923,31460.8156513174,,,,,,
9/5/19,10,13130.321864922,16318.8126615266,3079.80136462117,81.1942205515076,32610.1289441953,,,,,,
9/5/19,11,13100.1903340319,17515.0190628857,3165.06879990215,87.6416646141811,33867.9182016616,,,,,,
9/5/19,12,13117.7265981445,18469.6551642243,3306.61744917379,89.1868402657782,34983.1843271791,,,,,,
9/5/19,13,13291.0812324283,19392.0921462786,3448.80865853892,91.9683562678706,36223.9480385901,,,,,,
9/5/19,14,13882.7801630933,20484.5396288317,3592.73148967434,92.9652013245327,38053.0140520685,,,,,,
9/5/19,15,14504.8110262867,21265.5419815852,3762.8081920544,88.8600359559925,39622.020430031,,,,,,
9/5/19,16,15246.1291597038,21907.8955733144,3921.16201697936,90.055123356781,41165.2408505458,,,,,,
9/5/19,17,15913.121506599,21986.0756765919,3983.09457730286,96.2598181473026,41978.5517839772,,,,,,
9/5/19,18,16444.2077329604,21453.9923511343,4029.07931533175,89.2808656562615,42016.5614225442,,,,,,
9/5/19,19,16599.2259632289,20533.2847572819,3973.34977977527,92.9664118697263,41198.8294466011,,,,,,
9/5/19,20,16330.146912481,19925.179662893,3894.90064551269,91.1314916119788,40241.3599236394,,,,,,
9/5/19,21,15943.250350969,19431.0981964971,3773.8232182749,86.1033423224647,39234.2771314904,,,,,,
9/5/19,22,14977.3807450056,18251.3061577664,3554.36127769082,78.0464729406114,36861.0992341589,,,,,,
9/5/19,23,13672.1292907592,16461.3696513795,3195.28756572455,70.4747354026839,33399.2653927814,,,,,,
9/5/19,24,12518.1927268014,14936.200905176,2860.70085543046,64.4812800462936,30379.5779533555,,,,,,
9/6/19,1,11814.0943933339,13734.0852946029,2643.34966137728,60.5349762141145,28252.0663168047,,,,,,
9/6/19,2,11255.6643301384,12907.3574544481,2499.98012665135,57.0654153010762,26720.069672892,,,,,,
9/6/19,3,10893.1456458347,12309.5346042399,2394.31114805616,54.5377318816504,25651.5296288439,,,,,,
9/6/19,4,10675.7275997592,11929.3094672801,2332.31480494272,52.1965213795612,24989.5483568464,,,,,,
9/6/19,5,10842.5315637042,11921.3252735219,2330.9041364436,53.239646803873,25148.0002039713,,,,,,
9/6/19,6,11289.2840045522,12452.9685023205,2435.19451010106,55.6800148925816,26233.1251033409,,,,,,
9/6/19,7,12179.6126655964,13217.289911024,2635.74665030666,57.6570986299211,28090.3057442248,,,,,,
9/6/19,8,12606.5950371586,13862.2133415202,2798.57956308684,56.5753158579284,29323.961430217,,,,,,
9/6/19,9,12680.2693299308,14733.6877221118,2944.05516766676,64.4505541409818,30422.4619907456,,,,,,
9/6/19,10,12785.0905402672,15629.2016008336,2984.04084981585,72.4095899797406,31470.7417852464,,,,,,
9/6/19,11,12763.2852856333,16706.5783615349,3093.61358323362,80.7331881810814,32644.2095917979,,,,,,
9/6/19,12,12903.7357488017,17768.3794784874,3229.30394137404,87.6500546798729,33989.067996161,,,,,,
9/6/19,13,13150.3155352677,18787.161708762,3380.83996710459,98.8015107196055,35417.1161436252,,,,,,
9/6/19,14,13712.7207368428,19893.0310707911,3553.49760818334,105.429233607874,37264.6782308794,,,,,,
9/6/19,15,13970.3033971005,20772.8264358374,3698.20827398752,109.651203991826,38550.9873195075,,,,,,
9/6/19,16,14721.6439829048,21437.9347058364,3819.68709736545,112.819881370243,40092.0860641743,,,,,,
9/6/19,17,15602.5935857903,21563.4635089827,3894.29315667793,113.291587323334,41173.6409781567,,,,,,
9/6/19,18,16163.3753556769,21217.8051862677,3954.99720774139,112.544170816382,41448.7229806487,,,,,,
9/6/19,19,16291.8330948192,20103.7869429967,3832.68970765647,107.230238914365,40335.5406110995,,,,,,
9/6/19,20,15998.777853826,19302.1060675006,3734.28050159068,98.2768818561917,39133.4411346343,,,,,,
9/6/19,21,15440.5660926626,18616.3556811234,3630.09155821547,90.9966940937697,37778.0111958937,,,,,,
9/6/19,22,14489.8226132284,17474.5444601637,3456.49679016509,82.1544267135943,35503.0204708896,,,,,,
9/6/19,23,13413.1250573937,16041.226672481,3169.67245633962,73.7225304027535,32697.750436474,,,,,,
9/6/19,24,12398.2669725792,14608.0097933804,2871.4272614186,65.4634985432489,29943.1702554242,,,,,,
9/7/19,1,11579.827932263,13491.9350347382,2672.97688997517,60.6792158330342,27805.4203541368,,,,,,
9/7/19,2,10997.6582415312,12593.8087197445,2470.3172255259,57.3284597476794,26119.1137322524,,,,,,
9/7/19,3,10586.4688184329,11937.3072457999,2360.89148206625,54.7415321963102,24939.4105351991,,,,,,
9/7/19,4,10311.0882475693,11476.4854595323,2289.44560886557,52.549098384229,24129.5686893754,,,,,,
9/7/19,5,10204.2832970132,11244.3915613032,2261.80272602061,52.1224940097165,23762.6003251602,,,,,,
9/7/19,6,10364.5997022721,11335.0578582599,2275.75335695516,52.33649333668,24027.7477605874,,,,,,
9/7/19,7,10714.304594783,11409.3995804426,2311.39607403328,53.2967683299451,24488.3973567793,,,,,,
9/7/19,8,10939.7158250368,11616.6054490248,2358.23962608834,55.7247232728695,24970.2841072762,,,,,,
9/7/19,9,11194.629050405,12316.0457315434,2430.54694241384,62.1614911873537,26003.3819165689,,,,,,
9/7/19,10,11294.3085791776,13174.2709214925,2532.59769064331,68.0133997491976,27069.1895801975,,,,,,
9/7/19,11,11312.1062615866,14217.702736701,2639.59437985446,77.9414635908236,28247.3433872421,,,,,,
9/7/19,12,11592.5557791229,15278.0511028493,2768.32619411846,86.6393244958902,29725.5718094715,,,,,,
9/7/19,13,11366.1238584953,16366.3874149078,2876.55491812624,96.2137662410252,30705.2774056204,,,,,,
9/7/19,14,11431.6060407777,17349.8569796656,2990.27090869051,103.545243616838,31875.2776859768,,,,,,
9/7/19,15,11630.4422516462,18048.184560886,3109.25600664311,106.846675573328,32894.728453268,,,,,,
9/7/19,16,11915.6755072127,18463.221382963,3265.62449115197,108.596056820842,33753.1170365818,,,,,,
9/7/19,17,12398.1576678809,18629.2670020031,3350.28769932856,108.447817760134,34486.1608445127,,,,,,
9/7/19,18,12840.4447577495,18363.0760489078,3454.6322219949,106.236082142815,34764.3892769908,,,,,,
9/7/19,19,13248.307222343,17599.2500361082,3412.38161867749,99.4376257290946,34359.3778890572,,,,,,
9/7/19,20,13308.8006707961,16699.1963322675,3368.32125869774,92.7531389419587,33469.0712914312,,,,,,
9/7/19,21,13156.8572159451,15811.0387256347,3270.2369750949,86.9808368088641,32325.1145343393,,,,,,
9/7/19,22,12640.5544014719,14892.7086775438,3099.98965405384,80.4766247470504,30713.730471501,,,,,,
9/7/19,23,11904.6454492949,13693.4383031944,2848.64887740624,70.9584699321135,28517.6932823277,,,,,,
9/7/19,24,11125.4803544219,12688.256176448,2600.24187329907,63.8095028573651,26477.7895014102,,,,,,
9/8/19,1,10530.6825154991,11877.4041620525,2430.85281133261,59.260783050558,24898.2015097257,,,,,,
9/8/19,2,10068.1842434947,11181.957006889,2304.17576915031,55.7405031351061,23610.0591155124,,,,,,
9/8/19,3,9771.68470579126,10593.3659683913,2202.10764583664,53.7447798320875,22620.9040309906,,,,,,
9/8/19,4,9549.47773882424,10216.7387634183,2103.82834704586,51.9702232179106,21922.0158457096,,,,,,
9/8/19,5,9708.00451749403,9996.55845252275,2061.24408294591,50.9084582200868,21816.7147086816,,,,,,
9/8/19,6,9927.15470840228,9960.16232674695,2050.2894742888,50.8486331337154,21988.4549036715,,,,,,
9/8/19,7,10077.9641496068,9946.68037588303,2092.83219742302,50.7142926486609,22168.1904809662,,,,,,
9/8/19,8,10202.8953094283,9913.29303992023,2127.07624808344,53.1895666238201,22296.4531853394,,,,,,
9/8/19,9,10514.9015880009,10164.0782073362,2107.94643604557,56.4568926629924,22843.3813226838,,,,,,
9/8/19,10,10421.6988340364,10487.7870261964,2033.03864407673,61.2769797445362,23003.8002200043,,,,,,
9/8/19,11,10302.5966460595,10855.2869803429,1973.24185169951,66.7509792657221,23197.8763913915,,,,,,
9/8/19,12,10218.5040444963,11339.8893485193,1962.4355273845,71.8644503226655,23592.6940291973,,,,,,
9/8/19,13,10224.3163865761,11862.5288294735,1998.43747236542,78.025636773208,24163.3079237598,,,,,,
9/8/19,14,10485.4264261957,12528.5656233838,2101.45734143098,83.1351323117223,25198.5846556393,,,,,,
9/8/19,15,10969.7790841904,13329.4411891307,2270.90655550716,87.3506910009049,26657.4771757728,,,,,,
9/8/19,16,11591.0039551948,14081.8951520011,2460.44474709111,89.3047680738126,28222.6474959933,,,,,,
9/8/19,17,12113.5866001416,14691.6188333109,2639.06462114998,89.7719431515691,29534.0418824082,,,,,,
9/8/19,18,12656.1328147979,15053.8214288081,2841.6097627654,90.4986314637244,30642.0627726117,,,,,,
9/8/19,19,13251.1476246992,14830.627338429,2917.0074269752,86.7509659714365,31085.5341084291,,,,,,
9/8/19,20,13479.5384807318,14606.571315067,2995.54516789246,79.7964240062535,31161.4510379685,,,,,,
9/8/19,21,13432.9411836289,14293.6008437424,2904.829791431,73.2406440687799,30704.6137564759,,,,,,
9/8/19,22,12723.5001323556,13561.9640646876,2767.29069138388,65.7392464283578,29118.4961575275,,,,,,
9/8/19,23,11747.4103245603,12491.8031359516,2508.04991407512,58.2645460917634,26805.529471677,,,,,,
9/8/19,24,10833.771837611,11488.5498131381,2276.41561341066,51.7655706897596,24650.504708676,,,,,,
9/9/19,1,10225.0635112316,10814.5469742258,2170.20389903117,46.9291657800634,23256.7449973096,,,,,,
9/9/19,2,10033.3670438512,10377.8445470254,2059.45997880292,44.337034998769,22515.0090707589,,,,,,
9/9/19,3,9964.24228453966,10044.6484471955,1992.40169408574,43.3067343105728,22044.5981180932,,,,,,
9/9/19,4,9885.78813622008,9928.3381478639,1972.34881779749,42.4699920855564,21828.9433987975,,,,,,
9/9/19,5,9884.35391577373,10113.5046293543,2000.72644697933,43.6685626120754,22042.253108056,,,,,,
9/9/19,6,10395.6118356094,10784.2979854752,2154.06744613322,47.930272462996,23381.9064299959,,,,,,
9/9/19,7,11364.1092360996,11649.0936715171,2371.66346109569,51.0839791387064,25435.9478298866,,,,,,
9/9/19,8,11904.9772279764,12137.3759414746,2499.37343694051,52.6517124492236,26594.3767569436,,,,,,
9/9/19,9,11857.6382636401,12574.5382824388,2535.70623964893,54.3591619297293,27022.2397634185,,,,,,
9/9/19,10,12091.2950761721,13048.7863957652,2492.70889722482,56.4631235692469,27689.2518233662,,,,,,
9/9/19,11,11664.9091741437,13453.9874755391,2307.03363555988,60.694374746914,27486.6238995028,,,,,,
9/9/19,12,11581.7835200669,13773.8416917787,2262.28712013801,66.4013838681425,27684.3121081858,,,,,,
9/9/19,13,11618.597149465,14235.0932756651,2275.12630630848,72.0025338952321,28200.8180378374,,,,,,
9/9/19,14,11994.9419211121,14875.7855573243,2374.80441545041,78.3222880609065,29323.8528220537,,,,,,
9/9/19,15,12494.4884950526,15573.6746131072,2478.27653974408,81.7501954752719,30628.188775768,,,,,,
9/9/19,16,12992.034087058,16271.0273113527,2638.98205854998,76.3739841571745,31978.4144571439,,,,,,
9/9/19,17,13610.5762663532,16633.7574649922,2756.83608587165,83.3096023127432,33084.4794745887,,,,,,
9/9/19,18,14212.1591119153,16671.8842520451,2909.02618578754,85.5386963731555,33878.6089010287,,,,,,
9/9/19,19,14520.1803428041,16146.4519292782,2921.47907148751,82.3887168015361,33670.5019844985,,,,,,
9/9/19,20,14524.6036260093,15836.8982651408,2984.30183363471,77.9879940338984,33423.7914568833,,,,,,
9/9/19,21,14289.8118194898,15364.4001459757,2908.57164691286,72.6403890305207,32635.425847425,,,,,,
9/9/19,22,13486.3436728047,14457.9177220861,2745.53452092616,66.7418479312904,30756.5385875916,,,,,,
9/9/19,23,12314.0157296028,13220.5636274991,2496.05877452657,60.4662214161625,28091.1060658854,,,,,,
9/9/19,24,11338.2980190153,12148.585184807,2286.84788997505,54.9774683150013,25828.7098595184,,,,,,
9/10/19,1,10863.9407022241,11447.0836028297,2165.42681859062,51.6809035148292,24528.1329399247,,,,,,
9/10/19,2,10532.9474537096,10907.4482260616,2064.72276533733,49.6004357639905,23554.7199568512,,,,,,
9/10/19,3,10248.4194786441,10534.8757037667,1992.34232150482,47.7641957766513,22823.4015027909,,,,,,
9/10/19,4,10129.9036708871,10348.5401683278,1953.33051246985,47.4301059835807,22479.2064448445,,,,,,
9/10/19,5,10253.2813989052,10532.3646592628,1994.47020218706,48.6206464266432,22828.7368609521,,,,,,
9/10/19,6,10762.5216359938,11162.8094553237,2121.29306506669,51.6162157504999,24098.238970343,,,,,,
9/10/19,7,11734.8964753481,12081.1582228447,2350.19289209832,53.8763708936652,26220.1231877823,,,,,,
9/10/19,8,12150.7232673102,12464.9173143004,2486.48838494579,56.1464154051213,27158.2731245033,,,,,,
9/10/19,9,12079.244556646,12754.8170187531,2539.6686916168,57.943182129507,27431.6727533173,,,,,,
9/10/19,10,12262.9866608633,12981.8031216893,2497.25609004159,60.5542690283923,27802.600345873,,,,,,
9/10/19,11,12147.1129893829,13265.5791449879,2381.73483210429,63.9582487581039,27858.3861710011,,,,,,
9/10/19,12,11948.8132622435,13288.4594774534,2281.63549473658,67.4036229697876,27586.3114191469,,,,,,
9/10/19,13,11772.5841489092,13368.5623378382,2257.38914848099,70.0660981647684,27468.6017061521,,,,,,
9/10/19,14,11959.9940798588,13783.9057284368,2270.95290693402,72.5368307373397,28087.389041627,,,,,,
9/10/19,15,12210.9499642748,14263.4481407186,2355.94939531553,75.0070518529471,28905.3536735278,,,,,,
9/10/19,16,12758.0365551677,14758.9875845057,2485.09163068805,75.7011120327157,30077.8165473835,,,,,,
9/10/19,17,13119.3153318737,14977.4836469936,2619.81001918249,79.9181063850877,30796.5265561491,,,,,,
9/10/19,18,13596.5536048158,14888.3450746006,2821.20573506804,77.5164420906255,31383.6227574731,,,,,,
9/10/19,19,13711.0280546659,14532.0446688125,2887.3904813779,76.088069486645,31206.5499257765,,,,,,
9/10/19,20,14153.8791055668,14714.4137946659,2918.17345441537,72.7383358295331,31859.2028905644,,,,,,
9/10/19,21,14020.0598063528,14400.7365578935,2849.41817196772,68.5521537706972,31338.7661233911,,,,,,
9/10/19,22,13253.3193651373,13664.8684197131,2694.64644287148,62.5610693128893,29675.3967601205,,,,,,
9/10/19,23,12151.9914244011,12673.1662278056,2456.37185102472,56.2554662646959,27337.7865473367,,,,,,
9/10/19,24,11228.2473519664,11725.7884522902,2230.90723236313,51.1910586683882,25236.1351946142,,,,,,
9/11/19,1,10625.1737981886,10970.0091845537,2125.66867601362,48.1150765083753,23768.9669560729,,,,,,
9/11/19,2,10220.3945777211,10544.9063933895,2049.31282737907,45.2442746470047,22859.8591316953,,,,,,
9/11/19,3,9899.08895698904,10229.9405068296,1982.7656054395,43.7569575780132,22155.5525356012,,,,,,
9/11/19,4,9779.02017478041,10062.1662749291,1930.14091442558,43.6757102105129,21815.0028051525,,,,,,
9/11/19,5,9882.9729428489,10256.5893962257,1962.17386628969,45.1644470533559,22146.9006315346,,,,,,
9/11/19,6,10434.4131661527,10850.5746562142,2097.09781198966,47.7268598914409,23429.8111659818,,,,,,
9/11/19,7,11393.8363089895,11699.6336377762,2312.35551069596,50.679334212424,25456.5034017625,,,,,,
9/11/19,8,11925.2044083415,12138.8069522133,2401.06981378159,51.7251450473575,26516.805721764,,,,,,
9/11/19,9,12313.6801370216,12398.9090471044,2465.11237067473,52.0819368914857,27229.7824854838,,,,,,
9/11/19,10,12206.7656608265,12548.5338902294,2341.71244170791,53.9471705201185,27150.9584465438,,,,,,
9/11/19,11,12103.9631693646,12868.6749402442,2256.20860922019,56.4073345962774,27285.2542507095,,,,,,
9/11/19,12,12078.1372560804,13156.1575672057,2279.49653667199,60.3913772400844,27574.1808451313,,,,,,
9/11/19,13,12158.3425487831,13477.3407139717,2243.64375309104,65.1169068627706,27944.4441290354,,,,,,
9/11/19,14,12338.6663909445,14200.2607843895,2324.05865469852,71.4002632250958,28934.3847373535,,,,,,
9/11/19,15,12604.7432485757,14942.3814144746,2377.30484356824,76.4472829476871,30000.8765555783,,,,,,
9/11/19,16,13129.5444055523,15645.4192562111,2609.23983009847,78.1356734776621,31462.3384647876,,,,,,
9/11/19,17,13908.5723482015,16018.8505406531,2749.99894735506,80.846347643489,32758.2666940038,,,,,,
9/11/19,18,14575.06492761,16039.6558132723,2919.87346416172,81.2099301955022,33615.8050174034,,,,,,
9/11/19,19,14893.2402385437,15620.1699129098,2958.45723013681,76.8274098797758,33548.6963065635,,,,,,
9/11/19,20,14884.7613700035,15540.7374455046,2989.0850974695,72.2216499524467,33486.8047813275,,,,,,
9/11/19,21,14706.2403281374,15139.75808073,2915.3333471521,66.6833275627237,32828.0162371691,,,,,,
9/11/19,22,13836.5184444304,14256.2524305882,2763.79306416541,59.8869599152837,30916.4523101492,,,,,,
9/11/19,23,12612.899550056,13090.20689246,2517.63845782459,53.350028988528,28274.0966424909,,,,,,
9/11/19,24,11581.8314486801,12143.2937704881,2283.09267509631,48.0047027915256,26056.223977942,,,,,,
9/12/19,1,10884.5273464821,11427.2710026144,2156.7332293477,45.0175610728199,24513.5501765482,,,,,,
9/12/19,2,10381.0994966236,10867.3142671185,2065.68186654526,42.8519709835526,23356.9483821741,,,,,,
9/12/19,3,10076.1270105853,10416.4498892726,1987.25659232036,41.9244684783428,22521.7580366272,,,,,,
9/12/19,4,9905.67339964732,10229.3557489233,1959.78663961881,42.384620027465,22137.2002326339,,,,,,
9/12/19,5,9987.39740172476,10365.8190502257,1971.79470349106,43.5832591450399,22368.5941019645,,,,,,
9/12/19,6,10449.5475378272,10943.0912222856,2079.37812827901,46.4775731127222,23518.4934426756,,,,,,
9/12/19,7,11451.7370615168,11765.8842274907,2271.26832402172,49.2813040413563,25538.1701626613,,,,,,
9/12/19,8,12038.441341936,12162.133253396,2317.18543445634,52.5269773274,26570.2852031451,,,,,,
9/12/19,9,12457.4927792941,12596.9918940657,2354.71353903101,51.5853774489591,27460.7816161917,,,,,,
9/12/19,10,12362.6144919783,13064.1089331371,2356.4763692407,52.923086297336,27836.1217963551,,,,,,
9/12/19,11,12417.452242034,13653.1601691507,2341.39263320129,55.3429693729845,28467.3454470945,,,,,,
9/12/19,12,12566.5956779761,14380.6420149749,2355.18021324969,61.1943507161916,29363.6111579858,,,,,,
9/12/19,13,12893.8254563367,15246.4830312394,2433.72417082267,68.8872875473955,30642.9187798034,,,,,,
9/12/19,14,13659.0758562948,16395.2303027013,2567.05435145583,78.1583787008454,32699.5181670414,,,,,,
9/12/19,15,14503.1795688046,17584.1494084233,2726.11187594203,82.8611248116368,34896.3009671213,,,,,,
9/12/19,16,15239.2252487678,18612.2628878562,2899.31312839528,84.2002812476606,36835.0010213058,,,,,,
9/12/19,17,16227.2348932448,19122.4654404943,3071.54235779295,86.6677715256721,38507.9100777466,,,,,,
9/12/19,18,17014.4724613642,19003.4491029182,3211.28758854548,88.4862401134963,39317.694410464,,,,,,
9/12/19,19,17188.6748351378,18134.1379788212,3203.67301687767,84.1235965503185,38610.6104473057,,,,,,
9/12/19,20,16780.4583816913,17600.0528270296,3234.61923534748,76.606360813135,37691.7367090061,,,,,,
9/12/19,21,16134.111346991,16851.4747818404,3104.58261744111,69.9513935141675,36160.1211846575,,,,,,
9/12/19,22,14926.1687142916,15726.8045518557,2931.28035917072,62.4159894653858,33646.6710920613,,,,,,
9/12/19,23,13501.4545221,14306.3304237068,2652.25527502393,55.134557860153,30515.1758401267,,,,,,
9/12/19,24,12308.0590770666,13014.720694295,2387.55737843022,50.4034597929679,27760.7421454823,,,,,,
9/13/19,1,11582.1188720028,12111.8718434528,2252.94008055477,46.633868605215,25993.5649725943,,,,,,
9/13/19,2,11000.3736292273,11420.9109637694,2149.95740321895,43.8359023584941,24615.0785124984,,,,,,
9/13/19,3,10578.6009710246,10936.3747603413,2056.32406472819,41.1371797147926,23612.4367586254,,,,,,
9/13/19,4,10344.0899510054,10656.2381857258,2010.42319329956,41.4355306569989,23052.1866678178,,,,,,
9/13/19,5,10418.7858639763,10726.406607434,2057.19220397398,43.9471889240678,23246.3323742106,,,,,,
9/13/19,6,10950.3757933851,11254.606416737,2161.35912545187,46.5996021326407,24412.940747732,,,,,,
9/13/19,7,11891.098831253,12042.9368430337,2341.47009455052,49.206907963951,26324.712152776,,,,,,
9/13/19,8,12473.058329613,12471.6542670443,2380.89973570733,49.5322527984087,27375.1434328966,,,,,,
9/13/19,9,12829.9102648581,13050.906967854,2442.30523016069,50.1877853202176,28373.3097791307,,,,,,
9/13/19,10,13022.8906677055,13738.9399208761,2542.70331817237,52.8743677751085,29357.4077034986,,,,,,
9/13/19,11,13261.2553608086,14667.1450102286,2604.5692144865,57.0512768633579,30590.0199065199,,,,,,
9/13/19,12,13663.4459747561,15732.5283923926,2610.67831356963,62.7500900982189,32069.4025002807,,,,,,
9/13/19,13,14055.8032502789,16973.7981079504,2789.8080450788,70.0261600029448,33889.4348283289,,,,,,
9/13/19,14,14935.9845836433,18332.3943965146,2991.06425451915,78.9599575669232,36338.4013380796,,,,,,
9/13/19,15,15926.711118709,19534.4296969942,3212.08474966308,85.9469317390412,38759.1719138152,,,,,,
9/13/19,16,17014.7698231444,20593.4708168665,3428.09024058044,92.2064735271679,41128.537833497,,,,,,
9/13/19,17,17837.5221908666,20800.9332922537,3540.62027421827,94.766794253266,42273.8421265304,,,,,,
9/13/19,18,18242.7507149814,20343.9249201948,3604.34510169024,94.5776319060818,42285.5987927602,,,,,,
9/13/19,19,18068.1625912927,19148.9601517803,3504.45113254284,88.4439474165995,40810.0180888026,,,,,,
9/13/19,20,17411.9267027123,18563.3153984745,3451.22466096287,80.8631578551277,39507.3305975245,,,,,,
9/13/19,21,16552.3781337555,17623.3100619893,3297.95324536702,72.0271486640359,37545.66926366,,,,,,
9/13/19,22,15402.0670910234,16490.7835128294,3136.75745814967,64.6752207590284,35094.283704308,,,,,,
9/13/19,23,14081.508041264,15157.4545757047,2875.98693078693,57.5358685362334,32172.4866518786,,,,,,
9/13/19,24,12881.5436202902,13896.3307510804,2596.06848228288,51.8643801800579,29425.8086659808,,,,,,
9/14/19,1,11935.1828013833,12721.9921791159,2413.84558320057,46.429988108493,27117.4502718271,,,,,,
9/14/19,2,11274.4810709217,11857.7767615571,2271.60588974514,43.1126279373994,25446.9768781688,,,,,,
9/14/19,3,10752.7017257777,11241.3777160828,2171.28098387612,41.2898276768357,24206.6500836579,,,,,,
9/14/19,4,10411.8645562049,10784.700816555,2093.38092322614,40.7895068890288,23330.7360700403,,,,,,
9/14/19,5,10285.7400723003,10530.1888080616,2069.49138360516,41.3458663179906,22926.7663030578,,,,,,
9/14/19,6,10394.5219442049,10633.8091144717,2090.00239899551,42.7147403577315,23161.0485233736,,,,,,
9/14/19,7,10705.4020571767,10770.653170172,2109.31493230234,45.8961233325817,23631.2664203756,,,,,,
9/14/19,8,11062.4404645606,10902.7267561714,2158.11677181736,46.1838938410041,24169.4673698862,,,,,,
9/14/19,9,11766.1040852334,11524.5058492023,2266.41760536127,48.8822672827593,25605.9089193057,,,,,,
9/14/19,10,12059.3253304422,12275.1770986813,2329.80182951598,52.4783003787012,26716.781525424,,,,,,
9/14/19,11,12067.1094495832,13322.680834891,2413.64188638381,57.7728284494476,27861.2045187262,,,,,,
9/14/19,12,12171.5140500665,14574.344920654,2522.48505169455,65.2368072144585,29333.5799627993,,,,,,
9/14/19,13,12745.1583973669,15966.5920803039,2687.85999690675,75.5141152572908,31475.1240559016,,,,,,
9/14/19,14,13612.0547382367,17309.537633808,2893.87243805514,84.1243635129911,33899.587336292,,,,,,
9/14/19,15,14385.8615198355,18538.9928962697,3105.25352906727,91.6031322714681,36121.7100904409,,,,,,
9/14/19,16,15372.6666183752,19426.016186382,3326.6173381154,96.5389240101014,38221.8387260944,,,,,,
9/14/19,17,16083.5632178488,19688.2255301296,3471.0867740345,98.0009817210718,39340.8762983051,,,,,,
9/14/19,18,16524.2897192436,19433.9198003618,3593.31502030909,97.1589251345221,39648.6836287723,,,,,,
9/14/19,19,16462.1551868263,18548.1897106171,3545.49633288122,90.3853062513347,38646.2278032929,,,,,,
9/14/19,20,15849.4736135371,17918.0695631502,3497.08062707179,80.4404603950002,37345.064578316,,,,,,
9/14/19,21,15062.8763438509,16888.7565238612,3324.40211633284,71.6889701135213,35347.7245666914,,,,,,
9/14/19,22,14083.7825429752,15841.1617931315,3140.35037895214,65.3070295504604,33130.602148392,,,,,,
9/14/19,23,12973.0824836122,14632.2176896142,2880.82150156849,58.0522908445674,30544.1758247898,,,,,,
9/14/19,24,11915.5228002856,13570.2576756879,2625.36855096483,51.2713124441769,28162.4213204065,,,,,,
9/15/19,1,11185.2694657967,12502.3864171963,2431.64500929301,46.3018354817582,26165.6033992616,,,,,,
9/15/19,2,10568.0343520343,11647.928882436,2272.33849197503,43.6720288374446,24531.9741799654,,,,,,
9/15/19,3,10173.1822055071,11011.9302995384,2184.27263200248,42.4181177205165,23411.8033064147,,,,,,
9/15/19,4,9874.28256766532,10581.6114033362,2098.37594958424,41.7609670054741,22596.0308738324,,,,,,
9/15/19,5,9828.50170912977,10355.3666377103,2049.46644610985,42.0753543713469,22275.4107483314,,,,,,
9/15/19,6,9933.47688426606,10319.6789084687,2045.06424731585,43.2109978174707,22341.430483988,,,,,,
9/15/19,7,10149.9416712908,10316.9429054082,2040.99760912556,44.2579730765165,22552.1400765108,,,,,,
9/15/19,8,10417.9118213832,10308.7218235848,2042.04267176784,46.0796542385119,22814.7565254347,,,,,,
9/15/19,9,10815.7118037132,10678.9982477537,2075.70183908346,50.1440803954682,23620.5546661322,,,,,,
9/15/19,10,10932.8498216623,11254.153099732,2229.95692217941,55.9233304882527,24472.8823932327,,,,,,
9/15/19,11,10612.4181825679,12018.3418263444,2369.47492328081,62.5073845421958,25062.7425168339,,,,,,
9/15/19,12,10603.7492951215,12817.3140542878,2512.34017480567,70.2575301582454,26003.6605162939,,,,,,
9/15/19,13,10878.2521310149,13975.8902928596,2697.18946865887,78.8358916026449,27630.166601537,,,,,,
9/15/19,14,11383.9573753824,15094.2341130195,2942.32837243404,85.313791896377,29505.8327715884,,,,,,
9/15/19,15,11756.1743366732,16047.3587115368,3179.70348219146,90.3390673871581,31073.5751448352,,,,,,
9/15/19,16,12278.6760490842,16442.2657059925,3210.67197388029,90.1413127731198,32021.7547385983,,,,,,
9/15/19,17,13025.9431198343,16447.5001554368,3201.02394218583,89.2311608619232,32763.6983782311,,,,,,
9/15/19,18,13700.2153953494,16339.8753290845,3361.16124424141,87.4872490134377,33488.7392850805,,,,,,
9/15/19,19,14060.6542011531,15783.7620420068,3344.41014136745,83.6465908674649,33272.4729487269,,,,,,
9/15/19,20,14148.0712164427,15710.2536117004,3358.20110278065,79.8919149905515,33296.4179842103,,,,,,
9/15/19,21,13834.7506426336,15022.4099033973,3210.6679438994,73.6263632925832,32141.4564901766,,,,,,
9/15/19,22,13049.702547929,14164.1903091212,3035.48641527202,66.8176379983397,30316.1978075193,,,,,,
9/15/19,23,11965.1876522214,13042.5560629537,2766.38789131468,59.9499744941621,27834.0831496044,,,,,,
9/15/19,24,11078.7101237493,11920.6198291621,2506.65277761653,54.2512586041815,25560.2344933785,,,,,,
9/16/19,1,10593.0914667046,11198.500905142,2343.00542516518,50.3367136027797,24184.9349583803,,,,,,
9/16/19,2,10196.4042133694,10677.7470749312,2234.67389387883,48.4091402348427,23157.234537767,,,,,,
9/16/19,3,9959.61068673626,10281.8571515409,2145.72080678431,47.6886203800795,22434.8774465442,,,,,,
9/16/19,4,9920.94101558138,10164.9977680583,2114.10032713317,47.3250437119343,22247.3637142427,,,,,,
9/16/19,5,10123.3420253783,10254.5848295433,2153.04019854574,49.4039563088023,22580.3712013341,,,,,,
9/16/19,6,10746.0904560035,10996.0306147937,2302.46459437321,53.2640954403359,24097.8494831507,,,,,,
9/16/19,7,11832.0039417828,11910.7167978679,2533.64619887165,55.8988581709918,26332.2651317555,,,,,,
9/16/19,8,12443.469649905,12384.3383808958,2603.69909871669,57.5903913857235,27489.0980319061,,,,,,
9/16/19,9,12564.1671996875,12838.7227233123,2644.17832857082,62.3791475867617,28109.4469285998,,,,,,
9/16/19,10,12555.2450909618,13390.3743102811,2684.43734538868,67.7810274917929,28697.837098127,,,,,,
9/16/19,11,12130.4380520557,13774.4158026278,2693.98250738258,67.9399304108946,28666.775736203,,,,,,
9/16/19,12,11852.9874287908,14313.1084331737,2738.60009370288,74.6050942374766,28979.3009320579,,,,,,
9/16/19,13,11758.6621192886,14868.7757869267,2757.33990061874,77.1176742427308,29461.8948258433,,,,,,
9/16/19,14,11707.6885525736,15587.0636387119,2874.54381789641,81.2564692952715,30250.552093654,,,,,,
9/16/19,15,12064.6235507851,16426.8818596452,3046.67818471335,83.2021432156356,31621.3846065704,,,,,,
9/16/19,16,12403.8022262658,16738.7465572433,3185.18262258136,82.4716004244659,32410.2026908104,,,,,,
9/16/19,17,12626.2294737578,16825.1455168201,3264.43061162185,79.0628987890983,32794.8681360225,,,,,,
9/16/19,18,12976.3820142731,16602.1804128929,3351.61801590222,76.6442975043143,33006.8247962188,,,,,,
9/16/19,19,13325.5952361372,15870.5824478363,3273.63268401472,74.266928070501,32544.0774943236,,,,,,
9/16/19,20,13626.1190168733,15709.247448618,3292.23972500799,73.6370671629424,32701.2423131579,,,,,,
9/16/19,21,13413.0375433948,15063.3994065702,3160.03286183089,69.189582316472,31705.660334779,,,,,,
9/16/19,22,12665.9649032988,14092.6267027927,2982.6736835811,63.3624722414659,29804.6281194256,,,,,,
9/16/19,23,11711.483349543,12965.3588759661,2695.04638139029,56.9878996529774,27428.8780519726,,,,,,
9/16/19,24,10890.392833922,11946.2344749379,2443.94021740553,51.5117407432269,25332.0801860131,,,,,,
9/17/19,1,10524.3778271382,11215.7258241734,2284.89760384022,46.9685111378396,24071.9699077292,,,,,,
9/17/19,2,10286.0279376832,10703.6224184163,2165.62303958101,44.9917840660385,23200.2660428922,,,,,,
9/17/19,3,10062.9784308896,10312.3098486028,2074.22211881185,43.9357015625478,22493.4463749893,,,,,,
9/17/19,4,9931.8563256666,10135.4976204571,2020.76829087864,43.152324102039,22131.2745781342,,,,,,
9/17/19,5,9818.29700090994,10262.4725626779,2043.006729001,44.8570716384891,22168.6330721616,,,,,,
9/17/19,6,10240.1703558657,10781.2985862243,2165.56668486126,48.6763103068002,23235.7120351018,,,,,,
9/17/19,7,11260.3114981021,11603.1044795812,2372.49959640036,51.2966579706037,25287.2123055535,,,,,,
9/17/19,8,11888.9785496912,11938.3711029686,2446.97037868573,51.9394243040861,26326.2585252331,,,,,,
9/17/19,9,11844.7284077437,12416.0659344142,2446.62493919195,52.7738083507389,26760.1926798852,,,,,,
9/17/19,10,11820.0800299803,12755.3620026594,2407.96797869778,53.405565726178,27036.8154930462,,,,,,
9/17/19,11,11678.8103484551,12997.4814808752,2404.15550205126,56.2900142063296,27136.7373585814,,,,,,
9/17/19,12,11554.6703330436,13352.354961267,2416.52182703889,61.2294043494976,27384.7755658033,,,,,,
9/17/19,13,11487.1214945121,13850.0730967924,2460.01601005738,65.3919015762503,27862.6022536428,,,,,,
9/17/19,14,11737.1462637384,14513.0544396762,2559.80095561088,69.1028050956181,28879.1036740461,,,,,,
9/17/19,15,12092.0937693039,15259.9899827973,2720.18583943284,72.0274351314689,30144.297575887,,,,,,
9/17/19,16,12291.5202827473,15839.1147232712,2880.59945931139,75.2100844716135,31086.4442475679,,,,,,
9/17/19,17,12634.8965378328,16200.952233012,3024.28583683623,78.0830885507216,31938.216940923,,,,,,
9/17/19,18,13166.8315085987,16260.2458792615,3125.91656338284,77.7116560613961,32630.7061700677,,,,,,
9/17/19,19,13604.5087869521,15823.6624709863,3122.36268753017,73.6508523257125,32624.1845506839,,,,,,
9/17/19,20,13819.7152011776,15713.8376884643,3148.73164611005,70.6525467780123,32752.9373508499,,,,,,
9/17/19,21,13530.011685959,15162.5212863256,3025.59334984743,64.5707051167786,31782.6981927451,,,,,,
9/17/19,22,12817.5231577492,14276.3174690631,2848.49122240857,58.225915956716,30000.5578046321,,,,,,
9/17/19,23,11958.5487330692,13102.2126727486,2574.47013340175,52.319357566441,27687.5513392623,,,,,,
9/17/19,24,11098.1088668597,11964.1926850431,2311.10504857222,47.2434439678363,25420.6502484738,,,,,,
9/18/19,1,10489.6819283772,11139.8568782569,2166.88876094706,42.7344373351962,23839.1622761698,,,,,,
9/18/19,2,10119.7900773557,10654.4262512923,2070.83758897149,40.876700746962,22885.9312019292,,,,,,
9/18/19,3,9889.01186569036,10255.7494739139,2010.36295254799,39.6614406772854,22194.7853160466,,,,,,
9/18/19,4,9779.0116360382,10056.143909784,1952.83928581515,40.2692179304582,21828.2636504564,,,,,,
9/18/19,5,10009.5887182725,10194.5800845659,1967.85425751578,42.5433810531788,22214.5670547299,,,,,,
9/18/19,6,10544.5414066067,10758.7551003544,2085.69827145877,46.8563297057284,23435.850731125,,,,,,
9/18/19,7,11525.4719707136,11638.8798725289,2300.78181775475,50.4427763114821,25515.5762094682,,,,,,
9/18/19,8,12095.0952687327,11965.0679034476,2394.88807420177,49.9232098449954,26504.9733046416,,,,,,
9/18/19,9,12438.9129229719,12295.7865862755,2343.64363580731,49.320779680896,27127.662680778,,,,,,
9/18/19,10,12433.2616210953,12552.6001598319,2302.19325518034,51.1313501186141,27339.1862884187,,,,,,
9/18/19,11,12464.2545598358,13018.7947981172,2266.7761324565,54.1379499733658,27803.9636037353,,,,,,
9/18/19,12,12285.9931707533,13433.9730544609,2262.2070052941,56.9410749820114,28039.1142594225,,,,,,
9/18/19,13,12062.4121618233,13862.5317826537,2284.29040422937,60.4318661494573,28269.6665105729,,,,,,
9/18/19,14,12145.6569611678,14436.9115418704,2368.00612734981,63.9592798871776,29014.5332923143,,,,,,
9/18/19,15,11995.6821713839,15143.4368229188,2484.90923209782,67.9428538918721,29691.9701699751,,,,,,
9/18/19,16,12315.1136123603,15736.6661005185,2642.58142097908,72.4136935118694,30766.7740985036,,,,,,
9/18/19,17,12630.2113324408,16066.9023239626,2801.93287137273,75.3798537461105,31574.4238754904,,,,,,
9/18/19,18,13090.4630596646,16000.8272600326,2997.54011025512,75.5243707187158,32164.3551491871,,,,,,
9/18/19,19,13447.8626298382,15468.6985426437,2948.12712842058,73.0239632905428,31937.7125716175,,,,,,
9/18/19,20,13722.9735216945,15405.6865561356,3001.25219725186,70.4493823845225,32200.3611771298,,,,,,
9/18/19,21,13479.1033706199,14901.9324989024,2878.17467981322,66.2144089484547,31325.4247906317,,,,,,
9/18/19,22,12838.1799653695,13988.964566232,2713.84040308062,60.7824791498187,29601.7688172338,,,,,,
9/18/19,23,11853.2641017613,12841.572296879,2467.00367120732,55.188357895799,27217.0292754762,,,,,,
9/18/19,24,10976.8057218254,11812.6931359019,2234.34733327111,43.6585467410037,25067.5062729806,,,,,,
9/19/19,1,10438.5803190739,11696.9731517901,2130.17904764337,45.501887186212,24311.2336353743,,,,,,
9/19/19,2,10030.3908667361,10649.2505188406,2016.10325852773,43.7802909362573,22739.5255101205,,,,,,
9/19/19,3,9906.8287348985,10178.6874905151,1950.33311057062,43.2508180863992,22079.1013916207,,,,,,
9/19/19,4,9800.06723866274,10007.2952197036,1916.25618442803,42.9705498623962,21766.588700247,,,,,,
9/19/19,5,9931.72603370503,10201.1407800968,1944.73991151217,44.4365758734133,22122.0439776614,,,,,,
9/19/19,6,10496.2160120402,10793.4076703784,2066.24643317177,46.9214941771001,23402.7931615186,,,,,,
9/19/19,7,11527.9355666677,11653.7467294749,2273.68851323955,51.7314092615487,25507.0993606032,,,,,,
9/19/19,8,12057.6530104003,12012.3953975296,2358.20013278928,52.6706235971104,26480.9132631788,,,,,,
9/19/19,9,11866.4840531298,12298.0059427162,2319.59198085782,54.1694869960692,26538.2499909616,,,,,,
9/19/19,10,12140.6359682015,12564.7749424132,2301.09393229472,55.8415618133427,27062.3451747853,,,,,,
9/19/19,11,12022.5862650188,12757.0219533865,2250.42563816252,58.4837511327139,27088.5174306817,,,,,,
9/19/19,12,11766.3554818123,12991.6044283154,2218.9876358606,61.003380223896,27037.9522672315,,,,,,
9/19/19,13,11681.5938892885,13273.8477009855,2241.15844973051,63.8064068931686,27260.4059409306,,,,,,
9/19/19,14,11573.9700243935,13754.0021741662,2321.94367935665,65.5056591004192,27715.4224207854,,,,,,
9/19/19,15,11601.9668409031,14189.2643654502,2411.40241156119,68.2889375052333,28270.923015978,,,,,,
9/19/19,16,11647.315688408,14659.3599072103,2580.41280810147,70.1697010516711,28957.256854952,,,,,,
9/19/19,17,12176.8377509489,15041.087253308,2686.42923262921,72.0289388072965,29976.3852266708,,,,,,
9/19/19,18,12720.7653547717,14815.9255717279,2764.64953455624,71.8327059425663,30373.1760724753,,,,,,
9/19/19,19,13145.2421199126,14333.1828301117,2787.42174827907,68.5524433648526,30334.4018258519,,,,,,
9/19/19,20,13488.0322813056,14586.1148372084,2891.23392225999,66.2577464360257,31031.6370082374,,,,,,
9/19/19,21,13284.5394095955,14195.12990343,2801.46054494527,61.4913851682981,30342.619782628,,,,,,
9/19/19,22,12674.3001251398,13521.682894319,2666.19287013061,56.2700210611806,28918.4424482827,,,,,,
9/19/19,23,11723.9645818836,12445.3734027973,2422.4988592094,50.7039388171849,26642.5381185016,,,,,,
9/19/19,24,11170.9653671899,11536.9950287475,2224.1362766868,46.078941907002,24978.1775186362,,,,,,
9/20/19,1,10800.4495426741,10996.2139014365,2101.07162015266,43.3568729342814,23941.0896137683,,,,,,
9/20/19,2,10494.7335178356,10392.9201012463,1995.9250681903,41.2851289788257,22924.8623113063,,,,,,
9/20/19,3,10107.0124309858,10018.437313106,1900.33431536512,40.6535625862276,22066.4377537487,,,,,,
9/20/19,4,9759.5275574254,9902.39894261224,1876.66166465431,40.6081102849096,21579.198591792,,,,,,
9/20/19,5,9831.52199984429,10026.5385641795,1884.63267668757,41.8083553858364,21784.5018827414,,,,,,
9/20/19,6,10375.942630849,10619.9189005421,1998.16759576055,45.3958047398806,23039.4253541639,,,,,,
9/20/19,7,11310.4193804284,11429.2880599291,2179.22825369008,48.8200125904315,24967.755979504,,,,,,
9/20/19,8,11860.4145938575,11757.667448791,2224.54701442318,49.5625238428806,25892.1884917589,,,,,,
9/20/19,9,12119.6640035754,12065.3726944464,2231.62209249522,48.2823802321033,26464.9378509452,,,,,,
9/20/19,10,12037.2079699728,12314.2810338913,2187.93919574125,47.2255626875934,26586.6528166131,,,,,,
9/20/19,11,11920.2979285836,12661.8171373073,2129.68504524375,48.2120998185006,26760.0080788319,,,,,,
9/20/19,12,11809.3183944334,12845.9422180868,2088.04560138979,49.5479826990689,26792.8546191942,,,,,,
9/20/19,13,11804.7283409799,13221.7547107746,2123.17127578676,52.273464763113,27201.9271561696,,,,,,
9/20/19,14,12083.8731529921,13770.4561589408,2204.21132443612,54.5522847576222,28113.0922850498,,,,,,
9/20/19,15,12456.8956833877,14329.4246695935,2306.60415097889,57.4885830559015,29150.414024614,,,,,,
9/20/19,16,12971.5626595935,14968.4457073644,2465.07648715923,60.2390881208866,30465.3231936775,,,,,,
9/20/19,17,13174.3369894991,15211.1340413262,2602.0279545313,62.1097015912528,31049.6116699651,,,,,,
9/20/19,18,13467.2373753454,15072.9921090608,2753.07135584601,63.5583446281826,31356.8608216299,,,,,,
9/20/19,19,13692.0535973409,14590.8643093948,2785.88962326319,62.5456331328758,31131.3532441882,,,,,,
9/20/19,20,13820.0395206275,14580.4607081801,2849.11996720791,61.0666869813372,31310.6858751504,,,,,,
9/20/19,21,13487.6924579764,14143.6701189362,2761.58986092439,57.8961533906735,30450.8472150349,,,,,,
9/20/19,22,12790.6858745626,13508.9945830487,2644.13752594724,53.1964439155171,28997.0138491547,,,,,,
9/20/19,23,11981.2694896177,12592.100324305,2448.80406043056,48.6467784063905,27070.8202902529,,,,,,
9/20/19,24,11178.8332767093,11723.7743046526,2244.26880262827,43.4733614745537,25190.3500501547,,,,,,
9/21/19,1,10632.1601789622,11009.7160589865,2125.54299809324,40.7841526971856,23808.2037864991,,,,,,
9/21/19,2,10296.300044828,10466.4189772286,2014.63937350689,39.2829860240525,22816.6426371147,,,,,,
9/21/19,3,10147.1939532482,10086.3026717984,1928.31772769645,38.6497686307805,22200.4645704531,,,,,,
9/21/19,4,9924.9978134903,9822.38325838265,1890.76670651704,38.6870912354867,21676.8350794952,,,,,,
9/21/19,5,9898.56374392233,9733.35317434379,1873.30685568603,40.0009636938582,21545.2240657089,,,,,,
9/21/19,6,10072.334801531,9910.10918481725,1897.66949380547,42.088902111103,21922.201882484,,,,,,
9/21/19,7,10513.4286944831,10140.5011078443,1962.8770652619,45.3955048599,22662.2018335834,,,,,,
9/21/19,8,10881.6687660735,10133.2199719791,2019.50844121994,45.205645260666,23079.6019226913,,,,,,
9/21/19,9,11111.4160174776,10472.4561729108,2019.4330502537,46.3310130369738,23649.6336964199,,,,,,
9/21/19,10,11017.9490165217,10825.3012863262,1996.55188986644,46.5511583671158,23886.3520047094,,,,,,
9/21/19,11,10944.5413641209,11168.1709184779,1946.67029101056,48.0028350715181,24107.3849504884,,,,,,
9/21/19,12,10885.900809189,11597.4309687129,1946.2312730282,49.8266936888702,24479.3892235588,,,,,,
9/21/19,13,10966.1673160341,12235.7923538863,2000.4528869157,52.053888918288,25254.4662945583,,,,,,
9/21/19,14,11194.6952707861,13087.6334761763,2081.64390626615,55.0216296768361,26418.9940912574,,,,,,
9/21/19,15,11817.785865612,14021.9803737966,2246.33527994562,58.6664542150637,28144.7683354952,,,,,,
9/21/19,16,12311.2845045323,14929.1739561811,2441.3741805353,64.1916429660056,29746.0244625724,,,,,,
9/21/19,17,12770.3926366892,15458.9564608517,2623.17607184924,66.3792809714421,30918.9052970851,,,,,,
9/21/19,18,13495.3430482122,15620.9366049908,2804.52216530609,69.041865694339,31989.845366466,,,,,,
9/21/19,19,13790.375510379,15168.9476423525,2856.79575680112,66.4851546405233,31882.6044803426,,,,,,
9/21/19,20,13793.8808916741,14999.4231396071,2896.88832161502,64.0260377612393,31754.2188441273,,,,,,
9/21/19,21,13408.4365649742,14337.3388032791,2802.86995397148,59.6531800073074,30608.2983614771,,,,,,
9/21/19,22,12742.6757248175,13589.0976618616,2682.5163009283,54.1780097828499,29068.4667306495,,,,,,
9/21/19,23,11849.9836998037,12666.4868583655,2481.82046910154,48.38339368042,27046.6741488007,,,,,,
9/21/19,24,11022.6151765907,11722.4987961101,2268.07338098591,44.4807576059471,25057.6684597707,,,,,,
9/22/19,1,10520.8553543024,10940.8549255568,2142.16291279351,42.1839941730921,23646.0572009113,,,,,,
9/22/19,2,9965.29830434706,10414.4543506679,2024.37204625154,40.2574462697861,22444.3822475775,,,,,,
9/22/19,3,9634.24843678253,9971.04374899362,1928.35290996275,39.2477506379599,21572.8937142351,,,,,,
9/22/19,4,9396.05859847079,9655.67591842542,1866.71896790858,39.1864150059398,20957.6405331385,,,,,,
9/22/19,5,9323.54987825578,9562.60781227736,1849.72481328935,40.2609668555217,20776.1447602603,,,,,,
9/22/19,6,9371.75921161955,9587.89590800693,1884.57573771944,42.0010610070826,20886.2318785505,,,,,,
9/22/19,7,9607.39102491621,9668.55420864572,1916.89058268562,44.2878828323111,21237.1233710544,,,,,,
9/22/19,8,9799.91863394329,9569.66819194064,1937.6944050926,45.129406227674,21352.4092890055,,,,,,
9/22/19,9,10288.7384698396,9922.7294111503,1979.1933776679,46.2210777690623,22236.8811517371,,,,,,
9/22/19,10,10345.0661569854,10347.9448733362,1966.69061658553,46.4662101337902,22706.166303171,,,,,,
9/22/19,11,10419.5045553367,10940.9990849627,2033.24653272568,48.5622864895818,23442.3127428114,,,,,,
9/22/19,12,10555.1309961694,11632.7618634129,2104.85018585217,52.9793863796161,24345.721189213,,,,,,
9/22/19,13,10819.5903353552,12543.3912003107,2184.94012291614,57.6573381380864,25605.5786994283,,,,,,
9/22/19,14,10561.6331734936,13528.2750438712,2283.45651241748,60.9122078628136,26434.2763650583,,,,,,
9/22/19,15,10836.3783826818,14245.2675407319,2458.61803452242,64.2402680264287,27604.5055685628,,,,,,
9/22/19,16,11457.6557087122,15147.4766457265,2696.46654727501,66.529753297755,29368.1296363939,,,,,,
9/22/19,17,12291.8917463453,15836.1182840467,2880.48649815599,67.0306354865024,31075.5268095408,,,,,,
9/22/19,18,13209.6919126133,16034.3887787589,3078.53205008971,67.4636602246299,32390.0782236134,,,,,,
9/22/19,19,13472.9843456532,15801.398250383,3168.96041823271,66.1059076057548,32509.4503358542,,,,,,
9/22/19,20,13731.6993074694,15655.7891256743,3219.01517134904,64.5304151828118,32671.0330309652,,,,,,
9/22/19,21,13392.4856891356,15007.0514508698,3108.62114137072,60.5173553427443,31568.6765648071,,,,,,
9/22/19,22,12631.7589278182,14106.6752479378,2931.3352282847,55.4479095267245,29725.217066902,,,,,,
9/22/19,23,11597.3614251348,12897.6273798992,2661.90807949377,49.781294976978,27206.6793194741,,,,,,
9/22/19,24,10784.303664583,11820.228679701,2396.9615334451,44.5542078001373,25046.0475727833,,,,,,
9/23/19,1,10324.1916438356,11004.1010067192,2254.09199131777,42.1214283493482,23624.5058748961,,,,,,
9/23/19,2,10100.2309521832,10480.8489627137,2135.09027164785,40.2422139989699,22756.4126916956,,,,,,
9/23/19,3,9791.94555452234,10148.7531007134,2064.71846168066,40.0497037053421,22045.4672741843,,,,,,
9/23/19,4,9736.95206711734,9985.93904211889,2036.76036511302,40.0545257295596,21799.7066663017,,,,,,
9/23/19,5,9751.32102616279,10173.5741559199,2047.45512977203,42.2548850738149,22014.6046290845,,,,,,
9/23/19,6,10152.9879253597,10832.2378122992,2186.51284024879,46.7648259659536,23218.5051225242,,,,,,
9/23/19,7,11277.3766355389,11737.8169375123,2399.67659281104,50.7108647065048,25465.5817306824,,,,,,
9/23/19,8,11948.9700109755,12249.7685994167,2479.22609713689,52.0254955740123,26729.9889399317,,,,,,
9/23/19,9,12023.3473081182,12727.6004868657,2518.06437733046,51.9852275287202,27320.9939394145,,,,,,
9/23/19,10,11671.7032580394,13044.2444246813,2517.84325636298,56.127833700544,27289.917413266,,,,,,
9/23/19,11,11620.9862507119,13546.2194101637,2678.23942625307,56.7316203516707,27902.1864607895,,,,,,
9/23/19,12,11703.9924053367,14977.7464212948,2462.50959522296,60.8821512410966,29205.1297908095,,,,,,
9/23/19,13,11918.1792498111,14641.0298837664,2500.91743681244,64.9464765600987,29125.0709832209,,,,,,
9/23/19,14,12394.6436996075,15302.73218143,2567.3262487089,70.7225044501671,30335.4240538062,,,,,,
9/23/19,15,12997.6927023024,15915.7288243228,2699.2545270978,74.4505300337836,31687.1273176834,,,,,,
9/23/19,16,13650.0363692105,16537.003829876,2857.19176647821,77.693508563717,33121.924847088,,,,,,
9/23/19,17,14402.5557383507,16646.5622475814,2942.68874957944,78.9459757299492,34070.7566173967,,,,,,
9/23/19,18,15147.1295442126,16399.1641975252,3028.3729291888,78.4319651945362,34653.0995409643,,,,,,
9/23/19,19,15407.5986535516,15670.1546359713,2990.30258380394,74.7393564388533,34142.7973986533,,,,,,
9/23/19,20,15406.5020001827,15655.0213423361,3020.39918968354,70.9805702279262,34152.9021815241,,,,,,
9/23/19,21,14783.7281268729,14941.3986872035,2885.25291904178,66.3618561680571,32676.7425972628,,,,,,
9/23/19,22,13984.0101161024,14061.5410188802,2715.7773063151,60.5328213797675,30821.8616330295,,,,,,
9/23/19,23,12834.4588951237,12876.5259165756,2454.77792656113,53.4843878076447,28219.2458582005,,,,,,
9/23/19,24,11673.8778182939,11824.2515988454,2213.63444083847,47.7415942287918,25759.5057667253,,,,,,
9/24/19,1,11001.7791930427,11112.2566124262,2087.91060645114,44.4782601252655,24246.4248935744,,,,,,
9/24/19,2,10675.1537141307,10580.5778011809,1981.51783449778,42.1255186596093,23279.3749463419,,,,,,
9/24/19,3,10869.4596498869,10221.6758444785,1911.88585551087,41.2250049821679,23044.246530759,,,,,,
9/24/19,4,10394.1783771992,10006.5787385633,1875.05213971057,41.428822266149,22317.2385731933,,,,,,
9/24/19,5,10508.7365529022,10171.783829838,1915.56796417632,42.9883107198676,22639.0763387007,,,,,,
9/24/19,6,10740.9556717344,10790.5991500608,2034.784117322,45.6735660364523,23612.0127765555,,,,,,
9/24/19,7,11729.3524633808,11707.5461423275,2244.19745968218,48.9701034679481,25730.0667319999,,,,,,
9/24/19,8,12259.5806323456,12021.1809764549,2297.16261119067,51.4251944831114,26629.3465535636,,,,,,
9/24/19,9,12434.3862931428,12353.7607886021,2317.14460329899,51.8481004794417,27157.1381553897,,,,,,
9/24/19,10,12935.8756293592,12780.7275564843,2279.59096465718,53.9740876276295,28050.1669820476,,,,,,
9/24/19,11,13265.154911588,13286.1345411816,2265.64052005102,57.529025047495,28874.45870808,,,,,,
9/24/19,12,13401.8882329005,13882.0676979432,2317.97463103602,63.0864309050497,29665.0162325904,,,,,,
9/24/19,13,13784.485772074,14641.135623488,2382.72664520873,68.2551970911151,30876.6051041821,,,,,,
9/24/19,14,14220.1647921734,15602.1116877301,2579.95059963398,73.6725918823354,32475.8980927407,,,,,,
9/24/19,15,14864.1779463477,16476.6220496715,2773.6088049165,78.8569655884599,34193.2661331326,,,,,,
9/24/19,16,15850.5153439292,17452.8531542486,2926.6049924011,83.2206858299395,36313.1941052954,,,,,,
9/24/19,17,16821.2823629697,17820.3726566474,3069.18705310947,85.0425490003962,37795.8851096428,,,,,,
9/24/19,18,17474.3286076993,17784.0533442684,3179.98705496182,85.1569345811566,38523.5295403362,,,,,,
9/24/19,19,17432.0498290631,17117.0019050351,3176.74816200108,80.9663798541026,37806.7691164972,,,,,,
9/24/19,20,17126.9204415802,17005.1308653768,3215.13004329424,75.6638797668814,37422.8463899714,,,,,,
9/24/19,21,16030.3002648557,16422.7753391495,3099.73942085119,69.0856824735692,35621.9022968252,,,,,,
9/24/19,22,14998.6839648438,15308.577140842,2922.36008572049,62.7695226881239,33292.3914735243,,,,,,
9/24/19,23,13915.1795246702,13872.2750032813,2658.89876810782,55.4580076630571,30501.7966624583,,,,,,
9/24/19,24,12459.2882829169,12614.7805058793,2414.15750604899,49.9284633536094,27538.1562466709,,,,,,
9/25/19,1,11653.6561140896,11753.4682783557,2278.50758532681,45.2157578594642,25730.8471237816,,,,,,
9/25/19,2,11062.6446724518,11073.5282505941,2177.0268026987,43.1366719553743,24356.3353616698,,,,,,
9/25/19,3,10683.9881571365,10495.518202685,2088.95597954369,42.2814476096429,23310.7422861077,,,,,,
9/25/19,4,10401.0993701976,10275.1887332622,2047.73879480227,41.9267271478266,22765.9537532925,,,,,,
9/25/19,5,10444.3702036834,10366.6876572152,2079.29512841811,43.5526457219286,22933.905527246,,,,,,
9/25/19,6,11016.6410708452,10948.007847573,2197.23703294972,46.2891599029065,24208.1742793561,,,,,,
9/25/19,7,12083.4978077387,11929.2527656011,2435.46271589495,50.2206615766196,26498.4344208986,,,,,,
9/25/19,8,12677.6152243514,12499.6827434393,2523.37753357274,51.494296013295,27752.1656506728,,,,,,
9/25/19,9,12888.5474408715,12948.4698433758,2558.69983116558,52.6410999478404,28448.3555159432,,,,,,
9/25/19,10,13405.3359021106,13414.6067068174,2583.72599145556,55.4218141841434,29459.0885631779,,,,,,
9/25/19,11,13781.8628543619,13926.6922902979,2561.47885379368,59.2636706316977,30329.2974003608,,,,,,
9/25/19,12,14337.6587277568,14603.8267708534,2659.18258682952,65.5586608359372,31666.2260213656,,,,,,
9/25/19,13,14740.1719483205,15304.1330597358,2800.9945597978,70.6692035954597,32915.9685149161,,,,,,
9/25/19,14,15519.3917005235,16102.6823366748,2618.3327712818,75.6478174595135,34316.05247176,,,,,,
9/25/19,15,16517.1254365887,16901.3496607642,2665.61720017229,81.8483626686356,36165.9416147402,,,,,,
9/25/19,16,17503.0560513293,17469.5194881129,2833.0758872434,87.8402439787174,37893.4912188206,,,,,,
9/25/19,17,18325.8641575803,17541.3902212045,2930.30552813123,91.2897170085445,38888.8533727707,,,,,,
9/25/19,18,18998.3015074577,17119.869810848,3034.38183282571,90.4443269458839,39242.9997786649,,,,,,
9/25/19,19,18783.0403251526,16391.5924596008,3037.87722234514,85.7839252140164,38298.2935203242,,,,,,
9/25/19,20,18450.2056596174,16293.8364372844,3096.04346993212,80.4099331103555,37920.4956815703,,,,,,
9/25/19,21,17579.0705644627,15557.455280355,2983.12345460829,74.0712324517809,36193.7214196715,,,,,,
9/25/19,22,16141.0057177957,14677.0272200349,2828.4876549396,66.5470792096645,33713.0680236464,,,,,,
9/25/19,23,14841.0312970741,13690.6082729042,2591.4919728417,58.7530803560814,31181.8839026684,,,,,,
9/25/19,24,13211.5018283924,12369.2122639353,2368.24865196383,54.9730095441958,28003.9372536568,,,,,,
9/26/19,1,12307.7345280876,11557.8192172906,2244.23657337536,51.7707037486414,26161.5608912268,,,,,,
9/26/19,2,11618.7012969585,11022.1922309332,2142.43279789753,49.0199116321369,24832.3459943729,,,,,,
9/26/19,3,11079.4743111677,10642.8625899928,2097.35582711179,47.3879564192369,23867.0802123116,,,,,,
9/26/19,4,10821.0389843951,10452.3534895265,2045.98563618164,44.7067962069447,23364.0853259367,,,,,,
9/26/19,5,10910.7265366061,10547.9505231542,2078.40809713749,47.233496307361,23584.3178993451,,,,,,
9/26/19,6,11484.433577987,11171.8398236947,2209.95881395287,50.9850132498793,24917.2176234972,,,,,,
9/26/19,7,12499.9095934524,12254.6926649123,2467.4311022053,54.3148751468785,27276.3493733814,,,,,,
9/26/19,8,13085.6716129289,12870.8679197945,2557.57683427693,55.7079447178448,28569.823786664,,,,,,
9/26/19,9,13100.2859934561,13345.9382680992,2494.36487006075,57.6403170747351,28998.2280974742,,,,,,
9/26/19,10,13173.8170261632,13758.0931632028,2632.07105477789,60.4968368318235,29624.4765110482,,,,,,
9/26/19,11,13248.6172849363,14039.0174012468,2610.19135961415,66.1619506848591,29963.9878792599,,,,,,
9/26/19,12,13484.6123113314,14146.5554368478,2586.68708526248,71.3947317497622,30289.2508209094,,,,,,
9/26/19,13,13834.5899950329,14324.0888877553,2602.24324099411,75.9888429025461,30836.9097644296,,,,,,
9/26/19,14,14474.9246653034,14443.6652481046,2618.19383904885,80.9521513857125,31617.7364439786,,,,,,
9/26/19,15,14972.1147082124,14605.9921357784,2627.17978213847,80.2557395854818,32285.5425535222,,,,,,
9/26/19,16,15609.4257341106,14600.3487690382,2679.2077403217,79.1359197716826,32968.1185089562,,,,,,
9/26/19,17,16208.2714003203,14465.1921357406,2649.53073395357,80.6108315112799,33403.6081308708,,,,,,
9/26/19,18,16529.1319912124,14306.7363014612,2723.22588633191,79.4872249696452,33638.5826519746,,,,,,
9/26/19,19,16238.4598178763,14272.5372806725,2843.7019364266,75.8364308249355,33430.5380324956,,,,,,
9/26/19,20,15970.6612481424,14563.1927903163,2941.62872540352,71.9177820480165,33547.3996737624,,,,,,
9/26/19,21,15304.622262427,14168.1404012072,2843.96035610999,67.1869762502888,32383.9112707957,,,,,,
9/26/19,22,14366.5442565436,13616.8704093282,2734.67712016117,62.34150463099,30780.4335252464,,,,,,
9/26/19,23,13122.1396385482,12657.2489295584,2523.8270180922,56.6370207023657,28359.852938379,,,,,,
9/26/19,24,12102.8431815699,11719.7974718135,2304.71918931972,51.5350888635166,26178.8957042231,,,,,,
9/27/19,1,11342.4771013098,11034.9401573971,2193.8969197527,47.0030606183351,24618.3192638162,,,,,,
9/27/19,2,10822.16025748,10587.1155399657,2090.31187368164,44.4784389882228,23544.0647446063,,,,,,
9/27/19,3,10481.3642675505,10274.0507214207,2045.50748698022,43.2664025938522,22844.1900139182,,,,,,
9/27/19,4,10285.7472365459,10120.1306925175,1993.24359169337,42.829219636461,22441.950755393,,,,,,
9/27/19,5,10401.9321849043,10267.2617059414,2022.72965712092,44.0570390300801,22735.9804344026,,,,,,
9/27/19,6,10973.5416847288,10883.0382431793,2147.05967652366,46.2785641159966,24049.9187250751,,,,,,
9/27/19,7,11962.6984870109,11857.5466339435,2381.53626870846,48.9307679583345,26250.7114551789,,,,,,
9/27/19,8,12600.5237872105,12383.8599283851,2504.5767611542,51.486060749389,27540.4419206253,,,,,,
9/27/19,9,12587.1677187952,12717.4872271997,2565.05628121474,53.2582821955308,27922.9692307193,,,,,,
9/27/19,10,12790.1832583951,12988.2806826555,2605.61107590578,56.3876275470223,28440.4640443208,,,,,,
9/27/19,11,12900.4939411693,13168.4331921055,2664.2680023792,60.8046447452203,28793.9998648698,,,,,,
9/27/19,12,12759.9072830442,13294.266290147,2680.23094235975,65.2656232787231,28799.6694971929,,,,,,
9/27/19,13,13067.6291118366,13360.4593759874,2612.02130439859,70.3054407145828,29110.4169759232,,,,,,
9/27/19,14,12723.6650554641,13510.6486373737,2550.05989930192,76.8397726918166,28861.2154834694,,,,,,
9/27/19,15,12827.4186978335,13504.854191947,2488.4954796248,80.2013539627656,28900.9687854261,,,,,,
9/27/19,16,13144.0568745831,13547.4007779721,2454.29667063589,82.32598851146,29228.0818337945,,,,,,
9/27/19,17,13537.2302024042,13454.9813749935,2499.3741865024,82.2314747207553,29573.8192188432,,,,,,
9/27/19,18,13611.2385130008,13274.6953736941,2620.40249331232,79.9792489920955,29586.3211036776,,,,,,
9/27/19,19,13668.965030364,13260.8112975922,2709.37004655386,75.4631292069726,29714.6113804186,,,,,,
9/27/19,20,13752.6904827866,13528.6911513569,2757.19612604288,71.9281021024424,30110.5065097684,,,,,,
9/27/19,21,13314.057752974,13194.4375666894,2673.83641404444,67.5637583340159,29249.8962820174,,,,,,
9/27/19,22,12696.0523647238,12754.6593157228,2594.56088728626,63.3574162468232,28108.6288335534,,,,,,
9/27/19,23,11876.9669158382,12039.1340299219,2418.9829670236,58.585296072135,26393.66965876,,,,,,
9/27/19,24,11073.1319043924,11267.9785425552,2233.9894085027,54.4547014555396,24629.5545297077,,,,,,
9/28/19,1,10464.5683902717,10682.9070587496,2124.43402851804,49.1195304820276,23321.0287067407,,,,,,
9/28/19,2,10025.4057478827,10158.0484189822,2032.43319343235,46.9881882453377,22262.8759731484,,,,,,
9/28/19,3,9682.06600882275,9818.62455428973,1943.39696983364,45.009580227082,21489.0971665134,,,,,,
9/28/19,4,9475.09128625739,9630.44265961554,1908.16345969699,44.1701989399436,21057.8669999167,,,,,,
9/28/19,5,9390.43086928801,9615.54299240341,1923.98922446204,44.009306894472,20973.9721174847,,,,,,
9/28/19,6,9567.63525397819,9814.66313354161,1965.25294420677,45.0741046164444,21392.6252607162,,,,,,
9/28/19,7,9942.84156329969,10182.533997883,2028.97118879497,46.7220476439351,22201.0684968895,,,,,,
9/28/19,8,10339.021926761,10350.2797990715,2073.64839847869,47.577653006341,22810.5258821069,,,,,,
9/28/19,9,10705.5880463335,10758.1497140098,2189.86157090729,50.3775566274645,23703.9744352105,,,,,,
9/28/19,10,10868.3976860898,11010.2858100893,2217.66117459738,51.9789273532351,24148.3196758134,,,,,,
9/28/19,11,10616.6967033574,11083.3677890296,2227.78619598157,54.024845714829,23981.8734083477,,,,,,
9/28/19,12,10311.8331318405,11208.5093165474,2195.22454667118,56.1225578371341,23771.6900323605,,,,,,
9/28/19,13,10060.796846405,11042.8442182565,2205.18557807938,59.015940324715,23367.8425980981,,,,,,
9/28/19,14,10027.7503947336,10993.0498051173,2150.77024127278,61.5204682220691,23233.0911826545,,,,,,
9/28/19,15,10155.9741418662,11021.5492870636,2171.60388200404,64.8341165038826,23413.9620249325,,,,,,
9/28/19,16,10473.3171185331,11046.5535418247,2227.11298523778,66.4450412931931,23813.428370037,,,,,,
9/28/19,17,10707.6847408431,11126.2246037267,2295.32234620756,66.3504466743625,24195.5846252719,,,,,,
9/28/19,18,10990.9086625857,11284.0973921105,2403.24391915087,63.3761564302401,24741.6299241229,,,,,,
9/28/19,19,11508.9093840069,11548.7103966163,2596.26094969489,59.7890480309546,25713.672061156,,,,,,
9/28/19,20,11932.0257762561,11963.2221956669,2616.25163438083,58.9737822771783,26570.4739869386,,,,,,
9/28/19,21,11682.9433173549,11714.0667057177,2514.10323294153,55.6377019556965,25966.7504489878,,,,,,
9/28/19,22,11254.0431042689,11282.9001528972,2427.31755997979,51.8823478308976,25016.1416970835,,,,,,
9/28/19,23,10625.9149854358,10709.2135302743,2252.49512163982,47.3029834137209,23634.9272315769,,,,,,
9/28/19,24,10025.7782081707,10144.0323705511,2082.17525923766,44.4943446496849,22296.4801211501,,,,,,
9/29/19,1,9841.00102403658,9647.25261543616,1980.5037003523,42.222532649038,21510.9808880024,,,,,,
9/29/19,2,9733.35175456562,9308.68045857638,1883.54471348708,40.5517954668608,20966.1294647967,,,,,,
9/29/19,3,9513.49008077067,9018.01478640767,1818.51807351068,39.9908813345834,20390.0141109622,,,,,,
9/29/19,4,9050.54173124018,8989.87334740792,1774.13113232212,39.5798769661111,19854.1265152991,,,,,,
9/29/19,5,9226.14370358242,8844.78470457777,1766.86778718239,40.7877342724591,19878.5844578612,,,,,,
9/29/19,6,9223.28960899819,8942.36543978881,1802.6014696381,42.1036211804615,20010.3604761745,,,,,,
9/29/19,7,9483.45193245548,9035.06478109611,1846.3558300713,45.2063410279328,20410.0793783963,,,,,,
9/29/19,8,9626.03901950977,8943.44446689663,1810.98162334571,45.6531761580741,20426.1164617869,,,,,,
9/29/19,9,9558.51385369058,9026.011391788,1778.7354847394,46.3447976119277,20409.6014235771,,,,,,
9/29/19,10,9549.08553160852,9103.16774698647,1786.4907614413,46.9702719351576,20485.7126923774,,,,,,
9/29/19,11,9234.74012431588,9080.2180886747,1619.0308427575,47.5642088294713,19981.5523377337,,,,,,
9/29/19,12,8965.19405653212,9147.06936414931,1429.42961859809,47.2272292794122,19588.9201746962,,,,,,
9/29/19,13,8919.1935796441,9167.75272677951,1521.03302707248,47.4801685375637,19655.4598375109,,,,,,
9/29/19,14,9009.04290201823,9329.35297092014,1550.50749037001,48.8899283854167,19937.7934849718,,,,,,
9/29/19,15,9283.4187330926,9792.6777812737,1686.03883231898,46.0189571534171,20808.1601132265,,,,,,
9/29/19,16,9791.88243641773,10026.983140235,1774.00438906755,51.4830239683263,21644.3536196331,,,,,,
9/29/19,17,10199.6330685813,10432.2800121541,2000.94341154609,53.8410181739662,22686.6989532402,,,,,,
9/29/19,18,10563.1575872799,10806.373961093,2276.80459434017,55.3067038721263,23701.6505020404,,,,,,
9/29/19,19,11249.6756524044,11247.2958836578,2461.28664580006,55.4970824651889,25013.760048834,,,,,,
9/29/19,20,11772.0497393784,11777.7829134692,2570.79919435708,56.036687964059,26176.668181244,,,,,,
9/29/19,21,11538.4828667574,11514.0751114196,2477.35320522363,53.9361171679428,25583.8468908312,,,,,,
9/29/19,22,11040.9600601593,11002.7551679618,2344.91709200852,49.10417223403,24437.7351709965,,,,,,
9/29/19,23,10284.4394860307,10345.2576995829,2153.93768194504,44.6784449063552,22828.3125463341,,,,,,
9/29/19,24,9720.24104363914,9700.68907927175,2010.27164006852,41.5872632452392,21472.7892256138,,,,,,
9/30/19,1,9520.899788762,9240.92482573963,1904.74925345458,39.8183528037018,20706.3917022169,,,,,,
9/30/19,2,9243.92989047334,8906.02159710546,1826.06410403086,38.4967038856888,20014.5121847324,,,,,,
9/30/19,3,9084.14196924023,8734.83778194853,1780.76788107837,38.699263193753,19638.4463781338,,,,,,
9/30/19,4,9047.89332220961,8694.6614324694,1760.75823776169,39.3749979886633,19542.6885051225,,,,,,
9/30/19,5,9288.4530633641,8925.41796282913,1799.15819716214,41.9028529980297,20054.9330961814,,,,,,
9/30/19,6,9754.98806121835,9583.03941068939,1921.7349626685,47.8656537183428,21307.6282328702,,,,,,
9/30/19,7,10659.1634567461,10482.3110699686,2108.66094753928,52.0999961826478,23302.2347310056,,,,,,
9/30/19,8,11324.9603248046,10755.2114351829,2154.26094992448,52.9923975774785,24287.4214948112,,,,,,
9/30/19,9,11180.4477969854,10873.0876000383,2093.21447245333,51.2882546677371,24198.0315392469,,,,,,
9/30/19,10,10809.2407450847,10857.7705531126,2043.67291272236,50.7660500014998,23761.4484107294,,,,,,
9/30/19,11,10573.0397788163,10819.0362987623,1925.67045169021,48.960409803749,23366.7050575775,,,,,,
9/30/19,12,10483.0728379305,10786.7844962179,1830.68008646654,48.6251251533971,23149.1644057677,,,,,,
9/30/19,13,10229.7813949236,10878.3263804309,1817.90250121439,47.9742321784477,22973.9827931816,,,,,,
9/30/19,14,10294.3731716203,11104.5731757946,1877.04052399585,48.0758200000831,23324.0611747007,,,,,,
9/30/19,15,10871.1883649291,11459.4771845328,1936.87301329611,49.7163597268828,24317.2567415802,,,,,,
9/30/19,16,10976.538701522,11638.8642019109,2037.20187184002,50.8690335730481,24703.4721275913,,,,,,
9/30/19,17,11122.1677372054,11793.8368095775,2153.79494906558,51.8493309101529,25121.6487020823,,,,,,
9/30/19,18,11524.7149288546,11973.0097578237,2566.10666965271,53.438085542756,26117.2727304273,,,,,,
9/30/19,19,12133.9193053518,12234.8967398023,2793.98412056231,55.5905390354232,27218.3934815259,,,,,,
9/30/19,20,12675.2930857547,12633.0668050653,2732.78329126745,56.4910638970273,28097.6331008788,,,,,,
9/30/19,21,12382.9645411615,12266.6862491229,2594.28990729199,54.2878456520031,27298.2289857846,,,,,,
9/30/19,22,11721.4302475446,11651.3576317797,2440.40432441522,51.270071174135,25864.4614539096,,,,,,
9/30/19,23,10841.3606558384,10799.5894683036,2228.08543318697,46.8971810744383,23915.9306394188,,,,,,
9/30/19,24,10172.7834391121,10145.4786819881,2031.6061144664,42.8792364181018,22392.7484406208,,,,,,
10/1/19,1,9757.49676803152,9637.07139388588,1925.04970558854,41.5250779991648,21361.1432587292,,,,,,
10/1/19,2,9409.73788437821,9308.45003413871,1841.04206944704,40.6791604883518,20599.9095265773,,,,,,
10/1/19,3,9194.68349332923,9057.67865161481,1784.40198115509,40.89541525566,20077.6594568883,,,,,,
10/1/19,4,9153.15268861238,9034.31177778472,1748.45826213242,41.7505778324193,19977.6734764656,,,,,,
10/1/19,5,9349.35115574374,9214.07286694843,1789.19915784744,44.9803482500601,20397.6034952029,,,,,,
10/1/19,6,9952.7414733134,9780.83338583848,1918.57013723787,50.4160416013316,21702.5615966604,,,,,,
10/1/19,7,11046.8956427188,10512.9314591733,2135.35983537989,54.65730230089,23749.8438154495,,,,,,
10/1/19,8,11758.6427148438,9281.26486545139,2166.47042588976,55.4979708268907,23261.8759727648,,,,,,
10/1/19,9,11572.1684244792,9868.32872070312,1992.84096747504,53.3337190500895,23486.6716566298,,,,,,
10/1/19,10,11529.5174413622,10214.7231020846,1856.14281183247,51.5533117845323,23651.9396042209,,,,,,
10/1/19,11,11100.4149207899,10502.976344401,1813.57945081923,49.7288406361474,23466.5301397027,,,,,,
10/1/19,12,10485.1721278212,10372.2974175347,1720.05002549913,49.7399787902832,22624.5238308377,,,,,,
10/1/19,13,10108.7722710503,11106.9659358724,1731.62591637505,47.9111267577277,22993.5835975477,,,,,,
10/1/19,14,10125.983218316,11443.6047146267,1884.41224243164,44.8891523869832,23499.2297751194,,,,,,
10/1/19,15,10282.7943999566,11533.5730859375,1981.69809054905,49.3655211883121,23847.8068896484,,,,,,
10/1/19,16,10431.9270974392,11782.2642241753,2044.48326700846,50.7757043213314,24310.49212972,,,,,,
10/1/19,17,10879.8904796007,11917.6498990885,2204.7176030816,51.7541073555417,25054.4346991645,,,,,,
10/1/19,18,11508.2551106771,12062.2022276476,2471.7896101888,53.2925515376197,26096.1167849392,,,,,,
10/1/19,19,12163.2075770399,12224.6829416233,2701.47442409939,55.2658354918162,27149.6757150608,,,,,,
10/1/19,20,12630.4602061632,12623.050687934,2907.89142062717,55.8849142169952,28217.4196202257,,,,,,
10/1/19,21,12310.0095952691,12280.2325130208,2842.32335720486,53.399761566586,27486.2885861545,,,,,,
10/1/19,22,11682.6869422987,11723.7929398954,2717.08617655102,49.9262710290815,26174.3073388672,,,,,,
10/1/19,23,10830.4009136285,10896.1560199653,2298.46148573134,45.8628857654995,24072.3015185547,,,,,,
10/1/19,24,10107.9946332465,10037.9025358073,1967.25485351562,43.009614549213,22156.4074267578,,,,,,
10/2/19,1,9781.249168023,9706.12393636068,1926.318441942,41.5152534177568,21454.4747601997,,,,,,
10/2/19,2,9497.68178927951,9445.03171766493,1820.16006659614,40.6759623633491,20803.4047433811,,,,,,
10/2/19,3,9235.36406792535,9297.74773057726,1761.32509128147,41.1025762960646,20332.9201909722,,,,,,
10/2/19,4,9152.91528142433,9110.52910312889,1728.46611169092,42.1103675142924,20034.4635487196,,,,,,
10/2/19,5,9262.73208116319,9214.59635742187,1765.59288696289,45.6115225039588,20289.8684000651,,,,,,
10/2/19,6,9879.02505533854,9678.33419487847,1896.40383843316,50.3181929550239,21504.7469831911,,,,,,
10/2/19,7,10905.8554676649,10545.8105240885,2120.27774915907,56.1821939383613,23628.0425249566,,,,,,
10/2/19,8,11465.0543695747,10729.3012055122,2190.79669189453,56.9804060183631,24442.8539724392,,,,,,
10/2/19,9,11185.6561545139,10716.386015625,2103.38746351454,54.3098120265537,24060.3192114258,,,,,,
10/2/19,10,10824.6188921441,11025.6659244792,2017.10940985786,50.8031602689955,23918.8744807943,,,,,,
10/2/19,11,10848.8150065104,10980.3410015191,1949.11671006944,49.3414100678762,23827.7796563043,,,,,,
10/2/19,12,10654.9958322483,11142.6204806858,1906.12532484266,48.6420549286736,23751.9170054796,,,,,,
10/2/19,13,10514.0458029514,11506.8359787326,1941.55940890842,49.3822656430138,24011.2456336806,,,,,,
10/2/19,14,10644.8680888397,11859.5596568009,1950.40550232896,50.8203452809652,24506.5762223307,,,,,,
10/2/19,15,10564.0623546007,12353.4566623264,2083.57183702257,51.5622894795736,25053.4315934245,,,,,,
10/2/19,16,10862.7656976997,12702.355437283,2222.0643999566,52.889333720737,25840.5804611545,,,,,,
10/2/19,17,11152.043296441,13014.5960915799,2372.16180392795,54.4643192725711,26593.3658116319,,,,,,
10/2/19,18,11781.1644194878,13162.4721137153,2550.72626790365,56.6872943761614,27551.3980452474,,,,,,
10/2/19,19,12337.5018608941,13300.5707324219,2680.23831407335,57.8518372715844,28375.8516042752,,,,,,
10/2/19,20,12734.9504611545,13416.2074403212,2751.35168375651,57.8656577004327,28960.0472840712,,,,,,
10/2/19,21,12418.0075477431,12991.1519824219,2643.40410617404,54.9636834748586,28107.6867925347,,,,,,
10/2/19,22,11790.8169249132,12372.7061610243,2494.92732638889,51.5795478990343,26710.6124506293,,,,,,
10/2/19,23,10937.4404882813,11536.8194542101,2272.98421305339,47.4402632109324,24795.9409852431,,,,,,
10/2/19,24,10226.6494976128,10684.2038617622,2065.57223605686,43.8519505310059,22985.3714621311,,,,,,
10/3/19,1,9778.29960394965,10080.4974880642,1960.26564371745,42.3749344666799,21763.6571153429,,,,,,
10/3/19,2,9440.40504123264,9656.14716362847,1870.48771077474,41.2523072708978,20919.0109532335,,,,,,
10/3/19,3,9138.95736328125,9431.11286132813,1800.25353908963,41.5953402455648,20395.4189198134,,,,,,
10/3/19,4,9043.4068891059,9339.34179036458,1765.63928697374,42.8221564356486,20190.9730886502,,,,,,
10/3/19,5,9237.38146050347,9552.08084852431,1796.0742428928,45.944061325921,20632.54800727,,,,,,
10/3/19,6,9862.72115439053,10183.0789574345,1925.78926857543,49.2283186086019,22023.0651752387,,,,,,
10/3/19,7,10922.5665831163,11024.5747992622,2148.17514200846,49.309986114502,24151.361070421,,,,,,
10/3/19,8,11493.959812283,11271.4419520399,2208.7406773546,53.7440092510647,25031.504617513,,,,,,
10/3/19,9,11185.4573611111,11311.1641134983,2162.46811414931,53.9350594594744,24713.307398546,,,,,,
10/3/19,10,11199.6825260417,11402.9869205729,2089.91113172743,50.8554791683621,24744.1379747179,,,,,,
10/3/19,11,11119.9286469184,11542.8188671875,2012.68524305556,49.8310457992554,24726.2369666884,,,,,,
10/3/19,12,10802.6361621094,11679.5400260417,1964.19264851888,49.7006230047014,24495.8494354926,,,,,,
10/3/19,13,10615.8741959635,11883.5361317274,1993.64758300781,50.8519447750515,24544.6126367187,,,,,,
10/3/19,14,10539.4736686198,12197.5142100694,2066.2631511773,51.889402946896,24856.1621813275,,,,,,
10/3/19,15,10697.0585091146,12482.7165766059,2156.73013916016,53.2295779281192,25390.4676934136,,,,,,
10/3/19,16,11009.4088389757,12782.4368153212,2232.17836751302,55.2365832127465,26079.4726068793,,,,,,
10/3/19,17,11365.1717447917,12850.9463986545,2357.5094273546,56.8494222640991,26630.6774248589,,,,,,
10/3/19,18,11858.1004231771,12920.0714171007,2527.46449273003,57.8915998819139,27363.8859505208,,,,,,
10/3/19,19,12358.4198415799,13019.1442936198,2658.84796522352,58.9453680123223,28095.1068549262,,,,,,
10/3/19,20,12733.1430815972,13142.9291937934,2718.35619140625,58.4968384414249,28652.6803049045,,,,,,
10/3/19,21,12360.1422374132,12723.4677419705,2606.89526312934,55.1886071124556,27745.9694647486,,,,,,
10/3/19,22,11745.0347222222,12089.3208387587,2460.34742947049,51.2585352564626,26346.6436215693,,,,,,
10/3/19,23,10892.7008658854,11035.1057172309,2223.01022379557,46.6543440331353,24198.3910167101,,,,,,
10/3/19,24,10186.3466981337,10258.4797439236,2027.27494832357,43.3083068169488,22515.4866319444,,,,,,
10/4/19,1,9693.29258246528,9848.2798296441,1920.22938517253,41.7116293271383,21503.62546875,,,,,,
10/4/19,2,9341.65670681424,9391.32028211805,1862.76467434353,40.8070744366116,20636.9647645399,,,,,,
10/4/19,3,9106.04395724826,9020.36667534722,1772.93712483724,40.4977639261881,19940.6167556424,,,,,,
10/4/19,4,9065.97992296007,9043.14111762153,1747.73885253906,40.6501967663235,19898.01359375,,,,,,
10/4/19,5,9251.92284396701,9178.01952148438,1786.88517740885,42.9707181082832,20259.7638579644,,,,,,
10/4/19,6,9873.91287217882,9756.09783203125,1919.73535224067,46.2943504333496,21597.1481548394,,,,,,
10/4/19,7,10938.7477430556,10700.1997330729,2121.18725029839,49.8356985558404,23810.7257313368,,,,,,
10/4/19,8,11608.9016351997,10860.5498611111,2182.36891899957,50.1976417128245,24702.8734125434,,,,,,
10/4/19,9,11702.0020138889,10939.7243109809,2113.98801703559,48.6229137505425,24804.5005186632,,,,,,
10/4/19,10,11531.4459375,11069.6597764757,2030.54220906576,48.3941134092543,24680.7356000434,,,,,,
10/4/19,11,10986.6154459635,11249.5806814236,1948.07196017795,48.7106518501706,24233.2073440213,,,,,,
10/4/19,12,10705.4071516927,11393.9331955295,1900.42836819119,49.2232897567749,24048.3745130751,,,,,,
10/4/19,13,10510.6163509115,11594.7461697049,1904.12833984375,50.9306923802694,24059.9580333116,,,,,,
10/4/19,14,10588.2962372614,11843.5628501516,1955.93918774925,53.1742466492123,24491.3262445747,,,,,,
10/4/19,15,10745.8783843316,12202.7374793837,2057.9953499349,55.2245576667786,25062.6354907227,,,,,,
10/4/19,16,10725.9637434896,12564.3085123698,2179.29234673394,58.6312121211158,25527.8297246636,,,,,,
10/4/19,17,10987.0428819444,12687.3106694878,2312.2317312283,59.5599784851074,26047.502487793,,,,,,
10/4/19,18,11502.4977625868,12685.3426139323,2469.38780924479,59.9873747083876,26717.7468777127,,,,,,
10/4/19,19,11945.0547645399,12772.2203797743,2581.32914930556,58.8107126871745,27357.5725065104,,,,,,
10/4/19,20,12264.8285698785,12905.5977376302,2620.75042344835,56.7742947970496,27848.4308072917,,,,,,
10/4/19,21,11954.9320052083,12447.9014507378,2516.78245361328,53.7761261452569,26974.3547374132,,,,,,
10/4/19,22,11465.0244367788,11998.5053064818,2410.04641663536,50.1487266667684,25924.3755278863,,,,,,
10/4/19,23,10816.2245703125,11324.9362098524,2224.12834879557,46.4540059280395,24411.7404009332,,,,,,
10/4/19,24,10129.5542643229,10537.9243793403,2022.69744249132,43.32692879147,22733.9110753038,,,,,,
10/5/19,1,9598.69608723958,9939.16361653646,1907.98256863064,41.2264629406399,21487.6754177517,,,,,,
10/5/19,2,9198.17439453125,9589.41042317708,1810.64117255317,39.9684077623155,20638.6770800781,,,,,,
10/5/19,3,8963.74642361111,9270.31285590278,1748.99847073025,39.979293557273,20023.4865147569,,,,,,
10/5/19,4,8851.31370334201,9081.98484592014,1696.46053154839,40.1465965482924,19670.3049441189,,,,,,
10/5/19,5,8872.11607747396,9155.22076388889,1698.99513536241,41.8350654782189,19768.2437988281,,,,,,
10/5/19,6,9111.92392653951,9398.87302038719,1746.13270833069,44.0605447096447,20300.8093071832,,,,,,
10/5/19,7,9567.63963758681,9696.64766818576,1834.12206570095,47.5301827367147,21147.1933528646,,,,,,
10/5/19,8,9873.22331814236,9669.53827907986,1851.27697170681,48.1599807739258,21443.1533875868,,,,,,
10/5/19,9,10001.1939832899,9792.92600477431,1848.01394585503,48.1599807739258,21690.4690565321,,,,,,
10/5/19,10,9920.51962673611,9851.18966037326,1769.83200642904,46.4375926844279,21587.9241940647,,,,,,
10/5/19,11,9820.06590386285,9962.14906141493,1695.84433241102,44.6360554006365,21523.4323912218,,,,,,
10/5/19,12,9648.0347157118,10079.3360698785,1653.90352186415,44.4399795532227,21427.1803767904,,,,,,
10/5/19,13,9264.65902886285,10309.7333094618,1659.08551038954,45.4345050377316,21280.4219552951,,,,,,
10/5/19,14,9239.72291124132,10620.7686751302,1705.40829087999,48.2306567729648,21614.3396431654,,,,,,
10/5/19,15,9503.28955186632,11150.5204166667,1782.71927354601,51.3816517861684,22488.007769911,,,,,,
10/5/19,16,9852.34459309896,11669.387953559,1915.76572482639,54.5516175333659,23492.7096153429,,,,,,
10/5/19,17,10454.2657779948,12144.5175032552,2165.96929090712,57.0348119354248,24822.014875217,,,,,,
10/5/19,18,11099.8031846788,12192.5020551215,2370.50033338759,58.0858790122138,25721.6945605469,,,,,,
10/5/19,19,11636.6391840278,12497.8760850694,2520.78337619358,57.0546362601386,26712.8893576389,,,,,,
10/5/19,20,11889.3887554253,12564.6588400608,2566.35551595052,55.2060935698615,27076.4688042535,,,,,,
10/5/19,21,11558.3687391493,12036.3896158854,2464.19975097656,51.9781942579481,26111.9838867188,,,,,,
10/5/19,22,11127.3711067708,11561.9337207031,2353.02551866319,48.4438479974535,25090.5941243243,,,,,,
10/5/19,23,10468.1901226128,10899.8385839844,2179.59471950955,44.9714514668783,23592.8094894748,,,,,,
10/5/19,24,9798.37997395833,10232.7982953559,2005.89530558268,41.5877194129096,22079.5492274306,,,,,,
10/6/19,1,9291.87678602431,9661.23913736979,1896.76320380317,39.5763780339559,20890.3181141493,,,,,,
10/6/19,2,8895.07453125,9249.4835546875,1862.87805718316,39.2399864196777,20047.0762722439,,,,,,
10/6/19,3,8622.29739474826,8962.8868109809,1758.95982394748,39.0990031305949,19383.6671223958,,,,,,
10/6/19,4,8494.58449435764,8770.29325846354,1690.02530178494,39.1669527604845,18994.836461046,,,,,,
10/6/19,5,8474.04110894097,8687.63182074653,1676.69066921658,40.8315773359935,18879.7276757813,,,,,,
10/6/19,6,8629.19639322917,8808.75672960069,1704.54902113173,43.2766403325399,19185.8507204861,,,,,,
10/6/19,7,8920.30485243056,8986.04052408854,1768.21712646484,46.1938056193458,19721.3733067491,,,,,,
10/6/19,8,9043.61375217014,8881.02113606771,1779.25790798611,47.5205848492516,19751.7364832899,,,,,,
10/6/19,9,9204.16783962674,9032.04132161458,1776.29388658312,47.2245905219184,20060.1414689128,,,,,,
10/6/19,10,9239.54996853299,9097.93311197917,1725.26541965061,46.4935851256053,20108.7255881076,,,,,,
10/6/19,11,9395.4453141276,9161.00427951389,1678.95268758138,46.1962814532386,20281.8548014323,,,,,,
10/6/19,12,9277.6716937934,9415.24756076389,1654.465808648,47.197869670656,20394.9215277778,,,,,,
10/6/19,13,9345.57016927083,9799.64526584201,1696.65317179362,49.2318244891697,20890.9483493381,,,,,,
10/6/19,14,9533.25103614199,10447.2545125368,1779.02958771081,51.5540950019914,21810.2718782552,,,,,,
10/6/19,15,9714.54751519097,11400.0869466146,1933.33308241102,54.2809781519572,23102.558800727,,,,,,
10/6/19,16,10057.2076551649,12222.9876258681,2136.57784125434,57.6054991149902,24474.5123014323,,,,,,
10/6/19,17,10834.8021180556,12994.155922309,2327.03646131727,60.069332025316,26216.5314933268,,,,,,
10/6/19,18,11634.7376204427,13458.3953005642,2531.85340115017,61.4180431895786,27686.4961414931,,,,,,
10/6/19,19,12080.6465299479,13552.2019118924,2660.97181125217,59.8487592993842,28353.6263264974,,,,,,
10/6/19,20,12386.4027441406,13549.9902398003,2694.53774820964,58.2141573460897,28689.3576757812,,,,,,
10/6/19,21,12017.6600292969,12979.3316992188,2582.77349853516,54.447624897427,27634.9053325738,,,,,,
10/6/19,22,11381.7988475227,12204.5152453416,2423.33636449052,49.8950042611112,26060.4694178602,,,,,,
10/6/19,23,10524.4167447917,11264.3041417101,2206.60421386719,45.0007972039117,24040.4431863064,,,,,,
10/6/19,24,9754.14717773438,10398.2387901476,2015.62038913303,41.2088404803806,22209.9710226779,,,,,,
10/7/19,1,9247.43701822917,9792.18309353299,1931.26239000109,39.1075081422594,21011.2005566406,,,,,,
10/7/19,2,8947.59127604167,9433.06666015625,1831.04898668077,37.9312637827131,20250.8543896484,,,,,,
10/7/19,3,8762.91102864583,9190.07502170139,1779.13103786892,38.1387079747518,19771.3306662326,,,,,,
10/7/19,4,8725.00332356771,9108.62586588542,1749.12152492947,39.1285967042711,19622.7413948568,,,,,,
10/7/19,5,8932.01362521701,9324.05334418403,1786.00901421441,42.0837516233656,20084.5185302734,,,,,,
10/7/19,6,9565.44704609315,9892.78930013551,1897.32126894332,46.0803419155545,21401.692014974,,,,,,
10/7/19,7,10635.0379427083,10824.9309559462,2079.39508843316,51.5884062491523,23591.9601893446,,,,,,
10/7/19,8,11363.1678114149,11222.6634309896,2264.44345431858,52.731735581292,24903.5594070095,,,,,,
10/7/19,9,11373.0786046007,11500.1392871094,2306.79004692925,51.0279020436605,25230.9829736328,,,,,,
10/7/19,10,11160.8938704427,11789.3866829427,2194.37352945964,49.9701004748874,25195.1438422309,,,,,,
10/7/19,11,10985.3484971788,12122.1572786458,2118.76243842231,50.4811325624254,25276.8943842231,,,,,,
10/7/19,12,10894.7289366319,12536.9762131076,2142.96383083767,52.0728490988414,25626.8701128472,,,,,,
10/7/19,13,10955.2955034722,13121.8764398872,2188.74398844401,53.4855977884928,26319.2967504883,,,,,,
10/7/19,14,11325.0483541888,13566.5704611921,2287.19945592708,56.9142185126411,27235.8524373086,,,,,,
10/7/19,15,11804.4496538628,14355.6220887587,2384.59371283637,60.6687058300442,28605.7387603082,,,,,,
10/7/19,16,12479.3502734375,15021.5924858941,2570.40396674262,63.8991294818454,30134.9595583767,,,,,,
10/7/19,17,13393.9064605035,15320.725172526,2706.74432400174,65.9742261823018,31487.632742513,,,,,,
10/7/19,18,14199.0133799913,15017.6532931858,2832.50258327908,66.1832930501302,32115.5236534288,,,,,,
10/7/19,19,14356.2330479601,14321.043968099,2881.89987386068,64.4771599112617,31623.6381814236,,,,,,
10/7/19,20,13929.0344075521,14680.6313834635,2900.29117784288,61.4580215644836,31572.0623117405,,,,,,
10/7/19,21,13239.8110763889,14242.8625043403,2747.41565538194,57.2549538887872,30288.1559787326,,,,,,
10/7/19,22,12357.8092795139,13167.8011132812,2575.50833875868,52.5418554130827,28153.6360302272,,,,,,
10/7/19,23,11329.7901161024,11976.7552897135,2336.76750976563,47.2742471864488,25691.5945513238,,,,,,
10/7/19,24,10450.9889398872,11173.2165386285,2107.5915625,43.0760496817695,23775.0897135417,,,,,,
10/8/19,1,9918.68392252604,10557.0627712674,1998.3170437283,40.6532171122233,22514.8015532769,,,,,,
10/8/19,2,9512.34419487847,9811.14691189236,1899.15816094293,39.3862067370945,21262.1468804253,,,,,,
10/8/19,3,9213.96643880208,9531.2441547309,1827.67513332791,39.5410846922133,20612.4754123264,,,,,,
10/8/19,4,9109.43801215278,9436.93781141493,1791.25890313043,40.096850704617,20377.6534488932,,,,,,
10/8/19,5,9250.30076388889,9558.68695203993,1834.80850056966,42.1958777311113,20686.1972732205,,,,,,
10/8/19,6,9796.70874457465,10081.897639974,1963.78149576823,46.1661553851646,21889.4478125,,,,,,
10/8/19,7,10948.2320670573,11073.2511914063,2178.58247992622,51.8653093677097,24251.6494818793,,,,,,
10/8/19,8,11564.5084418403,11398.9421234809,2228.82285508898,52.6853994835748,25244.9040321181,,,,,,
10/8/19,9,11435.6810666233,11518.4180761719,2201.71988932292,51.1179022206201,25207.3540375434,,,,,,
10/8/19,10,11075.0319140625,11741.6520724826,2157.22719129774,50.2847549989488,25024.1322043186,,,,,,
10/8/19,11,10923.4194932726,12023.4016916233,2124.68384494358,50.5253771379259,25122.4958973524,,,,,,
10/8/19,12,10909.5715256076,12346.2778884549,2080.08451741536,52.2268322796292,25388.5307275391,,,,,,
10/8/19,13,11050.4677832031,12682.7358138021,2113.60228312174,55.217796719869,25901.7713837348,,,,,,
10/8/19,14,11517.6912400532,13232.7225841395,2191.36836616623,58.0831282912131,27000.8650282118,,,,,,
10/8/19,15,11988.1147916667,13662.3982107205,2320.3868758138,62.9612768946754,28033.9479215495,,,,,,
10/8/19,16,12461.4349663628,14270.4012923177,2504.52018988715,66.8754668235779,29302.7412972005,,,,,,
10/8/19,17,12997.4338292101,14521.7865125868,2613.92029703776,68.5693583424886,30202.1353032769,,,,,,
10/8/19,18,13480.2210926649,14475.5386903212,2748.69586263021,68.2794083001879,30772.24796875,,,,,,
10/8/19,19,13769.3672710503,14350.442250434,2843.34880262587,66.0547584300571,31028.7014051649,,,,,,
10/8/19,20,13930.7842361111,14213.1803656684,2841.96300347222,63.0109726630317,31049.065094401,,,,,,
10/8/19,21,13331.2005078125,13594.7600672743,2704.8643343099,58.3509225082397,29689.858125,,,,,,
10/8/19,22,12540.4369912607,12845.9943098932,2536.2377784729,53.5592441855537,27976.0661610243,,,,,,
10/8/19,23,11491.7186013455,11808.5221397569,2303.77490125868,48.1692355685764,25653.1044395616,,,,,,
10/8/19,24,10594.689828559,10863.1109743924,2102.60919243707,44.3209922440847,23604.9452468533,,,,,,
10/9/19,1,9771.2015342882,10181.3556369358,2005.82028618707,42.1248045815362,22000.3976703559,,,,,,
10/9/19,2,9037.64595594618,9725.3869780816,1922.39424587674,40.4320802137587,20725.8715288628,,,,,,
10/9/19,3,8681.87745551215,9480.76782118056,1850.44313368056,40.0287314732869,20053.1368842231,,,,,,
10/9/19,4,8518.13771158854,9364.35251953125,1824.07654663086,40.3249747541216,19746.737195638,,,,,,
10/9/19,5,8628.59746961805,9545.44496961806,1849.31684502496,42.5658245192634,20065.9543484158,,,,,,
10/9/19,6,9141.15535344094,10259.8655841068,1992.3820479113,45.5953148608737,21440.0573942057,,,,,,
10/9/19,7,10055.2646733941,11149.600422092,2203.70862006293,50.4211873563131,23459.1302446832,,,,,,
10/9/19,8,10614.7361349826,11476.6434982639,2301.05304497613,51.6572941229078,24443.9949962023,,,,,,
10/9/19,9,10516.7960503472,11582.6758452691,2273.55012613932,51.378171661165,24424.657147895,,,,,,
10/9/19,10,10380.3825238715,11578.7422721354,2169.15887071398,51.0162351120843,24178.9856347656,,,,,,
10/9/19,11,10235.7375227865,11725.2802951389,2098.08152832031,52.2529316753811,24111.2408268229,,,,,,
10/9/19,12,10054.3288085937,11857.6904503038,2073.97125827365,53.9988747586144,24039.9161159939,,,,,,
10/9/19,13,9460.64331054688,12430.8054177517,2036.13805691189,56.1263404083252,23983.2687670898,,,,,,
10/9/19,14,9654.14288302951,12666.5912717014,2097.36760375977,59.4197061983744,24477.1701453993,,,,,,
10/9/19,15,9778.45452907986,13180.5840766059,2178.03793321398,62.9307934612698,25200.3298727756,,,,,,
10/9/19,16,10522.9271733941,13094.0493565538,2314.67925645616,66.0776477389865,25997.3594222005,,,,,,
10/9/19,17,10678.3315874566,13280.3639355469,2374.34645507813,67.7663050248888,26401.3895193142,,,,,,
10/9/19,18,11260.4102463108,13256.3568836806,2513.67196044922,67.7269138844808,27097.8355013021,,,,,,
10/9/19,19,11720.1331857639,13355.0799012587,2657.40142523872,65.4078249020047,27797.6205577257,,,,,,
10/9/19,20,11915.3730219184,13340.9544151476,2690.47277072483,62.4583866818746,28009.5154047309,,,,,,
10/9/19,21,11431.5942675781,12862.969343533,2580.52695068359,58.0713840081957,26934.0049658203,,,,,,
10/9/19,22,10816.7360199653,12232.3277419705,2452.66714816623,53.4170890087552,25554.9586941189,,,,,,
10/9/19,23,9996.51650282118,11314.6182128906,2245.14088650174,48.5818019739787,23605.5691932509,,,,,,
10/9/19,24,9235.57918619792,10582.2732628038,2042.22113918728,44.5701927820841,21905.6304991319,,,,,,
10/10/19,1,8797.32327799479,10019.4191579861,1944.59917453342,42.322060224745,20803.2599924045,,,,,,
10/10/19,2,8490.48964301215,9577.85251736111,1857.33633165148,40.8693161688911,19966.3053982205,,,,,,
10/10/19,3,8301.43915907118,9430.38233615451,1802.18552286784,40.8502720811632,19574.7375759549,,,,,,
10/10/19,4,8270.94671766493,9453.18377278646,1781.86706190321,41.4457945251465,19547.1860725911,,,,,,
10/10/19,5,8449.77960069444,9638.99484266493,1831.19680067274,44.5043793614705,19965.681155599,,,,,,
10/10/19,6,8988.93692274306,10248.5833875868,1937.44412421332,49.0045915222168,21224.4322092014,,,,,,
10/10/19,7,9989.08742838542,11119.2557476128,2171.98291503906,54.6483669111464,23335.5612679036,,,,,,
10/10/19,8,10590.606422526,11422.1190364583,2247.70259657118,56.0725759590997,24317.0196251085,,,,,,
10/10/19,9,10428.4431510417,11422.6885297309,2183.88109130859,54.9007649739583,24090.2422686089,,,,,,
10/10/19,10,10239.6658843316,11440.1222851563,2102.93478488498,53.0808997361095,23835.8406751845,,,,,,
10/10/19,11,10137.3539203559,11523.2144259983,2039.39595147027,51.3572016588847,23751.5033840603,,,,,,
10/10/19,12,9910.48342881945,11569.5207280816,1993.53856133355,49.7379301855299,23524.0302582465,,,,,,
10/10/19,13,9732.32414605035,11671.8169032118,1993.6030617947,48.6738444179959,23447.1387160916,,,,,,
10/10/19,14,9943.78541348018,11993.8770749296,2065.13149244329,47.7302491275472,24050.1110194227,,,,,,
10/10/19,15,10184.2554958767,12338.0238563368,2180.44273491753,47.9945669301351,24751.5612980143,,,,,,
10/10/19,16,10364.0402419705,12751.6245876736,2307.90938123915,48.988911175198,25472.9457039388,,,,,,
10/10/19,17,10742.5801280382,13062.4993196615,2411.57212239583,49.054022397995,26265.818972168,,,,,,
10/10/19,18,11319.8641764323,13101.5739388021,2555.08798556858,51.1709998236762,27028.0948621962,,,,,,
10/10/19,19,11793.1668164063,13262.581702474,2698.91794759115,54.7663632912106,27810.3487695313,,,,,,
10/10/19,20,12092.1977202691,13358.7544509549,2719.02558024089,55.5374999788072,28226.6420784505,,,,,,
10/10/19,21,11778.6773849826,12890.6681597222,2598.7971633572,53.3313785001967,27321.5498828125,,,,,,
10/10/19,22,11210.5386545139,12272.4258832465,2439.40562201606,51.2416125318739,25973.3790759295,,,,,,
10/10/19,23,10439.0039811198,11432.8130110677,2223.59082221137,47.6509808010525,24143.5851296658,,,,,,
10/10/19,24,9750.89803385417,10599.9848209635,2028.37485107422,44.6110931905111,22425.163297526,,,,,,
10/11/19,1,9326.27940972222,9992.84211805556,1929.24421101888,40.0614283328586,21289.2182036675,,,,,,
10/11/19,2,8981.18779513889,9587.95003797743,1844.01110148112,39.3904561138153,20453.4352587891,,,,,,
10/11/19,3,8751.9678656684,9284.92319986979,1771.52151869032,40.1918837907579,19849.388968099,,,,,,
10/11/19,4,8693.53702690972,9248.6164312066,1740.89865641276,40.3999824523926,19726.9007969835,,,,,,
10/11/19,5,8899.49753472222,9426.93930555556,1775.1196101888,40.6829823769463,20151.0148497179,,,,,,
10/11/19,6,9386.97800889757,9995.62916341146,1896.57624104818,54.0939119338989,21333.8274615479,,,,,,
10/11/19,7,10291.6500444878,10902.0312706163,2117.24574829102,60.5561755625407,23371.6068522135,,,,,,
10/11/19,8,11007.1162532552,11167.9805566406,2190.75345214844,62.6584961234199,24428.345015191,,,,,,
10/11/19,9,10911.9270355903,11220.0786046007,2148.65904785156,58.711610534456,24339.3727571615,,,,,,
10/11/19,10,10718.973999566,11296.0849077691,2095.50187839084,53.2297316911485,24163.764691569,,,,,,
10/11/19,11,10692.3171831597,11475.2482161458,2058.80595486111,49.8550660154555,24276.7554144965,,,,,,
10/11/19,12,10465.2795844184,11612.7392827691,2019.03194322374,47.0520641083188,24143.8957766385,,,,,,
10/11/19,13,10311.9215093316,11807.4644835069,2058.82716715495,45.4131678390503,24223.2745570204,,,,,,
10/11/19,14,10487.7798578559,12183.838203125,2122.09408637153,44.8154761897193,24838.1465370009,,,,,,
10/11/19,15,10725.8907139757,12484.1496896701,2228.81484103733,44.8621596897973,25483.2851022678,,,,,,
10/11/19,16,10981.7876291233,12958.2783376736,2362.70909071181,45.7379955556658,26349.3699628364,,,,,,
10/11/19,17,11365.0103938802,13292.6887944878,2483.93861843533,47.0842455355326,27189.1334573025,,,,,,
10/11/19,18,11921.8052539063,13320.3672775608,2527.17530897352,49.2685033342573,27819.4816889106,,,,,,
10/11/19,19,12296.9159950087,13254.4575878906,2683.9083851454,52.3094034873115,28287.7217214627,,,,,,
10/11/19,20,12389.2002039931,13120.2499348958,2682.65561008029,52.8631925720639,28245.0418874783,,,,,,
10/11/19,21,11960.5844585503,12620.0942371962,2572.47025987413,51.4181268384722,27204.8930338542,,,,,,
10/11/19,22,11378.2821961806,12049.8814550781,2439.76669352214,49.2039637406667,25917.8713780382,,,,,,
10/11/19,23,10692.1209429253,11283.7205240885,2302.92045003255,46.8244758902656,24326.7727224392,,,,,,
10/11/19,24,10007.2304622396,10518.7268695747,2062.5560011122,44.848770520952,22635.0003092448,,,,,,
10/12/19,1,9499.29844184028,9959.67461805555,1954.82455403646,44.5899810791016,21459.5087782118,,,,,,
10/12/19,2,9157.88961480035,9534.66876844618,1853.74410861545,44.5967482164171,20592.3808089193,,,,,,
10/12/19,3,8868.38296766493,9197.02461046007,1774.50685858832,45.5233872138129,19886.7895838759,,,,,,
10/12/19,4,8734.17205512153,9064.53890733507,1731.83041544596,47.1334731504652,19578.6814626736,,,,,,
10/12/19,5,8769.05645517577,9099.43900940631,1732.29277729533,50.3492997423808,19651.4008881293,,,,,,
10/12/19,6,9001.63398003472,9296.3091655816,1772.69243733724,54.4533450402154,20125.7111024306,,,,,,
10/12/19,7,9494.91260091146,9626.67781792535,1863.24939344618,59.6349372037252,21044.9279389106,,,,,,
10/12/19,8,9852.15131076389,9616.20299804687,1894.59545952691,61.2169993707869,21424.5757118056,,,,,,
10/12/19,9,9978.56919921875,9745.35359157986,1890.75471828885,58.4095937760671,21673.2082614475,,,,,,
10/12/19,10,9966.4165342882,9805.52733398438,1814.81771538628,53.3304787434472,21640.3728125,,,,,,
10/12/19,11,9643.75520399306,9817.54621419271,1743.16191908095,48.2377472347683,21252.9120811632,,,,,,
10/12/19,12,9386.19977105035,9907.31134114583,1679.96896091037,45.2546425935957,21018.8218467882,,,,,,
10/12/19,13,9258.61393880208,10127.754890408,1693.05462280273,43.651220937305,21123.5978289361,,,,,,
10/12/19,14,9319.60589518229,10485.9277311198,1738.19562879774,43.4223901451959,21587.6109483507,,,,,,
10/12/19,15,9577.60070095486,10922.5199110243,1849.24401557075,43.9388374222649,22393.376847602,,,,,,
10/12/19,16,9806.9853374566,11485.3787858073,2043.96011027018,45.0651817395952,23381.9243459744,,,,,,
10/12/19,17,10351.7407074653,11877.912047526,2240.31131591797,47.185739575492,24517.5356119792,,,,,,
10/12/19,18,11031.4771516927,11998.5516731771,2385.15147949219,48.9642141405741,25465.0126812066,,,,,,
10/12/19,19,11556.1005023872,12183.2913292101,2553.4651570638,51.1801121616364,26344.4792279731,,,,,,
10/12/19,20,11702.2973925781,12183.4140722656,2577.89539469401,51.0725764973958,26515.1527821181,,,,,,
10/12/19,21,11323.0483517795,11798.5786827257,2483.4623844401,49.0127958488464,25654.688109809,,,,,,
10/12/19,22,10878.4766623264,11368.5845768229,2378.7497398546,47.4463740158081,24674.0443424479,,,,,,
10/12/19,23,10274.2112445747,10719.2454568142,2214.37883110894,44.9107473373413,23253.9967936198,,,,,,
10/12/19,24,9646.24161675347,10036.039577908,2041.24052435981,43.1176374965244,21767.4116829427,,,,,,
10/13/19,1,9162.7636577691,9541.57304253472,1936.13919162326,42.3749260033502,20684.4463970269,,,,,,
10/13/19,2,8813.90515516493,9162.84744032118,1843.14056694878,42.6188760259416,19864.0799126519,,,,,,
10/13/19,3,8568.4736469184,8866.33607855903,1779.83181491428,43.8353980456458,19259.7174631076,,,,,,
10/13/19,4,8418.12132486979,8683.23421440972,1741.30584391276,44.9918866040972,18888.69535102,,,,,,
10/13/19,5,8395.92686197917,8631.12638671875,1737.83249932183,48.0054414812724,18813.5339073351,,,,,,
10/13/19,6,8525.69709743924,8730.43087782118,1770.80827501085,51.4389320405324,19078.5086273872,,,,,,
10/13/19,7,8842.73500651042,8940.7726703559,1838.28207275391,56.5801135381063,19678.9071701389,,,,,,
10/13/19,8,9115.40915581597,8917.09599392361,1880.87718166775,59.4225336551666,19973.4370057509,,,,,,
10/13/19,9,9349.05862413195,9025.49225585938,1887.00073676215,56.417279253006,20318.2885611979,,,,,,
10/13/19,10,9371.3267328559,9066.08107421875,1811.79343885634,52.0570672141181,20301.8431212023,,,,,,
10/13/19,11,9023.07160264757,9068.84530381944,1728.56205227322,48.0259237416585,19868.2748114692,,,,,,
10/13/19,12,8800.05216145833,9138.99728407118,1681.72579345703,45.4139441903432,19666.9095326063,,,,,,
10/13/19,13,8723.6418499698,9308.84014107918,1679.65911616233,45.2711323169418,19758.0706391059,,,,,,
10/13/19,14,8792.6752734375,9662.65245876736,1703.47126112196,45.3729041131337,20204.4934331597,,,,,,
10/13/19,15,8798.93290039062,10117.5787988281,1815.72594061957,46.2300842931536,20778.2871356879,,,,,,
10/13/19,16,9195.3245811632,10620.1278602431,1973.47343967014,47.3390408876207,21837.0689860026,,,,,,
10/13/19,17,9888.67379231771,11116.1485991753,2107.61499321832,47.3899803161621,23162.5568551975,,,,,,
10/13/19,18,10727.0439832899,11404.7401323785,2321.96383680556,50.0444505765703,24506.6060167101,,,,,,
10/13/19,19,11368.2496972656,11765.8275260417,2522.94078097873,53.3455057610406,25710.6199468316,,,,,,
10/13/19,20,11637.6539735243,11867.4442458767,2555.75111762153,52.7706115468343,26113.9402300347,,,,,,
10/13/19,21,11297.9239767795,11479.2873546007,2462.93527153863,50.0757078695258,25290.9085084262,,,,,,
10/13/19,22,10768.9637630208,10979.7910883247,2347.23444308811,46.8942466375563,24144.0613547092,,,,,,
10/13/19,23,10033.092609592,10287.0844911024,2169.59965142144,43.3189773008558,22534.2493256293,,,,,,
10/13/19,24,9344.88123155382,9591.73953125,1991.16941894531,40.6056120967865,20968.2424734158,,,,,,
10/14/19,1,8894.77636610243,9066.03614040799,1911.87867526584,39.2984436999427,19911.8966878255,,,,,,
10/14/19,2,8585.18164496528,8716.10428493924,1824.24276245117,39.188641365899,19164.5941927083,,,,,,
10/14/19,3,8408.66403428819,8489.87184678819,1777.98318155924,40.068282424079,18716.4826171875,,,,,,
10/14/19,4,8698.45287217882,8502.22854166667,1751.58254516602,41.5835850747426,18993.7137776693,,,,,,
10/14/19,5,8945.5530967882,8807.59734483507,1799.00219034831,45.2573762501611,19598.7748540582,,,,,,
10/14/19,6,9232.86583550347,9456.39641167535,1924.76190049913,50.3050445948707,20664.9429871962,,,,,,
10/14/19,7,10280.1931163194,10409.1126323785,2146.12860690647,56.7457334592607,22892.577726237,,,,,,
10/14/19,8,11131.677109375,10882.6402115885,2229.20966959635,58.3273731538984,24302.4658468967,,,,,,
10/14/19,9,11079.5033789063,11067.2663096788,2224.3072257487,55.2038427840339,24426.775820855,,,,,,
10/14/19,10,10716.1334906684,11101.8546267361,2163.78371148003,50.9972100840674,24032.9514233398,,,,,,
10/14/19,11,10346.3257779948,11140.4909754774,2043.6218113878,47.5910107421875,23578.1370198568,,,,,,
10/14/19,12,10347.5643001302,11236.2995670573,1979.30686659071,46.757391327752,23609.4222591146,,,,,,
10/14/19,13,10180.777914677,11370.8717122605,1967.80481431792,47.7706772104899,23567.0769441732,,,,,,
10/14/19,14,10076.2263845486,11651.6322135417,2008.32210639106,48.8528523879581,23785.2088256836,,,,,,
10/14/19,15,10212.2300694444,12011.161281467,2103.32423014323,50.2116296694014,24377.7210142687,,,,,,
10/14/19,16,10610.4468674045,12332.009343533,2236.56134847005,52.4537953620487,25231.3898939345,,,,,,
10/14/19,17,11181.6180664063,12567.3764279514,2370.26675672743,54.3963918219672,26174.5024804687,,,,,,
10/14/19,18,11842.296266276,12650.464000651,2549.22224473741,55.6500888845656,27097.5799788411,,,,,,
10/14/19,19,12369.8571885851,12843.4138172743,2710.19586561415,56.6363285393185,27981.182147895,,,,,,
10/14/19,20,12543.1487358941,12919.003796658,2701.79219970703,55.4767422972785,28220.6257948134,,,,,,
10/14/19,21,12114.1687261285,12534.4167404514,2595.85815972222,52.7892733648088,27297.8569127963,,,,,,
10/14/19,22,11403.2706684028,11965.073062066,2443.80914469401,49.4609518167708,25861.4658496094,,,,,,
10/14/19,23,10540.7180099826,11104.2500694444,2222.62740722656,45.2448727321625,23913.4073838976,,,,,,
10/14/19,24,9818.82701931424,10266.7356922743,2026.5215753852,42.4954612339867,22155.8629633247,,,,,,
10/15/19,1,9364.26565212674,9648.6567686632,1932.03590332031,40.8064030159844,20987.0021223958,,,,,,
10/15/19,2,9077.20193576389,9287.70716688368,1848.70153917101,40.3217649269104,20255.4095469835,,,,,,
10/15/19,3,8886.79274197049,9052.51960069444,1790.39332397461,41.1450203842587,19772.1255588108,,,,,,
10/15/19,4,8832.16860026042,8970.02365559896,1764.40674302843,43.1975755765703,19610.5943543837,,,,,,
10/15/19,5,9000.37377278646,9167.10039930555,1793.24124389648,47.1617719989353,20008.1907107205,,,,,,
10/15/19,6,9612.27934895833,9772.24779188368,1923.06290134006,52.4304956658681,21361.1848432075,,,,,,
10/15/19,7,10666.9077311198,10783.4296636285,2161.27464518229,57.8727545950148,23670.2305441623,,,,,,
10/15/19,8,11459.3604741753,11066.1100325521,2229.50207302517,59.3136552937826,24814.955656467,,,,,,
10/15/19,9,11407.3651106771,11078.5961165365,2177.91452039931,56.0779998758104,24720.3250591363,,,,,,
10/15/19,10,11197.4457226562,11177.2968457031,2099.41459038628,54.2005120023092,24526.5356022135,,,,,,
10/15/19,11,11017.742093099,11372.0957617188,2061.1759129503,54.9812609492408,24500.8247783746,,,,,,
10/15/19,12,10331.9588943142,11592.1381369358,1998.35464246962,49.5592927201589,23971.7217000326,,,,,,
10/15/19,13,9948.39856445313,11914.1408344184,2032.03711330838,49.3202171579997,23944.3291031901,,,,,,
10/15/19,14,9985.79795898437,12472.9769943576,2114.70291992188,50.341366431978,24624.0284828017,,,,,,
10/15/19,15,10374.3887131076,13056.0021690538,2230.98607747396,52.3015018314785,25713.5015755208,,,,,,
10/15/19,16,10825.0376106771,13695.0419574653,2339.87226426866,54.1943286450704,26915.0836968316,,,,,,
10/15/19,17,11446.9123524306,13922.6098730469,2506.68221028646,56.2832865979936,27932.6708677843,,,,,,
10/15/19,18,12086.9688498264,13909.1458528646,2713.67532443576,56.66887550354,28767.2956309679,,,,,,
10/15/19,19,12612.8233116319,13991.3162304688,2835.0272024197,57.2728043842316,29497.4214350043,,,,,,
10/15/19,20,12732.8940071615,13849.6660546875,2813.59554226345,56.0735850429535,29453.109703776,,,,,,
10/15/19,21,12292.5473654514,13295.0831846788,2681.76063612196,53.7484844476094,28324.1334467257,,,,,,
10/15/19,22,11653.542094184,12536.0875021701,2526.97002387153,50.3081789186266,26767.688547092,,,,,,
10/15/19,23,10750.8352072483,11541.1114561632,2298.38284803602,45.9528497823079,24636.4803271484,,,,,,
10/15/19,24,9994.35958333333,10687.5671082899,2081.57201822917,43.0004901091258,22807.2225493707,,,,,,
10/16/19,1,9531.98936197917,10014.1389127604,1973.85047580295,41.4235094738007,21562.1664605035,,,,,,
10/16/19,2,9174.56368381076,9586.38834960937,1880.43975897895,40.7725794304742,20683.016226671,,,,,,
10/16/19,3,8958.13423177083,9263.8443999566,1818.16548109267,41.1638349469503,20082.2529318576,,,,,,
10/16/19,4,8994.97642361111,9140.132578125,1785.68034288194,42.678256977929,19964.1800640191,,,,,,
10/16/19,5,9426.79327285264,9312.37833527213,1822.51578022272,45.9497476969825,20607.8246782769,,,,,,
10/16/19,6,10030.227983941,9876.44793945312,1943.86018296984,50.9136831061045,21901.9669173177,,,,,,
10/16/19,7,10832.7675705295,10875.2956640625,2166.61933783637,57.3218114736345,23932.7042708333,,,,,,
10/16/19,8,11616.8772601997,11153.7857541233,2245.73323187934,58.8846812004513,25075.5900368924,,,,,,
10/16/19,9,11503.5193413628,11314.7066286892,2250.74241129557,55.8104625055525,25124.9405088976,,,,,,
10/16/19,10,11371.447405599,11563.5683648003,2227.90647650825,52.1366576046414,25214.5968451606,,,,,,
10/16/19,11,10966.2793446181,11941.3419780816,2220.74756618924,50.3968906900618,25178.2450995551,,,,,,
10/16/19,12,10699.099672309,12515.8527539063,2221.30216905382,50.2928457185957,25501.8471717665,,,,,,
10/16/19,13,10504.1307172309,12994.2384971788,2242.75595757378,52.0599451012082,25796.600027398,,,,,,
10/16/19,14,10759.3542274306,13718.0377918837,2334.89944471571,54.0328855938382,26866.7723413086,,,,,,
10/16/19,15,11127.7590961372,14389.4809483507,2498.21254394531,56.0746760071648,28072.1723432075,,,,,,
10/16/19,16,11317.6137944878,14715.0741178385,2668.21076117622,58.8717509174347,28760.2142377387,,,,,,
10/16/19,17,11615.3059385851,14417.8097363281,2763.87672254774,59.733165523741,28857.1992404514,,,,,,
10/16/19,18,11971.12296875,14105.032952474,2806.85368570964,59.0552971670363,28942.5662565104,,,,,,
10/16/19,19,12558.0943782552,14292.1582573785,2912.33396972656,59.8548649459415,29822.7007161458,,,,,,
10/16/19,20,12712.5022276476,14041.3460655382,2897.82970377604,58.0477072811127,29710.2259228516,,,,,,
10/16/19,21,12280.1521609306,13435.2291877668,2761.34700417863,55.3243522038625,28533.0857978094,,,,,,
10/16/19,22,11629.3181315104,12618.9129926215,2588.76722873264,51.4370203473833,26889.4650651042,,,,,,
10/16/19,23,10765.813922526,11721.7167176649,2359.87215684679,46.5727472803328,24894.209235026,,,,,,
10/16/19,24,10037.171936849,10805.9318684896,2145.48581488715,43.0945043839349,23032.4950455729,,,,,,
10/17/19,1,9585.13977539063,10110.088171658,2025.40617485894,40.9089637650384,21762.802554796,,,,,,
10/17/19,2,9258.13223849826,9668.23348090278,1944.43332912869,39.5006674003601,20911.8615370009,,,,,,
10/17/19,3,9023.77809136285,9323.78448893229,1881.35408013238,39.3221067227258,20269.0808767361,,,,,,
10/17/19,4,8940.29231445313,9206.73935546875,1840.53982557509,39.7696430386437,20028.3641596137,,,,,,
10/17/19,5,9115.95831488715,9324.23137586806,1870.03019165039,42.257389409807,20353.7107492405,,,,,,
10/17/19,6,9699.41699978299,9894.62771701389,2026.41922295464,45.564038672977,21666.6767301432,,,,,,
10/17/19,7,10784.8932486979,10924.7708875868,2249.03360894097,50.5321592468686,24009.0889371745,,,,,,
10/17/19,8,11444.2582845052,11349.9072016059,2337.65114664714,52.1697565746307,25184.1289491102,,,,,,
10/17/19,9,11354.6291948785,11452.2013845486,2334.71292317708,52.136806341807,25193.9402311198,,,,,,
10/17/19,10,11047.1207389323,11506.7454437934,2231.84254286024,52.1945005893707,24838.192769911,,,,,,
10/17/19,11,10820.4583875868,11634.4711903212,2155.11854600694,51.7211228116353,24661.7904307726,,,,,,
10/17/19,12,10458.9151779514,11734.2736458333,2120.02406982422,52.411666791704,24365.8608517795,,,,,,
10/17/19,13,10070.072827691,11915.5504828559,2115.51926405165,53.3399852049437,24154.3818437503,,,,,,
10/17/19,14,10094.9486751302,12297.4152940538,2158.65443684896,54.5515652688344,24604.9718134223,,,,,,
10/17/19,15,10246.8387087674,12622.2417198351,2217.2215625,55.519530989329,25141.3441031901,,,,,,
10/17/19,16,10496.7579101562,12938.8527473958,2353.45378689236,56.6699981721242,25846.312883572,,,,,,
10/17/19,17,11023.3990234375,12932.8146603733,2473.02070203993,57.3483391020033,26486.6296714952,,,,,,
10/17/19,18,11673.1323806424,12799.8660091146,2609.4584391276,57.3966949674818,27140.867945421,,,,,,
10/17/19,19,12244.6006325955,12996.5249739583,2741.24320095486,58.6432072236803,28041.6001117622,,,,,,
10/17/19,20,12446.0883995226,13127.7164095052,2720.99696587457,57.4264520772298,28352.9695138889,,,,,,
10/17/19,21,12116.4661187066,12698.9193142361,2608.15884847005,54.5495859230889,27479.1242664931,,,,,,
10/17/19,22,11517.3739160156,12016.2553504774,2455.45959282769,51.1377496687571,26040.1707139757,,,,,,
10/17/19,23,10664.7616731771,11231.2771766493,2254.46957628038,46.8130344518026,24197.9783637153,,,,,,
10/17/19,24,9977.92516818576,10390.9805978733,2071.29195041233,43.0947743913862,22484.4136311849,,,,,,
10/18/19,1,9544.19890950521,9752.29732096354,1973.31776733398,41.5343806033664,21312.6255289714,,,,,,
10/18/19,2,9182.08139865451,9321.43453016493,1878.75512044271,40.4989090220133,20424.1178211806,,,,,,
10/18/19,3,8985.77837239583,9083.88397569445,1816.03736328125,40.5370591142443,19927.6944753689,,,,,,
10/18/19,4,8934.69916775174,8980.45978190104,1776.46618665907,41.2949369049072,19734.1163102214,,,,,,
10/18/19,5,9044.44938802083,9119.23635091146,1793.4398570421,43.6885924572415,20001.6281678602,,,,,,
10/18/19,6,9622.07038845486,9688.78632161458,1922.49608466254,47.3019806925456,21280.9944558377,,,,,,
10/18/19,7,10697.3920692274,10658.2370030382,2151.70409057617,51.908896633784,23559.006054145,,,,,,
10/18/19,8,11425.6684418403,10972.3660177951,2220.28579427083,52.5773778194851,24671.1520985243,,,,,,
10/18/19,9,11347.9589756944,11062.3293240017,2195.31897759332,51.0374826028612,24657.4611827257,,,,,,
10/18/19,10,11110.8893717448,11294.7195410156,2154.77602105035,49.778321155972,24609.959860026,,,,,,
10/18/19,11,10771.6540115017,11399.6434743924,2073.62453979492,48.5347596083747,24293.7761401367,,,,,,
10/18/19,12,10451.697593316,11438.4825227865,1994.15427354601,47.9743763944838,23933.0675895182,,,,,,
10/18/19,13,10078.7298947483,11559.9648719618,1986.16417507595,47.5926150745816,23673.298597819,,,,,,
10/18/19,14,10105.420141059,11852.0535351563,2057.91898247613,47.7836261410183,24063.7980433485,,,,,,
10/18/19,15,10094.4865559896,12110.1795334201,2171.29280354818,47.9167900954352,24424.5445228407,,,,,,
10/18/19,16,10342.5459928385,12431.0999641927,2306.9503382704,49.5568536101447,25130.1254676649,,,,,,
10/18/19,17,10728.1381336806,12525.5996202257,2412.89919406467,51.1560316085815,25718.3426090495,,,,,,
10/18/19,18,11353.4406705729,12455.4296462674,2530.37493001302,51.6917652236091,26391.2039366319,,,,,,
10/18/19,19,11862.2128222656,12626.9061458333,2649.46268771701,53.7129528639052,27192.1957904731,,,,,,
10/18/19,20,11964.3145323351,12544.0763671875,2620.24452582465,53.0106031333076,27181.3816693793,,,,,,
10/18/19,21,11662.3410058594,12182.5375217014,2517.7489328342,51.240237270991,26413.9150130208,,,,,,
10/18/19,22,11196.9643532986,11767.6723763021,2403.43265299479,48.5625546656715,25417.0492616102,,,,,,
10/18/19,23,10576.336843533,11053.8314800347,2228.16046983507,45.4952609443665,23904.6891178385,,,,,,
10/18/19,24,9935.76630099826,10362.0169574653,2049.99612101237,43.2862616814507,22392.2288688151,,,,,,
10/19/19,1,9441.47695746528,9783.76620225694,1937.62782145182,42.3278704833984,21206.6165017361,,,,,,
10/19/19,2,9041.89464518229,9315.98345920139,1849.45208211263,41.5079928186205,20250.310679796,,,,,,
10/19/19,3,8797.02978732639,9043.22975802951,1778.37722086589,42.1730564371745,19662.1480338542,,,,,,
10/19/19,4,8669.55628689236,8879.72610134549,1757.72582139757,43.4014117050171,19351.484938151,,,,,,
10/19/19,5,8710.21919487847,8903.33197591146,1767.65802246094,45.874533129798,19427.7213330078,,,,,,
10/19/19,6,8956.24069118924,9092.58347113715,1784.0600278049,49.3163686752319,19882.4081309679,,,,,,
10/19/19,7,9464.16498263889,9478.02306966146,1875.64079060872,54.3733620770772,20872.6939984809,,,,,,
10/19/19,8,9895.8008203125,9527.59876736111,1911.16202094184,56.6007379129198,21391.8592822266,,,,,,
10/19/19,9,10115.196188151,9639.93622721354,1915.00787272135,54.9050240929922,21725.4083789062,,,,,,
10/19/19,10,10073.2776985677,9849.15496527778,1869.22516140408,50.8130667410956,21842.7923312717,,,,,,
10/19/19,11,9873.17638237847,9917.3628266059,1796.59408447266,47.4496949969398,21634.9694051107,,,,,,
10/19/19,12,9589.81711154514,9900.51422092014,1753.61927327474,45.6544232442644,21289.4362128364,,,,,,
10/19/19,13,9278.70980685764,9973.4720703125,1728.63159342448,45.6379619693756,21026.3995567491,,,,,,
10/19/19,14,9270.69743706597,10256.6193218316,1775.13478488498,46.335506945716,21349.0786463759,,,,,,
10/19/19,15,9537.86151801215,10575.8627983941,1853.03679755317,46.9630581537882,22014.1932910156,,,,,,
10/19/19,16,9814.34722873264,10985.1907476128,2007.62340793186,47.2163654020097,22854.8479229058,,,,,,
10/19/19,17,10121.4589735243,11241.7106825087,2054.35883775499,48.3590640936957,23466.2991411675,,,,,,
10/19/19,18,10714.0139908854,11456.3045345052,2307.71109700521,49.8786968104045,24528.6535845269,,,,,,
10/19/19,19,11308.6065972222,11772.4489333767,2519.69581515842,52.17239200698,25653.1160698785,,,,,,
10/19/19,20,11464.5382769097,11767.4247515191,2529.74248046875,51.454523056878,25813.4318614366,,,,,,
10/19/19,21,11133.5170279948,11439.6487999132,2442.73509982639,49.8516652509901,25066.1738308377,,,,,,
10/19/19,22,10739.7688151042,11112.9843250868,2347.73101671007,47.8770240486993,24249.1051991102,,,,,,
10/19/19,23,10201.7131206597,10539.5619173177,2200.88579481337,44.6795418039958,22988.2487234158,,,,,,
10/19/19,24,9633.34043077257,9847.9599359809,2029.5183859592,42.3645927736494,21553.2450379774,,,,,,
10/20/19,1,9179.14288953993,9325.00776909722,1902.3144917806,41.1481489647759,20447.44339898,,,,,,
10/20/19,2,8814.72509982639,8995.49592447917,1820.97381225586,40.8129821523031,19671.862047526,,,,,,
10/20/19,3,8568.57129774306,8764.76084418403,1774.34466023763,40.9457877900865,19148.3524717882,,,,,,
10/20/19,4,8447.432734375,8620.74139539931,1736.11386257595,41.3320210499234,18846.2074869792,,,,,,
10/20/19,5,8462.93035047743,8578.7690375434,1733.85042643229,42.9463956599765,18820.0444276259,,,,,,
10/20/19,6,8581.54652452257,8640.93060438368,1733.48009372287,45.3079730478923,19002.4358257378,,,,,,
10/20/19,7,8921.2176953125,8970.63004123264,1805.53862209744,48.4696968301137,19746.3855099826,,,,,,
10/20/19,8,9251.35361436632,8892.17057942708,1830.68532864041,49.8623449060652,20024.3746402995,,,,,,
10/20/19,9,9420.14057834201,8987.17677408854,1889.80065741645,49.3322977913751,20346.8322048611,,,,,,
10/20/19,10,9243.05605251736,9089.08675455729,1941.03241278754,48.3198542340597,20322.2017670356,,,,,,
10/20/19,11,8860.85620659722,9273.01656467014,1746.96859592014,46.6778349855211,19927.2853059896,,,,,,
10/20/19,12,8594.32454969618,9506.59371310764,1639.50373942057,45.8935093254513,19786.3882134332,,,,,,
10/20/19,13,8437.93069118924,9685.14803710937,1659.99874308268,45.4402201684316,19828.5951337348,,,,,,
10/20/19,14,8460.65340820312,10056.9963953993,1720.29498887804,45.2817311795553,20283.2925360786,,,,,,
10/20/19,15,8640.5470703125,10629.9389800347,1853.39349745009,45.1727063910166,21169.0922241211,,,,,,
10/20/19,16,9081.80218207465,11215.8998231337,2039.23071994358,46.4079280482398,22383.9542879232,,,,,,
10/20/19,17,9826.72003580729,11872.5158051215,2235.42567274306,48.3257918103536,23983.2708037652,,,,,,
10/20/19,18,10570.2488867187,12356.3923784722,2436.22678873698,50.4267031828562,25414.3950835503,,,,,,
10/20/19,19,11255.6737879774,12674.7262413194,2627.03431640625,53.2218233797285,26610.9041910807,,,,,,
10/20/19,20,11526.8688313802,12602.2650249566,2623.62932210286,52.7066846232944,26805.6947515191,,,,,,
10/20/19,21,11202.9875325521,12223.5147298177,2515.5404671224,50.6601243464152,25993.3363959418,,,,,,
10/20/19,22,10752.5824142795,11671.4743153212,2377.8975906033,48.0450973860423,24851.0343570964,,,,,,
10/20/19,23,9992.78420898437,10860.8735275608,2174.34615451389,44.9843676503499,23074.3524978299,,,,,,
10/20/19,24,9297.30176540799,10056.6617762587,1985.16158976237,41.9795269828372,21380.9508984375,,,,,,
10/21/19,1,8870.19868489583,9542.22700954861,1896.42706841363,40.9976327323914,20349.7085503472,,,,,,
10/21/19,2,8576.78984375,9222.08739583333,1828.62642252604,40.4822857220968,19667.8751052517,,,,,,
10/21/19,3,8425.61036024306,9013.44894856771,1794.34005764431,41.5565322547489,19274.8200379774,,,,,,
10/21/19,4,8398.73446072049,8969.72899739583,1736.22815755208,43.6765121544732,19149.79359375,,,,,,
10/21/19,5,8650.03199869792,9211.69092881944,1777.34964233398,47.1539252090454,19687.1922954644,,,,,,
10/21/19,6,9273.73507595486,9838.08932942708,1928.18396091037,52.4465683894687,21092.4749245877,,,,,,
10/21/19,7,10378.8844791667,10878.8579231771,2180.69743326823,59.2953715663486,23498.5888650174,,,,,,
10/21/19,8,11270.3170616319,11314.865734592,2265.14575168186,61.210874671936,24911.9476942274,,,,,,
10/21/19,9,11264.7774511719,11480.2976855469,2241.82841579861,57.8954858472612,25044.91964898,,,,,,
10/21/19,10,11005.7848480903,11863.7417209201,2231.18285101997,54.8434670819177,25156.005633138,,,,,,
10/21/19,11,10776.2240603299,12232.3862402344,2240.23482747396,52.1244623872969,25301.3921055773,,,,,,
10/21/19,12,10549.7428645833,12694.4701920573,2251.26892225477,50.7230068365733,25546.9254866536,,,,,,
10/21/19,13,10468.6508886719,13175.7273784722,2327.91796332465,50.4047287612491,26023.3842987739,,,,,,
10/21/19,14,10705.0809516059,13722.1553634983,2430.45997856988,50.6342729208205,26908.9094208442,,,,,,
10/21/19,15,11016.7670073785,14384.1270996094,2579.10333007813,51.2513671016693,28031.4732676866,,,,,,
10/21/19,16,11481.1100824653,15025.3015635851,2760.34465657552,53.0899755117628,29319.8553304036,,,,,,
10/21/19,17,12135.4177441406,15325.2982996962,2900.67179958767,55.2015695889791,30417.050453559,,,,,,
10/21/19,18,12660.2014160156,15261.9968815104,2973.85715711806,56.5057107098897,30953.6243033854,,,,,,
10/21/19,19,13024.9298676215,14937.992593316,3040.07644287109,58.5055118815104,31062.2027408854,,,,,,
10/21/19,20,12996.4766319444,14608.1696625434,2985.55736626519,57.0067288398743,30648.0765625,,,,,,
10/21/19,21,12494.5565332031,13861.3271940104,2816.88674913194,53.6594384320577,29227.2642730035,,,,,,
10/21/19,22,11784.6324511719,13068.7841894531,2623.1301445855,49.9883094469706,27526.6273269314,,,,,,
10/21/19,23,10886.2501985677,12051.6475759549,2366.95481608073,46.0630330891079,25351.6597298177,,,,,,
10/21/19,24,10101.4683734809,11054.9537836372,2138.04795803494,43.1983922831217,23338.8159277344,,,,,,
10/22/19,1,9620.11988932292,10361.6811132813,2066.32422295464,41.9057897620731,22091.2457340495,,,,,,
10/22/19,2,9248.99444118924,9957.70223198785,1967.95239393446,40.9234150505066,21217.0060525174,,,,,,
10/22/19,3,9003.32360568576,9640.34476019965,1895.60876668294,41.1591876411438,20581.8915087891,,,,,,
10/22/19,4,8931.25589084201,9493.82714192708,1859.66877861871,42.1777241622077,20328.3891824002,,,,,,
10/22/19,5,9106.0981000434,9662.24219618056,1866.74443576389,45.433895333608,20681.5259939236,,,,,,
10/22/19,6,9669.82973524306,10204.8051106771,2000.51634331597,49.7121048916711,21925.2128580729,,,,,,
10/22/19,7,10721.7959624566,11248.139905599,2239.19425428602,55.5993303542667,24265.3071006944,,,,,,
10/22/19,8,11503.8806651476,11582.6896462674,2305.79706570096,58.3185926172468,25451.5971457248,,,,,,
10/22/19,9,11457.1851768663,11652.8867979601,2251.37292290582,55.5365155251821,25417.2232958984,,,,,,
10/22/19,10,11203.2948209635,11945.7263671875,2237.3136984592,52.3220306926303,25438.5805669488,,,,,,
10/22/19,11,11041.651499566,12672.9340549045,2354.18381944444,50.620472052892,26119.4286816406,,,,,,
10/22/19,12,10902.250890842,13250.2259385851,2474.10971544054,49.9703131156498,26676.8539816623,,,,,,
10/22/19,13,10856.9353819444,14036.2544726563,2562.04095052083,50.5511730766296,27506.1139507378,,,,,,
10/22/19,14,11142.2169292535,14871.8946495226,2730.991199273,52.6251054594252,28797.6172932943,,,,,,
10/22/19,15,11511.7752745226,15621.8765321181,2966.9997523329,54.0312268204159,30154.7905902778,,,,,,
10/22/19,16,11967.481047092,16293.046171875,3228.58475802951,56.745821167628,31546.6444151476,,,,,,
10/22/19,17,12527.6566937934,16477.0967708333,3386.09699924045,58.2405250189039,32449.4461990017,,,,,,
10/22/19,18,13046.4255251736,16181.6996896701,3321.99752170139,58.610261566374,32609.5598231337,,,,,,
10/22/19,19,13299.9958648003,15634.5307465278,3255.69202148437,60.0356468794081,32251.2468267144,,,,,,
10/22/19,20,13286.8638780382,15115.168796658,3145.25218424479,58.3136328570048,31606.7942843967,,,,,,
10/22/19,21,12812.0916471354,14366.7339496528,2952.22506510417,54.8856332821316,30186.0116536458,,,,,,
10/22/19,22,12112.4856163194,13506.0334309896,2762.50358452691,51.3867979611291,28432.4138764106,,,,,,
10/22/19,23,11150.3611816406,12303.7830013021,2492.01244900174,46.7943796073066,25993.5545296224,,,,,,
10/22/19,24,10370.0184309896,11231.197875434,2235.14104383681,43.5599861060249,23880.9900124783,,,,,,
10/23/19,1,9864.02146809896,10499.5463736979,2100.93341973199,41.5373704200321,22507.5555729167,,,,,,
10/23/19,2,9476.35025716146,10074.5440809462,1994.28717149523,40.6942182212406,21586.8441748047,,,,,,
10/23/19,3,9158.1087782118,9727.8578624132,1909.92038818359,41.3692990960015,20837.730796441,,,,,,
10/23/19,4,9027.12213867188,9565.3501280382,1863.84275377062,43.005751408471,20500.7302284071,,,,,,
10/23/19,5,9214.63877929687,9693.41372395833,1888.41121636285,46.4083700826433,20843.7986029731,,,,,,
10/23/19,6,9780.36072048611,10267.5324251302,2013.29999552409,51.6173683611552,22112.8842909071,,,,,,
10/23/19,7,10839.4366427951,11317.1310243056,2254.65817708333,57.6206722778744,24469.6829644097,,,,,,
10/23/19,8,11647.8344911024,11612.1762988281,2299.29607177734,58.8791596508026,25619.1785503472,,,,,,
10/23/19,9,11617.1208691406,11704.1329698351,2227.41273980035,55.9205671702491,25605.072890625,,,,,,
10/23/19,10,11464.7915277778,12018.9054926215,2265.3815250651,52.8517258961995,25802.7403678385,,,,,,
10/23/19,11,11313.8920594618,12548.9058116319,2229.10480495877,51.7120956601037,26144.2836319987,,,,,,
10/23/19,12,11211.2694661458,12968.8414257812,2293.72644341363,50.7700399971008,26525.2307790799,,,,,,
10/23/19,13,11183.8107454427,13603.5620366753,2388.44297281901,51.487810781267,27227.8857229275,,,,,,
10/23/19,14,11418.0715418837,14293.4848925781,2551.26896430122,53.4119886006249,28316.2512798394,,,,,,
10/23/19,15,11746.138796658,15130.7805837674,2759.57719075521,54.8678353436788,29690.9690999349,,,,,,
10/23/19,16,12112.7245117188,15801.2723535156,2936.54183078342,56.107362440957,30907.6179861111,,,,,,
10/23/19,17,12686.7829741753,16023.6455197483,3005.64738172743,57.6131721157498,31773.9348898654,,,,,,
10/23/19,18,13047.1752213542,15718.4549392361,2909.72447238498,58.3746520190769,31734.323030599,,,,,,
10/23/19,19,13259.8363715278,15466.5895399306,2957.54103732639,60.1320031378004,31744.7106342231,,,,,,
10/23/19,20,13248.3102322049,15083.5954188368,3050.43835991753,58.8623228730096,31441.9468023003,,,,,,
10/23/19,21,12646.4731976997,14347.2654318576,2887.11387315538,55.4523127365112,29936.9774495443,,,,,,
10/23/19,22,11951.0568847656,13485.0916493056,2695.89177381727,51.3993782711029,28183.547624783,,,,,,
10/23/19,23,11041.5978851997,12465.6711903212,2433.47827419705,46.8981708579593,25988.2330040148,,,,,,
10/23/19,24,10276.9225010851,11428.8210644531,2200.25353461372,43.5887275589837,23950.4860101997,,,,,,
10/24/19,1,9848.67115668403,10705.7707519531,2071.33231770833,41.7674197906918,22668.7167366536,,,,,,
10/24/19,2,9479.18237630208,10219.1139409722,1962.98763264974,41.0721141348945,21703.4815950521,,,,,,
10/24/19,3,9248.71710611979,9867.93017686632,1890.22264200846,41.3016084724002,21049.3491227214,,,,,,
10/24/19,4,9085.37363498264,9725.67654188368,1850.51266899957,42.0728085984124,20704.7507524957,,,,,,
10/24/19,5,9244.48627061632,9866.16582899305,1878.35157090929,44.9831606727176,21034.5980333116,,,,,,
10/24/19,6,9821.22364800347,10439.5640017361,2023.89386420356,48.9709120761024,22333.6485839844,,,,,,
10/24/19,7,10847.6926692708,11401.7337489149,2254.38915934245,54.3752333609263,24559.1844200304,,,,,,
10/24/19,8,11515.0063552517,11773.781500651,2319.24942247179,55.9494732899136,25665.1860720486,,,,,,
10/24/19,9,11439.2163585069,11999.1615190972,2280.67683132595,54.8734507052104,25774.1284874132,,,,,,
10/24/19,10,11320.7435167101,12385.9038780382,2343.00161729601,52.6669559489356,26102.6188769531,,,,,,
10/24/19,11,11278.3454980469,12781.3994737413,2439.42546223958,50.9223755031162,26549.9234640842,,,,,,
10/24/19,12,11208.8217296007,13288.5827115885,2513.16874755859,49.8353031433953,27060.6466851128,,,,,,
10/24/19,13,11182.7940538194,13903.3168532986,2655.52234049479,50.5781217511495,27792.2428537326,,,,,,
10/24/19,14,11575.6938530816,14675.0865299479,2789.20381130642,51.0150271193186,29090.8782139757,,,,,,
10/24/19,15,12063.4822233073,15427.9151106771,3030.51628119575,51.0623133479224,30572.7606933594,,,,,,
10/24/19,16,12615.9695008681,16147.0158246528,3235.62240397135,52.7739770211114,32051.7657058377,,,,,,
10/24/19,17,13289.6788454861,16411.6170963542,3369.12665174696,53.6828326500787,33124.4949924045,,,,,,
10/24/19,18,13680.4094075521,16073.7643164063,3418.95602267795,54.3612218432956,33228.4828027344,,,,,,
10/24/19,19,13821.0097113715,15750.6549240451,3392.93111924913,55.7717237599691,33021.6654144965,,,,,,
10/24/19,20,13709.6573491753,15280.6336067708,3269.54887342665,54.1531104384528,32314.8326719835,,,,,,
10/24/19,21,13170.8289789497,14615.7393001302,3086.67108561198,52.2448575994704,30925.7338726128,,,,,,
10/24/19,22,12394.7238574219,13782.3001703559,2886.61166883681,49.9592338106367,29113.3961501736,,,,,,
10/24/19,23,11393.7765483941,12695.2794162326,2606.52239501953,46.2851037311554,26742.1519509549,,,,,,
10/24/19,24,10517.2392621528,11650.6180078125,2386.93013617622,43.9085046641032,24599.3104383681,,,,,,
10/25/19,1,9929.16050347222,10848.0527018229,2308.55971679687,42.4938810952505,23129.3968511285,,,,,,
10/25/19,2,9529.97479926215,10297.6642285156,2060.70224765354,41.9945564926995,21931.5323849826,,,,,,
10/25/19,3,9219.76072374132,9908.84492838542,1975.1890866428,42.7105815050337,21147.7406955295,,,,,,
10/25/19,4,9065.99911892361,9718.41976128472,1915.7220964898,43.892825729582,20745.0422135417,,,,,,
10/25/19,5,9173.80500108507,9782.31339626736,1930.51234781901,46.7981637329525,20933.8671858724,,,,,,
10/25/19,6,9750.12844075521,10307.6049424913,2051.72385932075,50.9909625212351,22160.2770035807,,,,,,
10/25/19,7,10779.0198198785,11231.9893630642,2265.9485538737,56.1331578297085,24334.0014306641,,,,,,
10/25/19,8,11570.7238020833,11614.651156684,2350.58863823785,58.141933421029,25594.5586810981,,,,,,
10/25/19,9,11653.8297309028,11865.7051508247,2380.59651529948,55.7617324839698,25956.1734803602,,,,,,
10/25/19,10,11804.7832921007,12310.5850173611,2423.99346191406,52.4131997097863,26592.3300759549,,,,,,
10/25/19,11,11542.221328125,12813.9948838976,2468.22884033203,49.3623252773285,26873.4402625868,,,,,,
10/25/19,12,11435.7026085069,13394.3651963976,2505.90257378472,47.6494172636668,27383.8506526693,,,,,,
10/25/19,13,11174.3944976128,14015.7740223524,2607.39922987196,47.6405890157488,27845.761336263,,,,,,
10/25/19,14,11473.1842046441,14759.4757714844,2739.99672173394,47.9194410143958,29020.7403455946,,,,,,
10/25/19,15,11953.4305826823,15562.6054155816,2941.21157714844,48.747154946857,30505.8328613281,,,,,,
10/25/19,16,12459.6130164931,16263.5452549913,3106.94154079861,51.1468545627594,31882.0320741102,,,,,,
10/25/19,17,13049.9642078993,16496.8272460938,3188.19774414063,52.4738829347822,32787.877765842,,,,,,
10/25/19,18,13370.5548990885,15996.2575119358,3204.01122178819,53.697752893236,32625.1565017361,,,,,,
10/25/19,19,13396.1293663194,15414.779516059,3147.07140679253,54.5598106850518,32013.479734158,,,,,,
10/25/19,20,13228.349328342,14741.7431781684,3010.76332763672,53.2887664582994,31034.2179904514,,,,,,
10/25/19,21,12651.1471875,13929.1210948351,2841.46609727648,50.8730224609375,29472.5191948785,,,,,,
10/25/19,22,12007.2679633247,13132.0460894097,2676.11261284722,48.6941232087877,27864.3404448785,,,,,,
10/25/19,23,11226.3978266059,12216.1349403212,2454.70054877387,45.5976567798191,25943.4999414062,,,,,,
10/25/19,24,10428.7411794705,11214.1241742622,2217.17345350477,42.9714356570774,23904.1136745877,,,,,,
10/26/19,1,9752.40130859375,10435.6947070313,2087.17600952148,41.6809694798787,22318.2285536024,,,,,,
10/26/19,2,9299.49048394097,9805.63932400174,1973.37313774957,41.0767693032159,21120.7966460503,,,,,,
10/26/19,3,8979.42210828993,9378.53924913195,1898.15400146484,41.4543021265666,20298.6408561198,,,,,,
10/26/19,4,8793.35326822917,9106.76952473958,1823.07304538303,42.6684022606744,19766.8083148872,,,,,,
10/26/19,5,8776.37372287326,9130.01114257813,1811.11254692925,45.0373100397322,19763.136023763,,,,,,
10/26/19,6,8988.80659396701,9304.28012044271,1848.91178914388,48.0447536065843,20190.2715478516,,,,,,
10/26/19,7,9436.895703125,9662.58623697917,1939.52975979275,52.7925271850162,21092.3804682075,,,,,,
10/26/19,8,9854.26497721354,9719.31887586806,1984.82010986328,54.7777257325914,21614.198859592,,,,,,
10/26/19,9,9991.63923936632,9885.38197699653,1995.52772854275,52.6097840616438,21925.2417252604,,,,,,
10/26/19,10,9931.09165147569,10029.5917437066,2003.29676595052,49.028860601849,22013.4715028212,,,,,,
10/26/19,11,9761.20348849826,10340.1540364583,2008.07453464084,46.088325521681,22155.1961387804,,,,,,
10/26/19,12,9627.60679144965,10674.9432508681,2012.45688015408,45.1363943311903,22359.779383138,,,,,,
10/26/19,13,9577.21574652778,11205.5760177951,2096.48033772786,45.3446967400445,22924.1568153212,,,,,,
10/26/19,14,9731.41943359375,11754.9792545573,2160.39184624566,46.2969185712602,23694.1708696832,,,,,,
10/26/19,15,10004.529812283,12395.1036501736,2339.35882080078,47.4977013005151,24787.4064556207,,,,,,
10/26/19,16,10492.1736490885,13034.5302690972,2537.76715711806,49.7928955025143,26114.2586512587,,,,,,
10/26/19,17,11065.0746126302,13356.9394639757,2737.01359157986,52.0847868537903,27211.7741449653,,,,,,
10/26/19,18,11457.0825759549,13288.0296940104,2783.52749701606,52.5481875271267,27581.2179557292,,,,,,
10/26/19,19,11603.0636501736,13171.7878678385,2817.50614963108,52.9393194580078,27645.2571050347,,,,,,
10/26/19,20,11322.5844303385,12793.359125434,2736.10546115451,51.2113258383009,26903.4492317708,,,,,,
10/26/19,21,10566.7881553819,12240.7260286458,2604.80729031033,49.1691599188911,25461.9327332899,,,,,,
10/26/19,22,9859.88928819444,11678.8035026042,2470.13446099175,46.8242352252536,24056.4338427734,,,,,,
10/26/19,23,9398.87602539063,10959.9088617622,2291.7967578125,43.7488778103722,22695.5721104601,,,,,,
10/26/19,24,8924.14289930556,10214.8030262587,2121.46988132053,41.6927753130595,21303.5259716797,,,,,,
10/27/19,1,8447.55118055556,9663.83706922743,1992.52824015299,39.9005010763804,20144.2837375217,,,,,,
10/27/19,2,8078.7804953342,9206.1823296441,1894.20429131402,38.5775934282939,19217.5797455512,,,,,,
10/27/19,3,7871.26275282118,8885.61745225694,1843.16538465712,38.2597733624776,18638.1257720269,,,,,,
10/27/19,4,7719.98434461806,8672.8029437934,1812.05555257161,39.0802594651116,18245.0429996745,,,,,,
10/27/19,5,7662.30590386285,8610.9096983507,1783.56022094727,40.5970147948795,18098.7586062283,,,,,,
10/27/19,6,7468.96983452691,8686.38481445313,1813.01438164605,43.7697443347507,18013.0775336372,,,,,,
10/27/19,7,7692.91414984809,8968.60493489583,1889.88101698134,47.1968631627825,18599.0325461154,,,,,,
10/27/19,8,7859.44514539931,8946.65509982639,1898.9099363878,49.7838864432441,18754.7115999349,,,,,,
10/27/19,9,7920.31587999132,8916.12031575521,1939.35339084201,50.716052892473,18826.7596522352,,,,,,
10/27/19,10,7794.80029025608,8954.81653428819,1936.55171549479,49.7784584511651,18736.2930343967,,,,,,
10/27/19,11,7553.56871148003,8892.34072048611,1939.6734121365,48.3791000313229,18434.3931125217,,,,,,
10/27/19,12,7337.62352050781,8979.84945963542,1959.50528008355,47.2762533420987,18323.8787939453,,,,,,
10/27/19,13,7205.0703656684,9107.26711480035,1975.25196207682,46.1781985664368,18333.8138785807,,,,,,
10/27/19,14,7246.21481445312,9285.15997070313,1960.49982326931,45.5573125415378,18537.5362868924,,,,,,
10/27/19,15,7356.71357259115,9531.25237847222,2020.19156684028,45.8857347573174,18954.0381355794,,,,,,
10/27/19,16,7745.44389160156,9930.9193109809,2142.60571587457,47.3320644018385,19867.1328602431,,,,,,
10/27/19,17,8342.80919650608,10366.8654394531,2205.7906515842,49.5342951594459,20965.473046875,,,,,,
10/27/19,18,9063.13095377604,10923.0781152344,2396.29714789497,53.8729277748532,22436.4483485243,,,,,,
10/27/19,19,9696.25520182292,11500.4930707465,2540.44281602648,58.6995854070452,23797.0163525391,,,,,,
10/27/19,20,9811.04629991319,11513.4054025608,2525.1653141276,58.7137768809001,23909.5156966146,,,,,,
10/27/19,21,9562.62924587674,11253.9098969184,2430.37187011719,58.0567105706533,23306.0519466146,,,,,,
10/27/19,22,9153.10532877604,10912.2910807292,2303.77186984592,55.969116552141,22426.4224175347,,,,,,
10/27/19,23,8603.49346137153,10221.3545301649,2125.0908610026,52.5968892849816,21002.3024869792,,,,,,
10/27/19,24,8147.28420789931,9537.8022157118,1947.47175957574,50.2102566115061,19682.6453732639,,,,,,
10/28/19,1,7806.54571777344,9092.58052083333,1863.95952270508,48.8689124488831,18811.997007921,,,,,,
10/28/19,2,7594.32917263455,8757.20098198785,1791.85861056858,49.0581787618001,18192.487203776,,,,,,
10/28/19,3,7421.70181423611,8612.95842013889,1752.65883816189,50.5644896401299,17837.7216465929,,,,,,
10/28/19,4,7452.85122721354,8536.09216905382,1729.00353542752,51.5788868935903,17769.3086257595,,,,,,
10/28/19,5,7494.87774631076,8808.27653428819,1777.23735934787,55.4273611047533,18136.9127143012,,,,,,
10/28/19,6,8082.08278862847,9440.08898654514,1919.41512736003,62.0445471880171,19503.8098296441,,,,,,
10/28/19,7,9027.57239908854,10452.3992154948,2165.94722384983,70.1969872538249,21716.3339860026,,,,,,
10/28/19,8,9798.36411241319,10875.8465299479,2232.37588460286,74.0157127486335,22981.0862386068,,,,,,
10/28/19,9,9801.07193576389,10907.0884917535,2184.61771402995,69.2758437601725,22962.1346587457,,,,,,
10/28/19,10,9552.21585394965,10860.2305566406,2071.61993055556,63.7688419384427,22547.9453569878,,,,,,
10/28/19,11,9314.17527886285,10895.5984613715,2007.43944444444,59.3547317568461,22276.5138905165,,,,,,
10/28/19,12,9153.87917860243,10897.3240690104,1964.31004679362,54.6141745832231,22070.4634524197,,,,,,
10/28/19,13,9026.88738064236,10943.5527853733,1992.29059271918,51.9192587036557,22015.3994780816,,,,,,
10/28/19,14,9185.5323687066,11169.1366829427,2040.57248684353,50.3530395931668,22446.526890191,,,,,,
10/28/19,15,9411.98074869792,11424.3936675347,2126.89080159505,49.105698422326,23013.2968025716,,,,,,
10/28/19,16,9763.66233289931,11715.777171224,2233.08596869575,49.5015988879734,23762.6606076389,,,,,,
10/28/19,17,10329.2615180122,11936.2710666233,2366.90417371962,50.6696349016825,24683.6041615126,,,,,,
10/28/19,18,11054.357093099,12206.1818500434,2537.76507676866,53.9535569710202,25852.4695317925,,,,,,
10/28/19,19,11693.8248111979,12722.7733506944,2707.79528374566,60.8070510016547,27186.2127544488,,,,,,
10/28/19,20,11761.3248795573,12651.1491145833,2678.54407335069,62.1799533155229,27153.8656841363,,,,,,
10/28/19,21,11411.2675119358,12201.2945258247,2554.6242428928,61.7811506970723,26229.7434022352,,,,,,
10/28/19,22,10938.2833832465,11596.1487727865,2393.41287109375,60.2858839850956,24988.9291368273,,,,,,
10/28/19,23,10174.3361143663,10765.2208648003,2180.80306722005,57.9591337638431,23179.2152766927,,,,,,
10/28/19,24,9451.24042317708,9942.65354166667,1993.0498824056,57.0457404910194,21445.1922960069,,,,,,
10/29/19,1,8927.21869032118,9313.71811957465,1894.09682088216,57.4071633688609,20193.7786311849,,,,,,
10/29/19,2,8556.68595269097,8891.52777560764,1817.09444810655,58.2670877128177,19324.5878390842,,,,,,
10/29/19,3,8301.85138346354,8671.98113606771,1770.3716946072,60.0283821169535,18805.0504958767,,,,,,
10/29/19,4,8528.67790364583,8612.13899956597,1740.19066609701,63.3479323334164,18944.4843126085,,,,,,
10/29/19,5,8713.36889756944,8846.09156575521,1783.14708848741,68.4740620485942,19411.2395285373,,,,,,
10/29/19,6,9007.3461859809,9476.23469075521,1919.08748060438,76.0721515422397,20479.0347303602,,,,,,
10/29/19,7,10084.1000455729,10620.1386436632,2193.94158406576,85.2271824624803,22983.1818109809,,,,,,
10/29/19,8,11065.9226182726,11047.0326421441,2255.10177327474,89.0374166976081,24457.2881738281,,,,,,
10/29/19,9,11024.2826757813,10921.2835601128,2200.91814887153,80.475471895006,24226.9649712457,,,,,,
10/29/19,10,10617.3413715278,10749.7765983073,2118.34707302517,70.8088911777073,23556.1920458984,,,,,,
10/29/19,11,10092.3850509983,10679.6928569878,2017.97489352756,62.7802040682899,22852.886550293,,,,,,
10/29/19,12,10011.5261154514,10668.0844943576,1954.31188720703,56.7647192139096,22690.7940866428,,,,,,
10/29/19,13,9795.41661675347,10727.0758094618,1911.27683295356,53.1883758619097,22487.7023529731,,,,,,
10/29/19,14,9871.13509765625,10890.5183496094,1972.1812383355,50.7943667825063,22784.1050732422,,,,,,
10/29/19,15,9790.87746419271,11045.8796592882,2062.82124972873,49.4696814229753,22949.0497252062,,,,,,
10/29/19,16,9990.34101128472,11288.1877897135,2190.60618923611,50.6400869581434,23520.6858927409,,,,,,
10/29/19,17,10525.520094401,11498.9648990885,2293.65787299262,53.4814154677921,24371.9138061523,,,,,,
10/29/19,18,11166.2870844184,11870.8340928819,2477.606355523,57.2273950121138,25572.3898030599,,,,,,
10/29/19,19,11784.5424240451,12492.7842100694,2687.53790771484,63.30011879815,27028.8245882161,,,,,,
10/29/19,20,11795.0939789497,12480.6817013889,2645.34445014106,64.1783393647936,26985.7603125,,,,,,
10/29/19,21,11496.7326161024,12095.7542480469,2538.63015896267,64.0643727450901,26195.5500710721,,,,,,
10/29/19,22,10977.5616384549,11552.1915104167,2393.96181586372,62.6375415547689,24986.7006787109,,,,,,
10/29/19,23,10377.4217567274,10795.3560340712,2171.69295735677,60.1098642137316,23405.1705674913,,,,,,
10/29/19,24,9789.59166666667,10051.9376974826,1987.60841064453,57.9784093729655,21887.9877604167,,,,,,
10/30/19,1,9343.94243706597,9504.06240559896,1892.02007324219,58.2286879730225,20799.2944721137,,,,,,
10/30/19,2,8988.73965603299,9143.31351779514,1815.84212673611,59.6480657153659,20008.3148942057,,,,,,
10/30/19,3,9054.15301215278,8829.97538628472,1759.27042656793,62.4798535919189,19706.2035606554,,,,,,
10/30/19,4,9113.17397460938,8745.64194986979,1734.20016208225,66.3231826146444,19659.2316585286,,,,,,
10/30/19,5,9328.21737196181,8950.29680447049,1774.62720228407,72.2414805094401,20126.0176860894,,,,,,
10/30/19,6,9619.99973524306,9619.20107421875,1897.22498996311,81.1513451724582,21217.1810674371,,,,,,
10/30/19,7,10728.1683561198,10640.4419184028,2123.60961615668,91.1743867492676,23583.6527164714,,,,,,
10/30/19,8,11408.6745410156,11124.8518977865,2179.26544053819,95.5596758990818,24807.8116585286,,,,,,
10/30/19,9,11206.1973621962,11069.4703580729,2161.01267578125,87.5823995335897,24524.1757088216,,,,,,
10/30/19,10,10480.3217209201,10794.7282280816,2071.98522501628,78.2552901967367,23425.1137982856,,,,,,
10/30/19,11,10401.9854459635,10589.7158138021,1957.60263563368,70.4912591298421,23019.6357858615,,,,,,
10/30/19,12,10179.0421278212,10487.6954134115,1891.0058605957,64.4774172422621,22622.137901747,,,,,,
10/30/19,13,9839.72560221354,10367.0510492622,1862.92428412543,59.7801050355699,22129.3913894314,,,,,,
10/30/19,14,9955.5541514757,10533.8330262587,1855.26216457791,55.7602085622152,22400.9242697483,,,,,,
10/30/19,15,9815.72320529514,10772.2519411892,1992.03221598307,52.7257633219825,22633.7241072591,,,,,,
10/30/19,16,10243.1406759983,10936.0926638455,2087.77223429362,52.631244146559,23320.3794921875,,,,,,
10/30/19,17,10854.5395269097,11210.5911132813,2223.43654459635,55.9199875386556,24344.8939664714,,,,,,
10/30/19,18,11539.2877669271,11508.3667296007,2386.93840277778,60.7655421998766,25495.9207400174,,,,,,
10/30/19,19,12273.1407508681,12222.1458865017,2565.01782470703,69.0197431670295,27129.2594623481,,,,,,
10/30/19,20,12376.3122352431,12219.9179405382,2538.09358561198,72.4669362386068,27206.9237863498,,,,,,
10/30/19,21,12088.0896831597,11867.5092382813,2433.0159491645,74.9484684965346,26464.3296402995,,,,,,
10/30/19,22,11534.0859440104,11455.5842588976,2292.62805257161,74.6853573015001,25357.6074251302,,,,,,
10/30/19,23,10717.6079796007,10727.8192013889,2089.58701700846,73.0137691328261,23608.840094401,,,,,,
10/30/19,24,9960.77241644965,10012.6794270833,1899.57982828776,72.263269405365,21946.200710178,,,,,,
10/31/19,1,9474.34529405382,9502.28095269097,1819.61473632812,73.3159803432888,20870.3146907552,,,,,,
10/31/19,2,9143.94162543403,9172.32009765625,1750.73017415365,75.241079788208,20142.6511284722,,,,,,
10/31/19,3,9003.99744032118,8964.606171875,1701.42264227973,78.4077121480306,19748.4730436198,,,,,,
10/31/19,4,8987.28272243924,8844.64031358507,1680.67797471788,82.2403574879964,19594.9797309028,,,,,,
10/31/19,5,9237.49542426215,9078.53271375868,1723.35292290582,87.6895603349474,20127.488519694,,,,,,
10/31/19,6,9864.90769639757,9720.23268771701,1868.40222303602,96.5529845004612,21549.8009239366,,,,,,
10/31/19,7,10990.4692784288,10832.1331998698,2147.52993720161,106.793349499173,24076.9674142795,,,,,,
10/31/19,8,12021.3627875434,11303.2590896267,2265.37033175998,110.469984088474,25700.4325602214,,,,,,
10/31/19,9,11871.9962293837,11238.6272363281,2204.59216796875,100.054807713826,25414.7519273546,,,,,,
10/31/19,10,11281.1318674045,11036.8980175781,2055.06785766602,86.8985669284397,24459.0775509983,,,,,,
10/31/19,11,10733.2338302951,10779.6760503472,1943.58621676975,74.7880208799574,23529.8938593207,,,,,,
10/31/19,12,10287.9588368056,10675.0456597222,1839.07262057834,65.4243963665432,22868.0926443142,,,,,,
10/31/19,13,10041.8984027778,10612.2329991319,1816.23800387912,59.3814980951945,22532.1635289171,,,,,,
10/31/19,14,10046.1873795573,10778.7097743056,1888.25340766059,54.6156770494249,22772.0715291341,,,,,,
10/31/19,15,10170.9371983507,10960.73953125,1990.24865220812,50.9439893468221,23177.9991484918,,,,,,
10/31/19,16,10526.6642936198,11169.6044498698,2122.46055772569,50.9585672590468,23874.9060007053,,,,,,
10/31/19,17,11052.3251801215,11435.1756987847,2280.78895046658,51.8642247856988,24820.4814325629,,,,,,
10/31/19,18,11594.4289485677,11733.5325238715,2439.94399115668,54.4833637650808,25822.8760671658,,,,,,
10/31/19,19,11962.980406901,12075.2271126302,2542.34074273003,60.1087747351329,26641.3969200304,,,,,,
10/31/19,20,11797.0307562934,11827.3282248264,2484.79551703559,62.7449098014832,26172.9494330512,,,,,,
10/31/19,21,11543.1793815104,11660.5825282118,2415.67994086372,66.311011367374,25686.1754334852,,,,,,
10/31/19,22,11186.949921875,11375.333344184,2322.06084309896,67.7449272261725,24952.1110970052,,,,,,
10/31/19,23,10507.8909743924,10747.2195030382,2132.52613484701,67.2791987546285,23454.7826367187,,,,,,
10/31/19,24,9850.76128689236,10068.8041905382,1959.84163058811,67.6763875495063,21946.9153797743,,,,,,
11/1/19,1,9522.47678602431,9532.50911132813,1880.99601196289,68.6281433275011,21004.610367296,,,,,,
11/1/19,2,9214.88310763889,9174.16195529514,1814.95128472222,72.4464927503798,20276.4431759983,,,,,,
11/1/19,3,9046.49564344618,8959.08968315972,1765.89091308594,74.9030554453532,19846.3798746745,,,,,,
11/1/19,4,9028.16666666667,8897.68311848958,1743.72526909722,77.987702738444,19747.5627723524,,,,,,
11/1/19,5,9225.89236653646,9110.45619574653,1784.32756266276,83.2566032663981,20203.932711046,,,,,,
11/1/19,6,9879.60767252604,9830.03556966146,1918.64840725369,91.6731477779812,21719.9649327257,,,,,,
11/1/19,7,10975.6691113281,10835.6521885851,2160.73638197157,98.1487222120497,24070.2064171007,,,,,,
11/1/19,8,11961.3365917969,11314.3341536458,2292.01965766059,102.449912906223,25670.140289171,,,,,,
11/1/19,9,11908.0971430122,11314.1313964844,2239.49833468967,92.2623719024658,25553.9889312066,,,,,,
11/1/19,10,11438.6647178819,11112.5347363281,2106.63932495117,80.6055657450358,24738.4443980577,,,,,,
11/1/19,11,10851.3377907986,10941.1803830295,1985.46968844944,69.1008017730713,23847.0887649197,,,,,,
11/1/19,12,10494.4510362413,10840.3425922309,1903.70733140734,59.6995736228095,23298.2000783963,,,,,,
11/1/19,13,10062.8102680122,10801.0027430556,1881.45720486111,54.7038052537706,22799.973773329,,,,,,
11/1/19,14,10314.7756434462,11030.2773980035,1921.3987612576,51.1767316055298,23317.6279641385,,,,,,
11/1/19,15,10520.7879806858,11288.7777018229,2031.96620062934,49.1531111823188,23890.6849357096,,,,,,
11/1/19,16,10650.6186631944,11489.729437934,2147.31853108724,48.3501574198405,24336.0167182075,,,,,,
11/1/19,17,11058.6144943576,11717.5725900608,2283.53714626736,49.8596139229669,25109.5836501736,,,,,,
11/1/19,18,11662.2990983073,11917.8516276042,2441.95694444444,52.8302349048191,26074.9379345703,,,,,,
11/1/19,19,12198.0818109809,12362.3948057726,2583.21291856554,59.5202181710137,27203.2096185981,,,,,,
11/1/19,20,12101.8005392795,12186.7378211806,2526.82811631944,60.1632779566447,26875.5300461155,,,,,,
11/1/19,21,11732.5541059028,11830.3951453993,2430.12239583333,61.0101641676161,26054.0818988715,,,,,,
11/1/19,22,11274.8846875,11405.2287575955,2324.04683973524,61.0122438939412,25065.1727327474,,,,,,
11/1/19,23,10635.4512489149,10740.7738693576,2151.85248046875,60.2465305921766,23588.3243489583,,,,,,
11/1/19,24,9958.90170355903,10034.8285991753,1984.03445949978,60.0243949593438,22037.7894976128,,,,,,
11/2/19,1,9487.83694010417,9574.42859049479,1895.85159586589,60.3923121219211,21018.5095003255,,,,,,
11/2/19,2,9139.87765516493,9211.9737250434,1837.15319905599,61.7668539640639,20250.7716726345,,,,,,
11/2/19,3,8905.38869466146,8956.35023871528,1779.84018337674,63.9868430370755,19705.5660405816,,,,,,
11/2/19,4,8796.28622938368,8817.32844943576,1743.87719075521,67.0836037868924,19424.5753917101,,,,,,
11/2/19,5,8832.96946072049,8803.03050130208,1752.61867947049,72.1065044996474,19460.72503852,,,,,,
11/2/19,6,9096.00405598958,9065.47504448785,1792.50531453451,77.7504185231527,20031.7349826389,,,,,,
11/2/19,7,9611.10041015625,9505.83965277778,1875.85285251194,84.6207624138726,21077.4136577691,,,,,,
11/2/19,8,10191.1804318576,9726.9791265191,1976.76856146918,88.1369906700982,21983.0648616536,,,,,,
11/2/19,9,10303.7733843316,9833.72735243055,2017.3374102105,80.6761638641357,22235.5141807726,,,,,,
11/2/19,10,10054.3751280382,9772.88571397569,1940.10734090169,70.0295664469401,21837.3977229818,,,,,,
11/2/19,11,9630.80256618924,9664.50012261285,1852.94395724826,60.3416130532159,21208.5881410048,,,,,,
11/2/19,12,9274.64752387153,9649.00707465278,1767.17114325629,54.109220729404,20744.9350217014,,,,,,
11/2/19,13,9004.27907335069,9637.75662434896,1759.32787923177,49.1562934027778,20450.5197208659,,,,,,
11/2/19,14,8977.48250759549,9724.77015625,1776.54884033203,47.2178016789754,20526.019351671,,,,,,
11/2/19,15,9172.84555664062,10001.5884613715,1870.32372287326,46.116564716763,21090.8742287869,,,,,,
11/2/19,16,9539.65446831597,10289.8127256944,1991.37274264865,47.0515481694539,21867.8914287652,,,,,,
11/2/19,17,10070.899938151,10605.6349348958,2116.52186523438,49.1850838767158,22842.2418199327,,,,,,
11/2/19,18,10754.1330273438,10846.5253721788,2305.01982801649,51.5645589319865,23957.2427039931,,,,,,
11/2/19,19,11391.1923535156,11400.0198936632,2480.65790011936,54.6834047953288,25326.5536593967,,,,,,
11/2/19,20,11373.4785514323,11310.5967664931,2451.00777886285,54.3993171098497,25189.4824045139,,,,,,
11/2/19,21,11056.2528450521,11035.2268240017,2366.44277208116,54.2150283516778,24512.1375493707,,,,,,
11/2/19,22,10654.8042296007,10744.404827474,2278.75965332031,53.6992448467678,23731.668186849,,,,,,
11/2/19,23,10092.353093533,10228.1698079427,2120.31631971571,52.69820663876,22493.5379123264,,,,,,
11/2/19,24,9524.90357421875,9645.92931640625,1972.41001641168,52.1600783496433,21195.4034510634,,,,,,
11/3/19,1,9055.77028103299,9172.59041883681,1872.86106811523,52.6432942920261,20153.8650895182,,,,,,
11/3/19,2,8811.70791232639,8507.67896918403,1758.46001586914,57.4148638831245,19135.261656901,"NOTE: The hourly load value at hour ending (HE) 2:00 AM on 11/3/2019 is the average of both values at HE 2:00 AM and HE 2’:00 AM (In other words, 2:00AM is repeated) on 11/3/2019 to address DST.",,,,,
11/3/19,3,8685.69821614583,8409.59946289062,1715.96143595378,60.2376983091566,18871.4967713759,,,,,,
11/3/19,4,8663.69360894097,8362.28984592014,1704.28839613173,62.9877818764581,18793.2596744792,,,,,,
11/3/19,5,8742.09472547743,8418.07440646701,1721.62931559245,67.6630128690932,18949.4611024306,,,,,,
11/3/19,6,9011.75382486979,8636.36016384549,1766.76265530056,75.0483549499512,19489.9248513455,,,,,,
11/3/19,7,9411.8223187934,8728.16056532118,1838.87435126411,79.263047442966,20058.1202463108,,,,,,
11/3/19,8,9558.5800531684,8781.06652126736,1926.75617580838,74.2728582848443,20340.6756184896,,,,,,
11/3/19,9,9397.63681423611,8705.44257269965,1748.9260426161,65.6034936862522,19917.6088389757,,,,,,
11/3/19,10,9092.80053059896,8607.73038302951,1669.17866794162,57.8690990363227,19427.5785091146,,,,,,
11/3/19,11,8828.42300455729,8586.71152994792,1615.46591986762,51.8773690626356,19082.4778594293,,,,,,
11/3/19,12,8741.9948155382,8783.64619791667,1623.82428697374,47.9636624569363,19197.428471951,,,,,,
11/3/19,13,8801.27057508681,9028.21698242187,1665.13593682183,46.9075246895684,19541.5309483507,,,,,,
11/3/19,14,9057.29242838542,9409.30297309028,1772.20527208116,46.3352168655396,20285.1360245768,,,,,,
11/3/19,15,9239.12365234375,9878.69985677083,1938.28346028646,48.0077119064331,21104.1146082899,,,,,,
11/3/19,16,9832.10029513889,10385.3272406684,2119.36171346029,49.6267702314589,22386.4158506944,,,,,,
11/3/19,17,10641.2361056858,10846.9583420139,2314.32022677951,52.1393582238091,23854.6540093316,,,,,,
11/3/19,18,11559.0231336806,11566.1688368056,2548.43592013889,57.625708126492,25731.2533485243,,,,,,
11/3/19,19,11697.8217675781,11530.2554589844,2544.21445448134,56.8874013392131,25829.1790684679,,,,,,
11/3/19,20,11350.5661838108,11277.7106814236,2443.53138699002,54.3418055216471,25126.149867079,,,,,,
11/3/19,21,10973.2802886285,10880.6475596788,2332.03376573351,53.4174207221137,24239.3793690321,,,,,,
11/3/19,22,10660.9696299913,10409.8954361979,2183.01432969835,52.1529791471693,23306.0326936849,,,,,,
11/3/19,23,9976.09495334201,9775.83369249132,2009.13509114583,50.4988812594944,21811.5626519097,,,,,,
11/3/19,24,9385.02934678819,9242.81014431424,1861.27074544271,49.9832133822971,20539.0935980903,,,,,,
11/4/19,1,9042.25736762153,8873.18296657986,1811.05855414497,50.4648907046848,19776.963937717,,,,,,
11/4/19,2,8816.69598958333,8651.57624348958,1749.01353705512,52.1627890311347,19269.4485188802,,,,,,
11/4/19,3,8714.65272243924,8487.80950086806,1722.78518676758,55.3759022437202,18980.6233398438,,,,,,
11/4/19,4,8756.51468858507,8536.31167426215,1717.80069729275,59.6905170610216,19070.3175764974,,,,,,
11/4/19,5,9055.35814344618,8873.0231108941,1792.54699801975,66.3123581441243,19787.2405788845,,,,,,
11/4/19,6,9843.41929470486,9693.48225585938,1960.65068250868,75.0060588243273,21572.5585205078,,,,,,
11/4/19,7,11016.923015408,10460.3612879774,2160.6524734158,81.326790178087,23719.263531901,,,,,,
11/4/19,8,11171.0320062934,10665.8435807292,2164.63330376519,76.2665037621392,24077.7755555556,,,,,,
11/4/19,9,10903.3881325955,10630.19796875,2076.46412706163,66.9084179221259,23676.9586469184,,,,,,
11/4/19,10,10538.7930707465,10588.7394498698,1994.1929442003,58.8305975850423,23180.5558873155,,,,,,
11/4/19,11,10657.5200325521,10757.7939181858,1977.26963880751,54.443599120246,23447.0270659722,,,,,,
11/4/19,12,10588.3725694444,11012.2041102431,1974.39839057075,52.2496343612671,23627.2248125543,,,,,,
11/4/19,13,10642.9546755642,11547.0005696615,2023.65264146593,51.2762198257446,24264.8840945096,,,,,,
11/4/19,14,10679.8822384983,11948.177719184,2129.26949367947,50.024815097385,24807.3541167535,,,,,,
11/4/19,15,11015.6332150608,12288.7447243924,2279.09067301432,49.8359429550171,25633.3043693034,,,,,,
11/4/19,16,11529.9613085938,12514.7688997396,2398.09287407769,51.8358273569743,26494.6590478516,,,,,,
11/4/19,17,12075.8395388455,12613.0888975694,2545.00203450521,54.0174917221069,27287.9481488715,,,,,,
11/4/19,18,12830.7416004774,13084.8859157986,2762.98672526042,58.7807202953762,28737.3949430339,,,,,,
11/4/19,19,12812.8267708333,12903.1880729167,2726.76818576389,58.5022331788805,28501.285257704,,,,,,
11/4/19,20,12391.984718967,12527.1660633681,2622.11922715929,57.7794982698229,27599.0495632595,,,,,,
11/4/19,21,11830.327546658,12116.262671441,2491.18670817057,56.3538667678833,26494.130773112,,,,,,
11/4/19,22,11111.8136208767,11463.9382096354,2330.17949869792,54.5162952211168,24960.4476730686,,,,,,
11/4/19,23,10257.8932508681,10692.2292871094,2128.10112508138,51.194745364719,23129.4183951823,,,,,,
11/4/19,24,9625.07917317708,9997.1186469184,1943.45005493164,49.7496433385213,21615.3978298611,,,,,,
11/5/19,1,9257.36476671007,9497.69523003472,1871.45430948893,49.751677385966,20676.2659380425,,,,,,
11/5/19,2,8974.78230577257,9163.09141276042,1795.21619235569,52.0762815856934,19985.1663959418,,,,,,
11/5/19,3,8805.87232855903,8971.44487955729,1751.02831380208,55.4595973629422,19583.8050585937,,,,,,
11/5/19,4,8831.24111545139,8962.49012044271,1734.96298855252,58.1545515992906,19586.848601888,,,,,,
11/5/19,5,9076.01866319445,9165.85120768229,1794.31179782444,63.5323949940999,20099.7070608742,,,,,,
11/5/19,6,9817.26842013889,9861.80023980035,1941.039453125,72.9160607994927,21693.0242312283,,,,,,
11/5/19,7,10919.5917730035,10601.0057042101,2144.32892781576,78.5761313713922,23743.5024593099,,,,,,
11/5/19,8,11342.3881032986,10859.2723372396,2156.61744276259,73.5416423119439,24431.8197593858,,,,,,
11/5/19,9,11014.173608941,10868.5705121528,2064.34473700629,63.7258456293742,24010.8148592122,,,,,,
11/5/19,10,10713.6944292535,10938.1975130208,2009.3665242513,56.4415641530355,23717.7000431315,,,,,,
11/5/19,11,10552.9918695747,11123.9419921875,1976.84327270508,52.7607006454468,23706.5377983941,,,,,,
11/5/19,12,10653.8292230903,11273.1221006944,1973.67611083984,51.5398448605008,23952.1668939887,,,,,,
11/5/19,13,10504.274594184,11619.5848459201,2038.33652859158,51.0147416178385,24213.2106499566,,,,,,
11/5/19,14,10782.3828851997,12125.9961263021,2159.26870334201,50.0028344980876,25117.6504277886,,,,,,
11/5/19,15,11011.5842122396,12546.6405653212,2304.21427598741,50.441107427809,25912.8802924262,,,,,,
11/5/19,16,11573.7014160156,12760.3392588976,2440.25082329644,52.6672397359212,26826.9587223307,,,,,,
11/5/19,17,12097.8508680556,12733.8642296007,2568.70284071181,53.9815722571479,27454.3996169705,,,,,,
11/5/19,18,12791.8393956163,13247.6693836806,2771.61543972439,59.0163855022854,28870.1406738281,,,,,,
11/5/19,19,12778.9356217448,12947.9426963976,2727.89267279731,58.1804719712999,28512.951625434,,,,,,
11/5/19,20,12422.7012597656,12597.6168977865,2638.70350830078,57.3037976667616,27716.32558648,,,,,,
11/5/19,21,11955.4631228299,12244.0038075087,2513.49806749132,55.3131678644816,26768.2782351345,,,,,,
11/5/19,22,11282.4604140476,11676.3682006581,2356.07345855872,52.3888865243028,25367.2911558684,,,,,,
11/5/19,23,10436.4452636719,10871.4327354601,2147.24819091797,50.131578157213,23505.2582139757,,,,,,
11/5/19,24,9734.1718891059,10138.3502213542,1972.63365383572,49.1990638902452,21894.355281033,,,,,,
11/6/19,1,9393.26780924479,9642.47274739583,1914.36996283637,49.4096901448568,20999.5206125217,,,,,,
11/6/19,2,9082.96703667535,9304.77247938368,1858.42492662218,50.8895787345038,20297.0542122396,,,,,,
11/6/19,3,8910.67214192708,9076.96336588542,1787.13287624783,53.2716529888577,19828.0397298177,,,,,,
11/6/19,4,8909.59673828125,9045.62481011285,1764.69393446181,57.499719259474,19777.4151025391,,,,,,
11/6/19,5,9164.12376302083,9230.54599500868,1823.6104300944,62.1178706826104,20280.3979188368,,,,,,
11/6/19,6,9864.96047098795,9917.45279269748,1957.67229166969,70.0022320450594,21810.087773998,,,,,,
11/6/19,7,10946.2340549045,10643.3119672309,2142.1308710395,76.1338761562771,23807.8110199653,,,,,,
11/6/19,8,11392.3512858073,11051.631171875,2203.60111707899,71.5083159806993,24719.0919650608,,,,,,
11/6/19,9,11339.771968316,11139.4667578125,2150.33317464193,63.0187300109863,24692.5905162218,,,,,,
11/6/19,10,11249.6845540365,11233.4333094618,2039.55079549154,56.441966035631,24579.1105004883,,,,,,
11/6/19,11,10789.6677256944,11295.6232845052,2008.62079928928,52.7478751118978,24146.6595968967,,,,,,
11/6/19,12,10905.8059429253,11409.1141829427,1986.02667399089,50.9152962027656,24351.861887207,,,,,,
11/6/19,13,10903.7731933594,11633.0091916233,2032.36222927517,50.2778427802192,24619.4223027886,,,,,,
11/6/19,14,11148.692624783,11970.341953125,2138.53431260851,50.7322086758084,25308.3009920247,,,,,,
11/6/19,15,11331.8724500868,12320.1697482639,2275.88558349609,50.1420003721449,25978.0697013346,,,,,,
11/6/19,16,11584.5988932292,12493.0348936632,2421.19286973741,52.1081344731649,26550.9348838976,,,,,,
11/6/19,17,12103.7280121528,12578.6717447917,2539.0169523112,53.2620868767632,27274.6789469401,,,,,,
11/6/19,18,12872.7826378038,13082.5849175347,2741.56631510417,58.0589422819349,28754.992687717,,,,,,
11/6/19,19,12872.3023708767,12868.8229720052,2701.7569772678,57.8791437403361,28500.761813151,,,,,,
11/6/19,20,12502.1325640191,12551.5627018229,2607.86323974609,57.0505036417643,27718.6096185981,,,,,,
11/6/19,21,12064.309124349,12190.9500227865,2487.52346028646,54.0861179818047,26796.8696603733,,,,,,
11/6/19,22,11396.6586621094,11690.9900672743,2331.94248535156,52.3918324110243,25471.9834619141,,,,,,
11/6/19,23,10555.2002571615,10903.6200965712,2125.31759399414,49.5247909927368,23633.6628727214,,,,,,
11/6/19,24,9876.84346896701,10200.2912738715,1952.98695366753,48.7477264912923,22078.8693391927,,,,,,
11/7/19,1,9668.88002170139,9704.56049045139,1877.45703111437,48.6279585435655,21299.5256027561,,,,,,
11/7/19,2,9451.73511176215,9375.27424262153,1813.74434000651,49.4245289230347,20690.1782459852,,,,,,
11/7/19,3,9303.10486653646,9149.59544487847,1760.9237778049,51.6809562513563,20265.3052511936,,,,,,
11/7/19,4,9013.81179144965,9052.12376844618,1736.33687961155,56.3637454901801,19858.6357047526,,,,,,
11/7/19,5,9222.65732096354,9272.83005425347,1779.12051201714,61.5575748485989,20336.165679796,,,,,,
11/7/19,6,9919.60724175347,9934.73149522569,1934.74367635091,68.8766714774238,21857.9591878255,,,,,,
11/7/19,7,11017.622406684,10716.7238888889,2137.95121419271,75.8371552530924,23948.1347157118,,,,,,
11/7/19,8,11529.2339605035,11058.1088498264,2197.32548773872,72.0261486901177,24856.6944406467,,,,,,
11/7/19,9,11445.5351768663,11104.6791840278,2141.2495553928,63.8751784557766,24755.3390608724,,,,,,
11/7/19,10,11322.0185872396,11161.7726529948,2031.2517702908,56.0740307447645,24571.1170288086,,,,,,
11/7/19,11,11168.1521538628,11232.8800119358,1953.44225925022,52.670426457723,24407.144851888,,,,,,
11/7/19,12,10957.4798546007,11482.2662413194,1951.9370191786,51.109632258945,24442.7922908529,,,,,,
11/7/19,13,10957.1160384115,11801.6374327257,2014.24790757921,50.4592873128255,24823.4604866536,,,,,,
11/7/19,14,11221.089406467,12169.9912901476,2133.74681532118,50.7305738788181,25575.5578716363,,,,,,
11/7/19,15,11508.2616037326,12532.6472200521,2285.19175726997,51.4940705998739,26377.5947276476,,,,,,
11/7/19,16,11653.9825130208,12810.5252083333,2438.14097927517,52.6723153389825,26955.3210904948,,,,,,
11/7/19,17,12124.8952115885,12850.4779047309,2584.55663248698,53.9269188605414,27613.8566531033,,,,,,
11/7/19,18,12894.1204437934,13295.6246983507,2762.89332682292,58.5805754682753,29011.2196223958,,,,,,
11/7/19,19,12885.5320572917,13078.9273578559,2720.28630343967,57.7493337037828,28742.4958789063,,,,,,
11/7/19,20,12542.3967317708,12719.401187066,2623.17551323785,56.994916267395,27941.9691726345,,,,,,
11/7/19,21,12079.4772200521,12313.1820345052,2513.90095621745,56.318169470893,26962.8791379123,,,,,,
11/7/19,22,11436.9634092882,11761.2680447049,2355.62369249132,53.7430161582099,25607.5987027995,,,,,,
11/7/19,23,10639.5514051649,10959.5271234809,2148.60784206814,50.3021104303996,23797.9882313368,,,,,,
11/7/19,24,9949.60946831597,10236.0956043837,1973.08701416016,49.0122516123454,22207.8043495009,,,,,,
11/8/19,1,9506.08892252604,9716.83941948785,1892.26054945204,49.0791946368747,21164.2682188585,,,,,,
11/8/19,2,9175.85844509549,9311.60523871528,1816.43738226997,49.8270142449273,20353.7280788845,,,,,,
11/8/19,3,8979.63858506944,9095.78674587674,1754.88726277669,53.036766043769,19883.3495871311,,,,,,
11/8/19,4,8955.99781792535,9057.07527560764,1729.04543768989,56.3412619611952,19798.459616428,,,,,,
11/8/19,5,9187.12140950521,9319.01408637153,1772.07544921875,60.6154201083713,20338.8260899523,,,,,,
11/8/19,6,9858.34238389757,9972.34948133681,1912.32639105903,68.9171932050917,21811.9355251736,,,,,,
11/8/19,7,10913.1214496528,10651.9648849826,2089.35565511068,74.6385999382867,23729.0806163194,,,,,,
11/8/19,8,11595.9711154514,10905.1369639757,2132.21411241319,70.0135606723362,24703.3355273438,,,,,,
11/8/19,9,11684.7675965712,10932.1288975694,2072.22242987739,61.5680490027534,24750.687094184,,,,,,
11/8/19,10,11564.6951746962,11128.5356694878,2073.36416354709,54.0936809327867,24820.6886159939,,,,,,
11/8/19,11,11131.6562217882,11436.3108506944,2077.96455064562,50.4913000573052,24696.4225238715,,,,,,
11/8/19,12,10887.2488997396,11773.2454351128,2084.34313774957,48.8517357932197,24793.6892605252,,,,,,
11/8/19,13,10885.869514974,12161.281155599,2170.90028537326,48.9324265967475,25266.9832248264,,,,,,
11/8/19,14,11048.3132610346,12563.1175589034,2290.17175372011,48.84402972383,25950.4461674376,,,,,,
11/8/19,15,11070.631703559,12955.0998643663,2434.7922805447,48.5486612701416,26509.072516276,,,,,,
11/8/19,16,11483.2586349826,13181.3522309028,2565.60537082248,50.4889708709717,27280.7051405165,,,,,,
11/8/19,17,12031.9041905382,13181.7090917969,2674.22370307075,52.9625078158908,27940.799421658,,,,,,
11/8/19,18,12800.085437283,13411.7896831597,2789.16594075521,54.8925036790636,29055.9338585069,,,,,,
11/8/19,19,12724.6436143663,13014.9896061198,2696.60385959201,54.3568501154582,28490.5946864149,,,,,,
11/8/19,20,12336.1128179253,12567.4930946181,2581.36061550564,53.7243444230821,27538.6915592448,,,,,,
11/8/19,21,11944.3406456163,12210.2590299479,2478.56463785807,52.7037714089288,26685.8686382379,,,,,,
11/8/19,22,11448.9549583974,11800.1252923673,2350.93371922818,51.4359396623477,25651.4501440195,,,,,,
11/8/19,23,10744.1961165365,11093.8194444444,2171.19101426866,50.3043380906847,24059.5103759766,,,,,,
11/8/19,24,10110.5694835069,10332.344233941,1994.82776109484,49.180628751119,22486.9221066623,,,,,,
11/9/19,1,9653.54623372396,9781.04719726563,1921.93432685004,49.4769322797987,21406.0045507813,,,,,,
11/9/19,2,9318.48050021701,9364.25115451389,1837.46223727756,50.564082315233,20570.7578108724,,,,,,
11/9/19,3,9082.02944878472,9049.6245594618,1777.58277072483,52.0802519989014,19961.3169525825,,,,,,
11/9/19,4,8982.8666265191,8849.28818359375,1737.13840942383,54.7058332951864,19623.9989751519,,,,,,
11/9/19,5,9050.09427625868,8889.97285264757,1739.74149712457,60.8030371178521,19740.6117388238,,,,,,
11/9/19,6,9305.98159071181,9155.00639865451,1774.90803493924,65.8525010384454,20301.7485400391,,,,,,
11/9/19,7,9724.82231445313,9368.66129882812,1822.66430080838,70.1840535990397,20986.3320578342,,,,,,
11/9/19,8,10197.5760601128,9450.69361762153,1834.82224514431,66.9820522265964,21550.073952908,,,,,,
11/9/19,9,10269.6171668837,9545.8644140625,1824.17390760634,59.9835082287259,21699.6390364583,,,,,,
11/9/19,10,10242.0582400174,9761.73361219618,1831.11346869575,53.318287709554,21888.2236496311,,,,,,
11/9/19,11,10109.0601226128,10037.4655078125,1851.30761962891,48.117042749193,22045.9501969401,,,,,,
11/9/19,12,9859.05586480035,10374.786875,1898.10243381076,45.8535624440511,22177.7986930339,,,,,,
11/9/19,13,9813.86375759549,10762.771188151,1970.84381212023,45.4067801793416,22592.8855495877,,,,,,
11/9/19,14,9761.30054361979,11222.7374967448,2075.05274970161,46.1315275404188,23105.2224007161,,,,,,
11/9/19,15,10013.6514811198,11739.691422526,2237.07605821398,46.9122676467896,24037.3312038846,,,,,,
11/9/19,16,10328.128015408,12096.3739778646,2366.42900336372,48.6463172615899,24839.5774582248,,,,,,
11/9/19,17,11032.7988465712,12177.5942241753,2465.43902316623,51.5785371102227,25727.411484375,,,,,,
11/9/19,18,11815.1299175347,12469.2365755208,2618.6048687066,54.5804449335734,26957.5526161024,,,,,,
11/9/19,19,11788.9639670139,12161.962014974,2568.3356233724,53.7787585067749,26573.0413020833,,,,,,
11/9/19,20,11505.3409266493,11731.3964507378,2467.96506456163,53.6566877153185,25758.3598676215,,,,,,
11/9/19,21,11211.756468099,11334.0141655816,2374.66145372179,53.0560391743978,24973.4894080946,,,,,,
11/9/19,22,10802.3988845486,10878.7860763889,2271.7147132704,52.131518436008,24005.0321044922,,,,,,
11/9/19,23,10236.0929720052,10310.3804926215,2117.46552924262,50.5157542249892,22714.4549745009,,,,,,
11/9/19,24,9646.60770507812,9716.03462999132,1963.55371459961,50.3876045099894,21376.5836572266,,,,,,
11/10/19,1,9244.88706705729,9211.83359917535,1882.75839518229,50.5766425959269,20390.0559103733,,,,,,
11/10/19,2,9062.03892578125,8818.18904188368,1810.94121107313,52.0361306762695,19743.2052419705,,,,,,
11/10/19,3,9030.0433452691,8590.99088975694,1746.90791693793,54.272695672777,19422.2148497179,,,,,,
11/10/19,4,8930.59937934028,8454.03681423611,1716.042996148,57.2253890270657,19157.904656033,,,,,,
11/10/19,5,8976.38228407118,8424.7460687934,1691.77142808702,61.6152965503269,19154.5150135634,,,,,,
11/10/19,6,9148.92820638021,8575.11675130208,1738.61012573242,69.2219141557482,19531.8770822483,,,,,,
11/10/19,7,9507.60666232639,8584.08851779514,1796.57330064562,73.914301155938,19962.182749566,,,,,,
11/10/19,8,9942.52350043403,8591.4223828125,1775.79412068685,70.8043627675374,20380.5444455295,,,,,,
11/10/19,9,9938.36068033854,8665.94821397569,1722.53891126845,61.8709582138062,20388.7185400391,,,,,,
11/10/19,10,9673.00114800347,8694.0163812934,1643.07004557292,53.926347902086,20064.0138929579,,,,,,
11/10/19,11,9376.97481770833,8802.1430718316,1612.67336303711,47.769934747484,19839.5610972765,,,,,,
11/10/19,12,9222.0214203559,9008.99971028646,1607.18899115668,44.9670941755507,19883.1769523112,,,,,,
11/10/19,13,9303.06056640625,9308.42664279514,1670.35126695421,43.6918880589803,20325.5304801432,,,,,,
11/10/19,14,9534.44846788194,9724.99531467014,1780.7804800076,43.9186820729574,21084.1427883572,,,,,,
11/10/19,15,9707.0054155816,10130.3873654514,1935.95912177192,45.6998776372274,21819.051891276,,,,,,
11/10/19,16,10028.1258940972,10437.9633311632,2080.43400472005,47.661531507704,22594.1847466363,,,,,,
11/10/19,17,10763.7357562934,10875.9331673177,2278.9058460829,51.6367221450806,23970.2114605035,,,,,,
11/10/19,18,11685.555016276,11629.7338921441,2501.01064805773,56.9795917299059,25873.2790847439,,,,,,
11/10/19,19,11732.9182834201,11522.662953559,2482.49996690538,55.6418055809869,25793.7229389106,,,,,,
11/10/19,20,11471.9591894531,11252.2143185764,2411.11036783854,54.7460384326511,25190.0297775608,,,,,,
11/10/19,21,11167.4035861545,10923.4039702691,2314.8284906684,53.7011806827121,24459.3372629123,,,,,,
11/10/19,22,10670.0295826625,10519.2790977364,2203.63443171674,52.1330361501666,23445.0760425489,,,,,,
11/10/19,23,10034.1513530816,9981.11072048611,2053.32177503798,50.8295732710097,22119.4132921007,,,,,,
11/10/19,24,9654.00213650174,9398.4485687934,1904.51787177192,50.1171595467462,21007.08574273,,,,,,
11/11/19,1,9350.4697016059,8963.56324978299,1820.10889160156,50.2284656482273,20184.3705886502,,,,,,
11/11/19,2,9037.35450195312,8674.6360796441,1771.99649997287,51.1761463250054,19535.1635356988,,,,,,
11/11/19,3,8875.36874674479,8532.39154730903,1722.22918796115,53.1583947923448,19183.1480837674,,,,,,
11/11/19,4,8899.52473849826,8463.29133355035,1697.15344618056,55.847323650784,19115.8168847656,,,,,,
11/11/19,5,9134.58512478299,8669.96620876736,1737.81742078993,60.6563175794813,19603.0253944227,,,,,,
11/11/19,6,9411.70774631076,9192.7169672309,1873.07095689562,69.8640238613552,20547.3598849826,,,,,,
11/11/19,7,10114.9801703559,9671.8149717882,2012.55945217556,75.1381932237413,21874.4931222873,,,,,,
11/11/19,8,10623.9238400608,9996.61887152778,2079.870339898,69.8282932196723,22770.2414388021,,,,,,
11/11/19,9,10908.6391048177,10114.6548177083,2033.26746080187,61.0521191236708,23117.6134369575,,,,,,
11/11/19,10,10743.2507671441,10143.7285481771,1938.64172620985,54.0689461051093,22879.6898806424,,,,,,
11/11/19,11,10705.5182335069,10276.3188802083,1930.17514119466,48.5470234298706,22960.5592382813,,,,,,
11/11/19,12,10942.9945703125,10465.9659494358,1912.40035915799,46.6826698091295,23368.0434461806,,,,,,
11/11/19,13,10828.8243001302,10752.1369574653,1962.51198716905,45.9191606606378,23589.392398546,,,,,,
11/11/19,14,10916.7090136719,11115.0970670573,2068.9694003635,47.323246061537,24148.0987961155,,,,,,
11/11/19,15,11155.7952669271,11451.1346289062,2206.58558376736,48.6081260638767,24862.1234288194,,,,,,
11/11/19,16,11596.2698155382,11739.0623817274,2369.88635823568,49.9560476896498,25755.1747618273,,,,,,
11/11/19,17,12137.798608941,11970.4325119358,2527.90593424479,52.8154743236966,26688.9523969184,,,,,,
11/11/19,18,12909.0923459201,12610.3833778212,2743.34678900825,57.7356185531616,28320.5585687934,,,,,,
11/11/19,19,12806.1589203559,12381.6742990451,2674.8086062283,56.8461541239421,27919.4887532552,,,,,,
11/11/19,20,12390.4257367622,12036.5611892361,2564.88226453993,55.9188894483778,27047.788688151,,,,,,
11/11/19,21,11908.7836013455,11701.2863682726,2438.86347113715,53.9024321746826,26102.8357736545,,,,,,
11/11/19,22,11349.1909613715,11233.3032996962,2291.61219618056,51.8600141016642,24925.9663113064,,,,,,
11/11/19,23,10533.4919498698,10507.6488563368,2102.57853597005,50.0100388887194,23193.7293457031,,,,,,
11/11/19,24,9813.58212890625,9812.16786241319,1921.02764662001,48.3441845024957,21595.1217936198,,,,,,
11/12/19,1,9367.58712022569,9304.26260416667,1851.55193264431,48.0090965313382,20571.4106993273,,,,,,
11/12/19,2,9044.54691948785,8987.78021267361,1780.52686726888,48.7641878255208,19861.6181461589,,,,,,
11/12/19,3,8822.91150499132,8785.38930989583,1742.89956759983,50.5551958084106,19401.75558648,,,,,,
11/12/19,4,8796.07024739583,8723.19834309896,1715.4042848036,53.3386445024278,19288.0115402561,,,,,,
11/12/19,5,9041.02580078125,8974.60213541667,1772.50035725911,58.1882062784831,19846.3165364583,,,,,,
11/12/19,6,9683.43596028646,9522.03622829861,1925.21516086155,65.18908106486,21195.8762961154,,,,,,
11/12/19,7,10664.6194703269,10173.9090889167,2128.18775331519,73.1200866815074,23039.836304382,,,,,,
11/12/19,8,11145.6350770399,10480.9899989149,2191.66594401042,69.5228737725152,23887.8139653863,,,,,,
11/12/19,9,11271.5286393229,10417.5941189236,2156.21030517578,61.0295808029175,23906.3626182726,,,,,,
11/12/19,10,11359.0277723524,10429.1704340278,2025.54684366862,55.8661829164293,23869.6110329861,,,,,,
11/12/19,11,11250.041609158,10557.4976204427,1931.12761203342,51.0135128275553,23789.6801540799,,,,,,
11/12/19,12,11223.8824500868,10792.5144813368,1949.09086480035,49.770941942003,24015.2585454644,,,,,,
11/12/19,13,11317.6969097222,11116.5816851128,2012.70558905707,49.1586135949029,24496.1426871745,,,,,,
11/12/19,14,11560.9185405816,11545.7590071615,2148.40568739149,49.7939588970608,25304.8772021484,,,,,,
11/12/19,15,11472.4134982639,11858.6030815972,2305.97199625651,49.4628409364488,25686.4515218099,,,,,,
11/12/19,16,11621.5039203559,12051.6804275174,2446.35248263889,51.378292626275,26170.9149441189,,,,,,
11/12/19,17,12061.7345260959,12259.6165643989,2588.03501546224,54.8169191159142,26964.2033685981,,,,,,
11/12/19,18,12675.2637532552,12804.1743250868,2769.98777832031,58.0056754557292,28307.4316970486,,,,,,
11/12/19,19,12554.3152756076,12543.8704199219,2722.36588406033,57.448925819397,27878.0008723958,,,,,,
11/12/19,20,12238.3767447917,12176.6014040799,2615.24979085286,56.1833431201511,27086.4108843316,,,,,,
11/12/19,21,11807.8426226128,11753.5205023872,2494.79827663845,53.8876402918498,26110.0489637587,,,,,,
11/12/19,22,11201.8174500868,11277.2317838542,2344.44365315755,51.5036310577393,24874.9963682726,,,,,,
11/12/19,23,10405.9947957337,10592.3097717672,2147.5076730758,49.0556022329374,23194.8673534676,,,,,,
11/12/19,24,9930.13220811632,9867.87214518229,1956.81208658854,47.9692409133911,21802.7856863064,,,,,,
11/13/19,1,9573.43946397569,9341.5602734375,1876.35138793945,47.9196581988864,20839.2711745877,,,,,,
11/13/19,2,9279.55250868056,8979.12734049479,1802.40992702908,48.8249405034383,20109.9150775825,,,,,,
11/13/19,3,9089.3394813368,8743.97909071181,1746.87026448568,51.2483406999376,19631.4374083116,,,,,,
11/13/19,4,9047.40065429687,8698.66712131076,1731.1654820421,54.266870443556,19531.5003526476,,,,,,
11/13/19,5,9276.42439127604,8842.98890516493,1781.80626057943,60.1611570315891,19961.3808626302,,,,,,
11/13/19,6,9860.62019856771,9439.18511610243,1921.10647501628,67.6593586264716,21288.5712825521,,,,,,
11/13/19,7,10623.8729787858,10119.0519929344,2131.11807815205,74.2530098233877,22948.2963636677,,,,,,
11/13/19,8,11151.0681966146,10472.1151063368,2181.21286024306,70.190514026218,23874.5860649957,,,,,,
11/13/19,9,11321.9655349392,10519.6085167101,2066.42845445421,62.1821607589722,23970.1843836806,,,,,,
11/13/19,10,11071.9365136719,10544.7522667101,1968.42993218316,56.5588625250922,23641.6776193576,,,,,,
11/13/19,11,10747.3437619358,10656.381687283,2017.11090087891,51.9321531846788,23472.7685443793,,,,,,
11/13/19,12,11064.5663715278,10796.2666395399,2062.71162367079,47.2389582739936,23970.7836257595,,,,,,
11/13/19,13,11223.9538194444,11003.4545898438,2030.61019626194,45.8653561274211,24303.8842030165,,,,,,
11/13/19,14,11422.4854253472,11311.8660655382,2138.23713351779,50.8572667355008,24923.4457074653,,,,,,
11/13/19,15,11364.3862066002,11550.5878404983,2244.55168642224,51.8662541913233,25211.3917951785,,,,,,
11/13/19,16,11320.2809678819,11751.275796441,2401.82106933594,51.9713094626533,25525.3491943359,,,,,,
11/13/19,17,11812.179468316,11979.8833734809,2557.72940483941,54.728685921563,26404.5209109158,,,,,,
11/13/19,18,12558.848843316,12544.9083203125,2740.86269205729,57.9595250786675,27902.5794835069,,,,,,
11/13/19,19,12529.5645963542,12345.2656022135,2690.14397325304,57.6836441845364,27622.657609592,,,,,,
11/13/19,20,12212.0716916233,12005.167281901,2590.21634277344,57.0069542821248,26864.4618663194,,,,,,
11/13/19,21,11861.7417849392,11679.7632703993,2473.67694552951,55.4480027389526,26070.6297634549,,,,,,
11/13/19,22,11258.9998090278,11144.9160601128,2317.33992051866,53.496948568556,24774.7527951389,,,,,,
11/13/19,23,10484.226421441,10510.7568608941,2121.53952026367,51.1059437221951,23167.6282383898,,,,,,
11/13/19,24,9997.49001519097,9805.02220377604,1932.07158569336,49.8895736312866,21784.4736295573,,,,,,
11/14/19,1,9554.63766059028,9296.42854275174,1853.29350328233,49.7381828180949,20754.0980712891,,,,,,
11/14/19,2,9106.48532118055,8881.75305555555,1779.65991238064,50.5503959062364,19818.4489735243,,,,,,
11/14/19,3,9153.76863498264,8682.22526909722,1734.32278971354,52.2199813206991,19622.5368532986,,,,,,
11/14/19,4,9071.17249891493,8641.64939670139,1717.57756117079,54.6913803142971,19485.0910839844,,,,,,
11/14/19,5,9326.4419780816,8825.41991319444,1762.98796603733,59.466010216607,19974.3159684245,,,,,,
11/14/19,6,9715.14814236111,9429.89638020833,1909.63799967448,65.2778352355957,21119.9604616971,,,,,,
11/14/19,7,10709.737256189,10187.3730770528,2127.73812118888,72.6618960496967,23097.5103268536,,,,,,
11/14/19,8,11228.2339973958,10502.2187554253,2209.03450113932,71.4106187608507,24010.8979551866,,,,,,
11/14/19,9,11063.9572536892,10571.1568337674,2131.94184339735,66.687533370124,23833.7434092882,,,,,,
11/14/19,10,10787.5061165365,10571.6445920139,1981.86513481988,58.9227051501804,23399.9383083767,,,,,,
11/14/19,11,10622.3524934896,10550.7991362847,1933.24242214627,54.4509382205539,23160.8451519097,,,,,,
11/14/19,12,11001.6480924479,10682.5868793403,1926.8127738444,52.6682546318902,23663.7159613715,,,,,,
11/14/19,13,11100.1926193576,10876.6557009549,1990.04495727539,51.5323293219672,24018.4257747396,,,,,,
11/14/19,14,11078.7176302083,11111.1300585937,2112.86888699002,51.5955082829793,24354.3121761068,,,,,,
11/14/19,15,11281.1034233941,11288.1362011719,2221.4881266276,50.748070119222,24841.475930447,,,,,,
11/14/19,16,11465.3749641927,11489.1352875434,2366.73256971571,51.7261345799764,25372.9690608724,,,,,,
11/14/19,17,11884.8932845052,11779.297468533,2525.53168457031,54.6914518398709,26244.4134261068,,,,,,
11/14/19,18,12637.2619986979,12488.0895811632,2730.90113172743,58.5898087310791,27914.8430815972,,,,,,
11/14/19,19,12664.0668847656,12281.386140408,2694.75852593316,58.0585143280029,27698.2700911458,,,,,,
11/14/19,20,12351.1014876302,11959.8372417535,2601.93473714193,56.5745147662693,26969.448063151,,,,,,
11/14/19,21,11915.3430457899,11555.6949305556,2486.91456190321,54.3112075975206,26012.264202474,,,,,,
11/14/19,22,11247.0203851997,11010.4402983941,2330.98147705078,51.12026927948,24639.5622553168,,,,,,
11/14/19,23,10450.1275748698,10271.5863617622,2126.61409152561,47.6970538160536,22896.0252039931,,,,,,
11/14/19,24,9819.23527886285,9739.52865017361,1948.4490383572,45.2980348798964,21552.5111436632,,,,,,
11/15/19,1,9619.47414930556,9279.35998046875,1873.52433308919,43.9322485097249,20816.2909299045,,,,,,
11/15/19,2,9550.45267903646,8954.28386827257,1795.97339463976,43.5282355117798,20344.2383604601,,,,,,
11/15/19,3,9581.57148654514,8741.16403971354,1739.31738593207,44.9140084754096,20106.9671142578,,,,,,
11/15/19,4,9500.38132703993,8657.09558485243,1723.22942043728,47.1950185690986,19927.9017979601,,,,,,
11/15/19,5,9528.68746310764,8845.54887912326,1768.22356553819,50.9183545006646,20193.3783875868,,,,,,
11/15/19,6,9659.63157335069,9397.21792426215,1912.78741075304,57.5139742957221,21027.1508393012,,,,,,
11/15/19,7,10540.0771343316,10111.3748328993,2126.56716444227,63.4624864663018,22841.4813916016,,,,,,
11/15/19,8,11171.2912673611,10495.2869466146,2176.82647894965,60.2648384899563,23903.6697211372,,,,,,
11/15/19,9,11206.7385904948,10545.9230577257,2142.29652099609,53.6671768103705,23948.6253982205,,,,,,
11/15/19,10,10904.4147092014,10485.0004242622,2060.38160766602,49.2589950519138,23499.055852322,,,,,,
11/15/19,11,10657.4296375868,10521.7217567274,1989.96799302843,47.0258531909519,23216.145460612,,,,,,
11/15/19,12,10813.300686849,10570.7295073785,1928.30137627496,49.0416977055867,23361.3735525174,,,,,,
11/15/19,13,10815.2869921875,10716.5901161024,1962.74854234483,46.0524683083428,23540.6781423611,,,,,,
11/15/19,14,10958.2964105903,11054.8147395833,2070.99322658963,47.6496066368951,24131.7540304905,,,,,,
11/15/19,15,10905.3160451859,11163.812191473,2235.02384521118,49.1478544496774,24353.2999077352,,,,,,
11/15/19,16,11046.1671332465,11194.0310818142,2374.84215467665,49.6793443552653,24664.7198920356,,,,,,
11/15/19,17,11655.5266514757,11462.8849338108,2489.76578260634,52.0761997561985,25660.253125,,,,,,
11/15/19,18,12331.3863368056,12143.6885687934,2668.79596299913,56.0983835644192,27199.9695062934,,,,,,
11/15/19,19,12268.9174262153,11902.9107628038,2615.04853515625,55.2186399841309,26842.0956206597,,,,,,
11/15/19,20,11947.9136121962,11640.7809299045,2509.75964870877,54.1090311177572,26152.5636599392,,,,,,
11/15/19,21,11541.6108626302,11346.0008550347,2416.53762017144,52.4769032796224,25356.626515842,,,,,,
11/15/19,22,11055.0368489583,11012.2599012587,2306.76468098958,50.5777734798855,24424.6391997613,,,,,,
11/15/19,23,10400.6671028646,10425.3813986545,2130.35101548937,48.8532800759209,23005.2524386936,,,,,,
11/15/19,24,9744.113203125,9750.24710503472,1968.64167209201,47.4250538253784,21510.4271657986,,,,,,
11/16/19,1,9407.94907335069,9314.44461697049,1877.99562445747,47.0019821972317,20647.3915033637,,,,,,
11/16/19,2,9368.3262749566,9004.59079101563,1820.54232435438,47.6191795391507,20241.0788319227,,,,,,
11/16/19,3,9086.33830295139,8760.32511284722,1760.46438964844,49.4202920616998,19656.54824273,,,,,,
11/16/19,4,8947.32664713542,8638.36571506076,1727.06071234809,51.871750386556,19364.6248898655,,,,,,
11/16/19,5,8942.88851236979,8581.41181640625,1736.41030517578,56.8846695878771,19317.5952663845,,,,,,
11/16/19,6,9209.64481662326,8746.22227864583,1775.80215196398,62.5687575191922,19794.237874349,,,,,,
11/16/19,7,9575.26491427951,8937.02677517361,1839.44732286241,67.7397415839301,20419.4786246745,,,,,,
11/16/19,8,10038.8432356771,8975.43586697049,1855.79924031576,65.5037534501817,20935.5821695964,,,,,,
11/16/19,9,10122.8108767361,9009.35893880208,1842.98374389648,60.6423500061035,21035.7958468967,,,,,,
11/16/19,10,9976.15995768229,9015.00587673611,1765.40285020616,56.6021650441488,20813.170808648,,,,,,
11/16/19,11,9734.13424262153,9087.40335720486,1712.8645199924,53.7774483193292,20588.179487576,,,,,,
11/16/19,12,9543.92431749132,9203.36565863715,1713.77204467773,49.9287690565321,20510.9906762695,,,,,,
11/16/19,13,9555.24291124132,9387.8510264757,1768.34404947917,47.178305299547,20758.6161675347,,,,,,
11/16/19,14,9768.69484049479,9617.99771158854,1879.86151936849,47.2868905427721,21313.8408615451,,,,,,
11/16/19,15,10183.5343207465,9991.88140190972,2033.86557061089,47.6797271262275,22256.9608599175,,,,,,
11/16/19,16,10338.3439029948,10327.5560557726,2191.31622694227,49.3791743893094,22906.5953081597,,,,,,
11/16/19,17,10742.7883159722,10799.7396343316,2344.84860595703,51.6061323928833,23938.982749566,,,,,,
11/16/19,18,11568.1231032986,11488.7783506944,2542.98853922526,54.9170084635417,25654.8079871962,,,,,,
11/16/19,19,11529.5804253472,11347.410578342,2504.02238552517,53.3580221642388,25434.3723361545,,,,,,
11/16/19,20,11267.9148697917,11022.5448079427,2416.26965467665,51.6819897884793,24758.4110753038,,,,,,
11/16/19,21,10957.5862315538,10659.0350379774,2326.60183946398,50.3514354154799,23993.5743446181,,,,,,
11/16/19,22,10590.5313357205,10415.6204253472,2230.50148139106,49.1591349368625,23285.8120876736,,,,,,
11/16/19,23,10076.1856998698,10021.4798318142,2084.01476969401,47.656797557407,22229.3368999566,,,,,,
11/16/19,24,9518.58795247396,9578.73995551215,1932.45508205838,46.6420916408963,21076.4252294922,,,,,,
11/17/19,1,9092.31983072917,9129.08934244792,1846.65210272895,46.3255167473687,20114.3869325087,,,,,,
11/17/19,2,9039.17604600694,8848.80650065104,1798.85423706055,47.0021008639865,19733.8392089844,,,,,,
11/17/19,3,8878.87804361979,8618.61387912326,1734.25487196181,49.1577523888482,19280.9046782769,,,,,,
11/17/19,4,8783.20246744792,8493.248984375,1701.44271185981,51.1906677839491,19029.084921875,,,,,,
11/17/19,5,8803.14063693576,8487.7428016493,1683.65928900825,55.0554692543878,19029.5983832465,,,,,,
11/17/19,6,8984.29930881076,8625.75476888021,1731.03755927192,60.6033003658719,19401.6950211589,,,,,,
11/17/19,7,9330.96471354167,8726.60121419271,1767.24828504774,65.5497947904799,19890.3639643012,,,,,,
11/17/19,8,9674.1263422309,8616.24671332465,1781.73932332357,64.1294723976983,20136.2419417318,,,,,,
11/17/19,9,9682.13461588542,8714.46691840278,1730.39409559462,58.2966306516859,20185.2919881185,,,,,,
11/17/19,10,9437.04848307292,8857.04808376736,1691.10840454102,53.0533603117201,20038.2580913628,,,,,,
11/17/19,11,9273.52791992187,9189.37293185764,1704.89194661458,48.9362789493137,20216.7288647461,,,,,,
11/17/19,12,9241.97233940972,9519.83440755208,1747.68307359484,47.5535585403442,20557.0433930122,,,,,,
11/17/19,13,9313.29279947917,9934.78495442708,1844.6083477105,46.8971680577596,21139.5831043837,,,,,,
11/17/19,14,9565.51577799479,10435.3016644965,1994.74573947483,47.3230012173123,22042.886292589,,,,,,
11/17/19,15,10003.2236930982,10985.3283493048,2180.56232914164,48.0960011704284,23217.2102263202,,,,,,
11/17/19,16,10287.6389388021,11517.4967089844,2378.2948038737,49.7148677783542,24233.1451345486,,,,,,
11/17/19,17,10824.589860026,11921.176188151,2520.35497856988,52.5200152715047,25318.6413134766,,,,,,
11/17/19,18,11752.0906163194,12533.1120388455,2712.04744547526,57.051886261834,27054.3027137587,,,,,,
11/17/19,19,11723.483844401,12249.0513226997,2663.68609998915,56.07533844418,26692.2969476997,,,,,,
11/17/19,20,11433.0885590278,11853.7519021267,2552.25139838325,54.5269761149089,25893.619156901,,,,,,
11/17/19,21,11069.3559570313,11407.6814973958,2430.24109375,53.4414032533434,24960.7196104601,,,,,,
11/17/19,22,10513.7540711806,10934.122390408,2278.57896158854,51.4144700241089,23777.8698909505,,,,,,
11/17/19,23,9776.57138858733,10258.7380921252,2096.26603465285,49.3676108848601,22180.943628201,,,,,,
11/17/19,24,9133.72691080729,9595.51612630208,1920.91454888238,47.7900425211589,20697.9474571398,,,,,,
11/18/19,1,8743.63137912326,9141.51099826389,1845.61998467339,48.1374795659383,19778.8999598524,,,,,,
11/18/19,2,8765.41579318576,8865.49374023437,1779.65500881619,49.2040992863973,19459.7689756944,,,,,,
11/18/19,3,8656.55392686632,8703.75093641493,1724.57186808268,51.1966123199463,19136.0735948351,,,,,,
11/18/19,4,8685.81795247396,8651.82600585938,1706.31068196615,54.2707446755303,19098.2254866536,,,,,,
11/18/19,5,9000.73582248264,8936.01582682292,1756.49920274523,60.3558474010891,19753.6068267144,,,,,,
11/18/19,6,9719.85231011285,9735.66943033854,1917.64225802951,67.977030728658,21441.141008572,,,,,,
11/18/19,7,10588.2650542535,10568.09375,2117.61444864909,75.5962464904785,23349.5693956163,,,,,,
11/18/19,8,11175.7941829427,10934.9981966146,2196.41458997938,72.5425849914551,24379.7497249349,,,,,,
11/18/19,9,11025.1577886285,10987.9537847222,2165.11413058811,64.0467582999335,24242.2723795573,,,,,,
11/18/19,10,10903.5300423177,11182.5113704427,2169.15405843099,58.4159754223294,24313.6113248698,,,,,,
11/18/19,11,10734.826796875,11472.2706955295,2235.39951334635,56.5526636589898,24499.0493657769,,,,,,
11/18/19,12,10509.6266427951,11892.8910177951,2356.91410617405,53.0325624720256,24812.4645003255,,,,,,
11/18/19,13,10368.4467068142,12456.8868858507,2494.64995469835,52.3390032704671,25372.3227370877,,,,,,
11/18/19,14,10656.3734288194,13106.5788639323,2643.08018066406,49.8094816504584,26455.8417355686,,,,,,
11/18/19,15,11057.0845114382,13541.1634036036,2759.96712615677,49.1345803892175,27407.3494074978,,,,,,
11/18/19,16,11535.1469346788,13650.4271386719,2735.47026285807,52.0919985792372,27973.1362451172,,,,,,
11/18/19,17,12043.162453342,13609.1361903212,2772.3788821072,54.7191559558445,28479.3967740885,,,,,,
11/18/19,18,12759.6622981771,13926.4583376736,2918.9127476671,56.5158434465196,29661.5495345052,,,,,,
11/18/19,19,12682.6907769097,13486.7443174913,2839.62967041016,57.5383152431912,29066.6029546441,,,,,,
11/18/19,20,12350.3617881944,13033.1633637153,2713.26719726562,56.1859465535482,28152.9786447483,,,,,,
11/18/19,21,11839.0342795139,12537.5963845486,2573.41803738064,54.213809844123,27004.262953559,,,,,,
11/18/19,22,11169.7345095486,11934.7190071615,2393.33501383464,52.6010231653849,25550.3895979818,,,,,,
11/18/19,23,10409.1631976997,11082.0511523438,2183.5814054362,50.5844967354668,23725.3806130642,,,,,,
11/18/19,24,9725.97612087674,10273.9908789063,1986.29240532769,49.0785808690389,22035.3383881293,,,,,,
11/19/19,1,9295.16777126736,9650.28212239583,1891.60005805122,49.0084644487169,20886.0586675347,,,,,,
11/19/19,2,8984.45471462674,9245.97373046875,1807.97813517253,50.3838918601142,20088.7905767144,,,,,,
11/19/19,3,8820.43596679687,9005.49437825521,1753.50487006293,52.0077131228977,19631.4429985894,,,,,,
11/19/19,4,8770.39375759549,8924.48404730903,1729.39500895182,54.3423598946465,19478.6151898872,,,,,,
11/19/19,5,9036.60038953993,9105.90814778646,1770.14559950087,59.7730677498711,19972.4274050564,,,,,,
11/19/19,6,9741.61690863715,9862.58104817708,1921.01344143338,66.7118265830146,21591.9233083767,,,,,,
11/19/19,7,10805.0187901476,10783.3076551649,2143.09933322483,71.6334356265598,23803.0589876302,,,,,,
11/19/19,8,11329.6639518229,11112.3566037326,2214.33243977865,70.7835016208225,24727.1365353733,,,,,,
11/19/19,9,11116.9696289063,11262.6905598958,2216.12533203125,66.6959167098999,24662.4812939453,,,,,,
11/19/19,10,10730.5387760417,11490.4760405816,2243.44548746745,59.5442149649726,24524.0044607205,,,,,,
11/19/19,11,10436.2016948785,11734.2062890625,2311.12765218099,54.985827293396,24536.5216259766,,,,,,
11/19/19,12,10257.9215625,11813.8881673177,2420.53259521484,53.8900782733493,24546.2324864366,,,,,,
11/19/19,13,10328.7947677951,12022.6147417535,2463.58241400825,53.4354246563382,24868.4275645616,,,,,,
11/19/19,14,10549.1942404514,12273.9299544271,2595.52215874566,52.569592789544,25471.2159592014,,,,,,
11/19/19,15,10827.8411447483,12302.5718066406,2621.61844455295,52.1824590852526,25804.2138878038,,,,,,
11/19/19,16,11267.046687283,12297.4628125,2620.0909125434,52.8381022728814,26237.4385465495,,,,,,
11/19/19,17,11897.2415961372,12470.7221603733,2694.11191351997,55.3168634287516,27117.3922249349,,,,,,
11/19/19,18,12761.7919433594,13126.2174468316,2820.71436659071,58.6011746088664,28767.3250238715,,,,,,
11/19/19,19,12741.3910047743,12937.0646516927,2758.50759657118,57.5222567113241,28494.4858474392,,,,,,
11/19/19,20,12419.9082736545,12612.5779958767,2662.15038519965,56.4350757768419,27751.0720138889,,,,,,
11/19/19,21,12020.2623893229,12175.7349131944,2521.55683132596,54.6522461149428,26772.2068326823,,,,,,
11/19/19,22,11400.8641373698,11627.0069108073,2361.17244059245,51.5578196504381,25440.6014539931,,,,,,
11/19/19,23,10533.1145594618,10884.5759602865,2149.32383490668,48.0928546947903,23615.1075455729,,,,,,
11/19/19,24,9818.94792534722,10160.4280913628,1959.8791418457,45.8059539582994,21985.0612863498,,,,,,
11/20/19,1,9380.32390516493,9621.48644205729,1865.02102864583,44.102526389228,20910.9339133029,,,,,,
11/20/19,2,9056.13202799479,9304.96773220486,1796.91431911892,43.2285485967,20201.2427186415,,,,,,
11/20/19,3,8839.88447482639,9099.87027018229,1749.38353379991,43.2613821834988,19732.3999251302,,,,,,
11/20/19,4,8814.42764322917,8912.6254546441,1717.75987250434,44.2934126408895,19489.1064583333,,,,,,
11/20/19,5,9096.11573242187,9151.95197048611,1747.05315633138,48.1455032475789,20043.2663340929,,,,,,
11/20/19,6,9817.46042100694,9825.67707573785,1894.25685587565,52.5901671261258,21589.984586046,,,,,,
11/20/19,7,11021.4222732205,10634.8849750434,2101.98031100803,58.9072757466634,23817.1946815321,,,,,,
11/20/19,8,11584.7164290365,11064.2854611545,2241.40773708767,60.2914124170939,24950.7010329861,,,,,,
11/20/19,9,11423.5600672743,11170.8446028646,2272.74519992405,61.3378464296129,24928.487797309,,,,,,
11/20/19,10,11163.8969574653,11254.5255381944,2232.77063042535,60.5660694207086,24711.7592279731,,,,,,
11/20/19,11,10860.3811859809,11550.406577691,2091.20672132704,62.9196078830295,24564.9142285156,,,,,,
11/20/19,12,10614.5821875,11561.3049945747,2212.26611653646,61.6657268863254,24449.8191965061,,,,,,
11/20/19,13,10536.2071885851,11475.7420366753,2388.63283935547,59.5580623584323,24460.1402023655,,,,,,
11/20/19,14,10874.0671126302,11614.9803993056,2355.28455457899,57.6596652942234,24901.9917133247,,,,,,
11/20/19,15,11176.7536946615,11707.0120355903,2368.52176133898,56.2258973566691,25308.5133897569,,,,,,
11/20/19,16,11350.9393674045,11818.1702311198,2386.42664171007,56.3252959569295,25611.8615288628,,,,,,
11/20/19,17,11821.2722884115,12150.3275401476,2534.39003200955,61.7275166956584,26567.7174408637,,,,,,
11/20/19,18,12668.552906901,12830.698421224,2726.90677707248,67.7932869466146,28293.952249349,,,,,,
11/20/19,19,12654.5727256944,12694.3937597656,2685.20397867839,68.5426950158013,28102.7140646701,,,,,,
11/20/19,20,12381.7105479601,12501.0909071181,2599.36751546224,67.7957811567518,27549.9655078125,,,,,,
11/20/19,21,12010.8043934462,12199.2825054253,2492.55738850911,67.1343472544352,26769.7784559462,,,,,,
11/20/19,22,11463.3834960937,11733.9555902778,2349.42389838325,64.1607977422078,25610.9243473307,,,,,,
11/20/19,23,10586.6743739149,10964.6067588976,2139.29274414063,60.5750051879883,23751.1489491102,,,,,,
11/20/19,24,9868.60896592882,10201.3940201823,1935.5708843316,58.0287602827284,22063.6026790365,,,,,,
11/21/19,1,9403.98034939236,9678.59991644965,1860.69943183051,56.3775036917792,20999.6571679687,,,,,,
11/21/19,2,9106.6789203559,9343.98833984375,1774.40122070313,56.7707850435045,20281.8392963325,,,,,,
11/21/19,3,8909.18137695313,9151.60621961806,1729.88471123589,57.4874516211616,19848.1598453776,,,,,,
11/21/19,4,8884.62770616319,9111.42655056424,1711.75568060981,58.2260493554009,19766.0360514323,,,,,,
11/21/19,5,9171.78396809896,9365.98070638021,1749.90966118707,61.4905255466037,20349.1649462891,,,,,,
11/21/19,6,9841.57790690104,10047.2498003472,1893.15127373589,67.0494974475437,21849.0284716797,,,,,,
11/21/19,7,10954.3991189236,10966.8003179253,2132.39178955078,73.0682347869873,24126.6594585503,,,,,,
11/21/19,8,11463.3134646267,11327.5729329427,2206.38865749783,70.8922284528944,25068.1671918403,,,,,,
11/21/19,9,11251.8867458767,11243.6306054688,2129.2711593967,73.1046117740207,24697.8930457899,,,,,,
11/21/19,10,10825.8545334201,10936.9593348524,2092.67044487847,72.6992904493544,23928.1833666992,,,,,,
11/21/19,11,10405.212047526,10845.5548578559,2172.78303765191,69.5374045986599,23493.0872664388,,,,,,
11/21/19,12,10216.4330371094,10903.8566265191,2067.46575832791,64.2822391976251,23252.0375881619,,,,,,
11/21/19,13,10367.7738411458,11052.0222634549,2017.60651787652,61.5028918965658,23498.9055211046,,,,,,
11/21/19,14,10556.892609592,11195.4764257812,2073.91138319227,60.5536732228597,23886.8340565321,,,,,,
11/21/19,15,10489.8621484375,11335.2058051215,2114.35058403863,58.0248061031765,23997.443266059,,,,,,
11/21/19,16,11035.5129047309,11538.1757443576,2226.13717773438,60.9863647800022,24860.8121191406,,,,,,
11/21/19,17,11727.1306790909,12008.7604335153,2437.91343118718,66.9563739495675,26240.7607354955,,,,,,
11/21/19,18,12509.5661859809,12828.4822222222,2673.18576605903,72.3750676727295,28083.6099224175,,,,,,
11/21/19,19,12539.9683387587,12723.4582877604,2640.71555365668,72.1083980390761,27976.251391059,,,,,,
11/21/19,20,12402.7665625,12423.4364084201,2552.96888699002,72.4563271925184,27451.6284016927,,,,,,
11/21/19,21,12067.0112391493,12137.6431825087,2450.83861409505,71.4774579789903,26726.9708203125,,,,,,
11/21/19,22,11565.5839518229,11676.6676605903,2301.20314724392,68.9208396996392,25612.3754242622,,,,,,
11/21/19,23,10726.5037586806,10931.9520692274,2118.91814751519,65.7397589068943,23843.1138389757,,,,,,
11/21/19,24,10001.9341102431,10203.6571766493,1947.35047363281,64.2530167092217,22217.1948296441,,,,,,
11/22/19,1,9603.71585611979,9725.47010959201,1855.68572089301,64.006479487949,21248.8781309679,,,,,,
11/22/19,2,9267.75439127604,9403.10106987847,1791.89749389648,64.4489319907294,20527.2019140625,,,,,,
11/22/19,3,9298.24365017361,9199.42528103299,1740.1767445204,66.4410900200738,20304.2868923611,,,,,,
11/22/19,4,9420.60808376736,9156.24573893229,1720.3342191569,68.949860297309,20366.137922092,,,,,,
11/22/19,5,9524.99586697049,9348.92368923611,1767.90673597548,73.9559763760037,20715.7824142795,,,,,,
11/22/19,6,10058.2610416667,10024.5734711372,1918.74929131402,81.1504002719455,22082.7342176649,,,,,,
11/22/19,7,11221.7951215278,10977.9030685764,2145.71619737413,88.2102454206679,24433.62464898,,,,,,
11/22/19,8,11733.5814116753,11203.5218326823,2129.65502427843,85.7719692908393,25152.5303423394,,,,,,
11/22/19,9,11363.9327690972,11045.7705295139,2016.11193400065,75.3321759117974,24501.1472417535,,,,,,
11/22/19,10,10909.9017393663,10830.0495616319,1931.53745768229,66.2567768478394,23737.7454286024,,,,,,
11/22/19,11,10605.408562283,10712.4200813802,1862.29736504449,59.0887634150187,23239.2144688585,,,,,,
11/22/19,12,10577.9179416233,10674.5792599826,1831.64609632704,54.047278175354,23138.1904730903,,,,,,
11/22/19,13,10444.645405816,10676.7334874132,1888.35169067383,51.5209795294868,23061.2514881727,,,,,,
11/22/19,14,10616.6094444444,10926.8151269531,2011.6075640191,49.4107985390557,23604.4427861871,,,,,,
11/22/19,15,10586.637124566,11018.076859809,2120.20693996853,48.939665306939,23773.8606271701,,,,,,
11/22/19,16,11062.7983485243,11384.590749783,2240.63412407769,51.0317716301812,24739.0548681641,,,,,,
11/22/19,17,11712.2278667535,11955.8562467448,2448.75439317491,57.2768435033162,26174.1149831814,,,,,,
11/22/19,18,12509.1112424045,12635.3268055556,2634.52289089627,63.4711682637533,27842.4316438802,,,,,,
11/22/19,19,12391.7970128038,12456.0559743924,2592.43753689236,64.6854280005561,27504.9752918837,,,,,,
11/22/19,20,12104.4810492622,12106.1510047743,2504.11909912109,65.2386079491509,26779.9897558594,,,,,,
11/22/19,21,11747.6924696181,11823.9154459635,2414.83909261068,65.9553590138753,26052.4029806858,,,,,,
11/22/19,22,11270.6969325087,11457.6983875868,2294.68327419705,65.1084184816148,25088.1873502604,,,,,,
11/22/19,23,10591.7192610677,10848.7141677517,2127.89351345486,63.5994901190864,23631.9270399306,,,,,,
11/22/19,24,10007.2443370226,10174.3903960503,1966.72209201389,62.764214875963,22211.1216270616,,,,,,
11/23/19,1,9636.82626519097,9658.47914171007,1896.18063964844,62.8500927480062,21254.3362684462,,,,,,
11/23/19,2,9309.83801866319,9301.34136501736,1817.26128838433,63.7947170342339,20492.2356060113,,,,,,
11/23/19,3,9082.51802842882,9050.25156467014,1751.19914157444,66.1490754487779,19950.117711046,,,,,,
11/23/19,4,9005.77629340278,8951.90578450521,1720.29989556207,68.6620995330811,19746.6439122179,,,,,,
11/23/19,5,9053.13842230903,9058.85579210069,1756.8376828342,73.3242297702365,19942.1562093099,,,,,,
11/23/19,6,9356.73750434028,9285.97704644097,1792.5123570421,79.3426542494032,20514.5694943576,,,,,,
11/23/19,7,9844.83184895833,9608.8556391059,1875.69118259006,85.554573135376,21414.9331212023,,,,,,
11/23/19,8,10127.1283506944,9637.89035481771,1902.99530314128,84.7786979844835,21752.7927897135,,,,,,
11/23/19,9,10030.0538856337,9637.03432725694,1858.28758856879,77.278322168986,21602.6539171007,,,,,,
11/23/19,10,9746.61735134549,9560.27828993055,1766.8448421224,67.3558123948839,21141.0961501736,,,,,,
11/23/19,11,9400.05023871528,9490.54439887153,1641.74500800239,59.3546857621935,20591.6942404514,,,,,,
11/23/19,12,9217.50348415799,9449.61641276042,1617.1850914171,53.6592050806681,20337.9642144097,,,,,,
11/23/19,13,9624.78874674479,9437.70705512153,1644.08921359592,50.3175040223863,20756.9024093967,,,,,,
11/23/19,14,9590.48771592882,9506.06950520833,1717.08859781901,48.1759867562188,20861.8215662977,,,,,,
11/23/19,15,9721.13838758681,9665.28703559028,1856.44080891927,48.0238007269965,21290.8898231337,,,,,,
11/23/19,16,10115.8830088976,10068.8628146701,2035.47892442491,49.7302907138401,22269.9548990885,,,,,,
11/23/19,17,10862.7079144965,10740.2690972222,2247.62025309245,56.2071433724297,23906.8044775391,,,,,,
11/23/19,18,11712.897125651,11580.5576638455,2475.7541672092,62.7229651726617,25831.9319921875,,,,,,
11/23/19,19,11708.9208832465,11497.9997612847,2451.37024386936,64.0227688386705,25722.3133246528,,,,,,
11/23/19,20,11469.6114952257,11381.5798730469,2379.54598714193,65.0032188330756,25295.7408452691,,,,,,
11/23/19,21,11215.4248448351,11096.3314181858,2302.16554416233,65.0858262507121,24679.0080957031,,,,,,
11/23/19,22,10815.9448025174,10771.3618695747,2206.80663004557,64.5981473286947,23858.7108387587,,,,,,
11/23/19,23,10228.4906163194,10261.2511046007,2057.88670898438,63.8447841601902,22611.4731846788,,,,,,
11/23/19,24,9618.20835611979,9705.01490017361,1912.30291924371,63.4859867562188,21299.0128038194,,,,,,
11/24/19,1,9331.7399750434,9521.39669162326,1845.83564453125,64.289037153456,20763.261593967,,,,,,
11/24/19,2,9259.94864040799,9256.34899739583,1767.7565250651,65.1793938657973,20349.2338465712,,,,,,
11/24/19,3,9049.39218315972,9026.49072265625,1722.0286598036,67.7704422420926,19865.6825868056,,,,,,
11/24/19,4,8969.21792100694,8938.51461046007,1695.1795844184,70.9530342780219,19673.8652430556,,,,,,
11/24/19,5,9010.79887912326,8971.2511469184,1699.38156968859,75.3248961554633,19756.7569704861,,,,,,
11/24/19,6,9243.56676540799,9085.48033962674,1733.10765150282,81.8760331047906,20144.0306325955,,,,,,
11/24/19,7,9647.47097873264,9034.45215494792,1796.20945963542,89.0128441280789,20567.145515408,,,,,,
11/24/19,8,9863.10017252604,9022.32611328125,1824.03399237739,86.9922609710693,20796.4523665365,,,,,,
11/24/19,9,9881.49746310764,8968.13546983507,1728.04333848741,77.1934763929579,20654.8698160807,,,,,,
11/24/19,10,9737.30278428819,8820.92543185764,1622.47969807943,67.2430099105835,20247.9509928385,,,,,,
11/24/19,11,9419.30476996528,8712.03281467014,1548.02292100694,58.8573975838555,19738.2175689019,,,,,,
11/24/19,12,9266.71169813368,8690.87696180556,1519.16002007378,53.798727968004,19530.5469357639,,,,,,
11/24/19,13,9293.90601671007,8805.97448459201,1546.44499145508,50.6659177101983,19696.9913541667,,,,,,
11/24/19,14,9375.45241102431,8957.81944227431,1638.06566311306,48.8169781451755,20020.1543082682,,,,,,
11/24/19,15,9497.29482096354,9306.82135633681,1805.19025919596,48.3425911543104,20657.6488606771,,,,,,
11/24/19,16,10080.5284082031,9774.09828016493,2012.97062811957,50.4610519833035,21918.0585720486,,,,,,
11/24/19,17,10736.0384505208,10497.0030740017,2244.44126763238,57.4504403898451,23534.9329459635,,,,,,
11/24/19,18,11710.9087521701,11433.9824034288,2504.31662136502,64.680994720459,25713.8890527344,,,,,,
11/24/19,19,11746.3141286892,11358.4305045573,2485.09533772786,66.2867720370822,25656.1264811198,,,,,,
11/24/19,20,11557.5781738281,11108.7222786458,2423.89863905165,67.7478339216444,25157.9469108073,,,,,,
11/24/19,21,11253.1440093316,10896.4266753472,2326.19112331814,68.3549943118625,24544.1167545573,,,,,,
11/24/19,22,10769.8123361545,10608.265187717,2213.78194851346,67.8409096611871,23659.7002940538,,,,,,
11/24/19,23,10098.0865983073,9922.66877278646,2055.95871310764,66.4811511654324,22143.1956228299,,,,,,
11/24/19,24,9696.02158203125,9208.7522124566,1883.6636714681,65.185585132175,20853.6230566406,,,,,,
11/25/19,1,9384.51559353299,8860.44699761285,1804.54779513889,66.1337266794841,20115.6443033854,,,,,,
11/25/19,2,9138.18762912326,8755.57961371528,1803.64086873372,67.938162121243,19765.3463682726,,,,,,
11/25/19,3,9005.4195952691,8522.97619249132,1750.80385009766,70.600758488973,19349.8004269748,,,,,,
11/25/19,4,9047.609140625,8584.31870117187,1744.89942342122,73.8644447157118,19450.6917637804,,,,,,
11/25/19,5,9374.34202365451,8858.885625,1768.75345540365,80.6801818423801,20082.6618636068,,,,,,
11/25/19,6,9956.32945203993,9658.0007421875,1931.00919745551,89.7478233252631,21635.0880419922,,,,,,
11/25/19,7,10849.0573003472,10440.5177354601,2133.02720350477,99.6223747338189,23522.2249121094,,,,,,
11/25/19,8,11388.4487717014,10667.1646625434,2230.93262912326,96.7158206091987,24383.2619173177,,,,,,
11/25/19,9,11234.8954383681,10680.2597721354,2148.92361382378,85.0505875905355,24149.1291848416,,,,,,
11/25/19,10,11160.2497775608,10523.225016276,1978.9549854872,73.5720398627387,23736.001598036,,,,,,
11/25/19,11,10882.1046701389,10422.1966742622,1868.43142184787,66.7780302937825,23239.5105292426,,,,,,
11/25/19,12,10708.3610753038,10257.1536480035,1870.56227606879,63.2336855994331,22899.3106041124,,,,,,
11/25/19,13,10769.7084125434,10316.1807063802,1916.13000962999,62.9487672509087,23064.9675610352,,,,,,
11/25/19,14,10929.4110601128,10515.6995030382,1976.74515516493,63.9047345903185,23485.7603000217,,,,,,
11/25/19,15,11067.1694021267,10816.2453884549,2123.60079345703,64.1024839231703,24071.1178293186,,,,,,
11/25/19,16,11200.0716710069,11164.2105013021,2288.65095757378,67.4483388604058,24720.381336263,,,,,,
11/25/19,17,11906.4969249132,11663.5987000868,2498.92990370009,77.5378535885281,26146.5633968099,,,,,,
11/25/19,18,12858.4382042101,12469.7258116319,2743.50269721137,84.8600433180067,28156.5273155382,,,,,,
11/25/19,19,12876.7157584635,12344.266234809,2696.64995334201,85.4369600847032,28003.0687749566,,,,,,
11/25/19,20,12611.2715136719,12106.6032096354,2609.95317355686,85.8392482757568,27413.6674750434,,,,,,
11/25/19,21,12289.8764767795,11878.6654036458,2494.381613227,84.1348953501384,26747.0587076823,,,,,,
11/25/19,22,11701.1240614149,11454.7803548177,2354.02273681641,81.2093368191189,25591.1370524089,,,,,,
11/25/19,23,10857.885265842,10690.9344487847,2149.97133314345,77.4688866594103,23776.2600927734,,,,,,
11/25/19,24,10121.0245095486,9922.62627604167,1965.76159233941,74.9830451626248,22084.395570204,,,,,,
11/26/19,1,9648.43567708333,9500.45780707465,1891.6514046224,74.8077193874783,21115.3528841146,,,,,,
11/26/19,2,9319.76576605903,9298.89806315104,1810.41853746202,75.1327822197808,20504.215422092,,,,,,
11/26/19,3,9146.43597222222,9142.33914605035,1763.25950100369,77.0330331420898,20129.0678667535,,,,,,
11/26/19,4,9146.19649414063,9115.49236979167,1747.53034654405,79.7775019836426,20088.9969118924,,,,,,
11/26/19,5,9427.77471788194,9372.02047309028,1804.29413574219,85.1290969679091,20689.218766276,,,,,,
11/26/19,6,10120.3076041667,10039.1967545573,1943.90267618815,92.0133801693386,22195.4206054687,,,,,,
11/26/19,7,11163.378889974,10748.8349555122,2148.66563693576,100.318051503499,24161.197664388,,,,,,
11/26/19,8,11680.1816015625,10981.9736490885,2190.04728732639,96.5094365861681,24948.7119639757,,,,,,
11/26/19,9,11552.2761273872,10857.2517881944,2073.5359765625,86.5511871592204,24569.6150428602,,,,,,
11/26/19,10,11524.5902604167,10701.3346451823,1932.00511867947,78.4566512891981,24236.3865863715,,,,,,
11/26/19,11,11628.1234559462,10599.3875520833,1846.03764946832,72.4025989871555,24145.9511762153,,,,,,
11/26/19,12,11822.7205501302,10596.8931152344,1810.79041693793,65.9533656099107,24296.3574430339,,,,,,
11/26/19,13,11919.0507562934,10728.0113878038,1840.87399997287,63.3657887013753,24551.3019580078,,,,,,
11/26/19,14,12100.903530816,10856.5239800347,1923.47194675022,61.0386003070407,24941.9379649523,,,,,,
11/26/19,15,12193.3979318576,11125.5957986111,2149.27696099175,62.5836087544759,25530.8540934245,,,,,,
11/26/19,16,12384.9834049479,11327.4944303385,2228.32542453342,64.7523222986857,26005.5557628038,,,,,,
11/26/19,17,12901.8527897135,11879.8766145833,2417.40457872179,74.4990463511149,27273.6329931641,,,,,,
11/26/19,18,13510.7162521701,12614.4253385417,2660.14050130208,82.7826394229465,28868.0654633247,,,,,,
11/26/19,19,13440.7590451389,12538.7320562066,2648.99109049479,84.9640951792399,28713.4476019965,,,,,,
11/26/19,20,13160.3077983941,12392.8513107639,2593.87148166233,85.0916076660156,28232.1226953125,,,,,,
11/26/19,21,12660.5461762153,12102.0664800347,2481.39878933377,84.2601087188721,27328.2731076389,,,,,,
11/26/19,22,11994.5461653646,11604.6743467882,2344.66956000434,80.6713557349311,26024.5624717882,,,,,,
11/26/19,23,11148.3809874132,10902.3909082031,2146.84950236003,76.5245276472304,24274.1466373698,,,,,,
11/26/19,24,10363.6647276476,10205.5381022135,1982.06739990234,74.2725583648682,22625.5434163411,,,,,,
11/27/19,1,9824.54967556424,9628.4847515191,1904.28566921658,72.2660243479411,21429.5867469618,,,,,,
11/27/19,2,9454.18587890625,9285.33486111111,1819.64459662543,70.0325343153212,20629.1981130642,,,,,,
11/27/19,3,9226.83155164931,9076.47265842014,1815.95490166558,70.4438855573866,20189.7034168837,,,,,,
11/27/19,4,9233.96091362847,9029.95625759549,1784.58367987739,71.5700331454807,20120.071257053,,,,,,
11/27/19,5,9453.59807617187,9266.10351453993,1827.17225789388,75.935436308119,20622.8094894748,,,,,,
11/27/19,6,10097.7651692708,9931.25488498264,1926.75635403103,81.5800012800429,22037.3564550781,,,,,,
11/27/19,7,11018.7455295139,10707.9884136285,2110.2592594401,86.4155239613851,23923.4084163411,,,,,,
11/27/19,8,11661.3238226997,11151.3677452257,2207.6694398329,88.0686857944065,25108.4295795356,,,,,,
11/27/19,9,11873.1119802517,11554.1593630642,2158.89737440321,87.0208642917209,25673.189414605,,,,,,
11/27/19,10,11662.7103624132,11887.8285329861,2094.90871717665,85.8065031517877,25731.2541004774,,,,,,
11/27/19,11,11574.0924001736,11960.4470659722,2058.14501627604,85.3204951816135,25678.0045741102,,,,,,
11/27/19,12,11230.0812803819,11908.2344542101,2174.02092881944,83.7293010542128,25396.0659830729,,,,,,
11/27/19,13,11164.7272905816,11852.5983572049,2320.00946614583,83.1508385891385,25420.4862217882,,,,,,
11/27/19,14,11234.3334201389,11763.9074576823,2389.85086398654,83.9337934790717,25472.0261442057,,,,,,
11/27/19,15,11313.8797591146,11533.4447873264,2441.4971742079,86.3994959767659,25375.2211550564,,,,,,
11/27/19,16,11664.0877951389,11502.9925238715,2479.60513346354,90.2076850297716,25736.8935845269,,,,,,
11/27/19,17,12413.9734776476,11948.1088378906,2592.48369303385,93.5107856496175,27048.0777381727,,,,,,
11/27/19,18,13105.1815212674,12699.9400922309,2747.29194742839,96.2795055389404,28648.6942664931,,,,,,
11/27/19,19,13010.6644205729,12614.1467686632,2685.80709147135,94.2394454023573,28404.8580989583,,,,,,
11/27/19,20,12744.7806792535,12416.5736610243,2600.46878960503,91.673103129069,27853.4973741319,,,,,,
11/27/19,21,12406.7773676215,12165.4788563368,2526.49952989366,88.6828919389513,27187.4390505642,,,,,,
11/27/19,22,11927.1023198785,11737.0385297309,2411.36124376085,84.2412953440348,26159.7436078559,,,,,,
11/27/19,23,11138.6712293837,11055.5752734375,2208.7881648763,80.1527133772108,24483.1877680122,,,,,,
11/27/19,24,10368.1952376302,10307.4843967014,2032.53328111437,76.6316802808974,22784.844968533,,,,,,
11/28/19,1,9900.85689236111,9777.20185763889,1957.70854668511,74.9579228634304,21710.7252039931,,,,,,
11/28/19,2,9643.45787434896,9373.91163953993,1872.53658487956,75.0987715403239,20965.0053200955,,,,,,
11/28/19,3,9537.64123480903,9111.02309353299,1815.68750854492,75.9592866346571,20540.3116715495,,,,,,
11/28/19,4,9425.78894097222,8987.51234049479,1782.62040011936,77.8434584214952,20273.7651231554,,,,,,
11/28/19,5,9505.97132486979,8995.32154513889,1782.41762057834,82.4283401489258,20366.1390625,,,,,,
11/28/19,6,9757.87641059028,9206.14348741319,1830.67228068034,88.6122325049506,20883.3049180773,,,,,,
11/28/19,7,10213.4712608507,9530.04738064236,1917.71752183702,96.2339848242866,21757.4702240668,,,,,,
11/28/19,8,10323.2710373264,9876.20839192708,2012.30275417752,96.1360624101427,22307.9188997396,,,,,,
11/28/19,9,10637.6751453993,10467.5445019531,2063.98475585938,92.8235305955675,23262.027750651,,,,,,
11/28/19,10,10673.923296441,10867.3110188802,2214.4117070855,84.8998953755697,23840.5458040365,,,,,,
11/28/19,11,10569.7939550781,11074.2592447917,2472.60721679688,79.8952907223172,24196.5554150391,,,,,,
11/28/19,12,10449.5538183594,11318.0501540799,2642.10071451823,81.5394112650553,24491.2437668186,,,,,,
11/28/19,13,10571.849858941,11460.2054611545,2651.83149251302,83.0844764116075,24766.9715874566,,,,,,
11/28/19,14,10442.500202908,11204.0611067708,2615.18668755425,85.6560830603705,24347.4042773438,,,,,,
11/28/19,15,10384.8155219184,10885.7911697049,2536.20900689019,86.6035654025608,23893.4194184028,,,,,,
11/28/19,16,10540.7718977865,10783.3886154514,2468.38716878255,87.8632163408067,23880.4117214627,,,,,,
11/28/19,17,10916.6657855903,10985.0182703993,2437.15417914497,90.5664316134983,24429.4055772569,,,,,,
11/28/19,18,11194.8542621528,11202.6044249132,2480.62225911458,91.6962349022759,24969.7783344184,,,,,,
11/28/19,19,11001.1670692274,11014.4467100694,2388.77120686849,91.0320067596436,24495.4183355035,,,,,,
11/28/19,20,10883.6149457465,10932.437672526,2356.42459879557,89.1334158833822,24261.6117198351,,,,,,
11/28/19,21,10835.1689735243,10913.9416362847,2319.76720648872,87.3479081302219,24156.2266493056,,,,,,
11/28/19,22,10682.9392437066,10698.4542089844,2263.44108506944,83.9964221191406,23728.8315445964,,,,,,
11/28/19,23,10459.8256293403,10299.3594607205,2146.89756239149,80.6150351460775,22986.6978689236,,,,,,
11/28/19,24,10184.6751204427,9847.64988606771,2011.91197441949,78.2835051557753,22122.5211539714,,,,,,
11/29/19,1,9837.40426540799,9427.66505750868,1950.45993041992,76.6292024824354,21292.1591861979,,,,,,
11/29/19,2,9528.25102430555,9078.82601236979,1917.72367933485,76.1815545315213,20600.9826860894,,,,,,
11/29/19,3,9365.46722330729,8908.06326931424,1866.45908162435,77.0205004204644,20217.0100922309,,,,,,
11/29/19,4,9320.7199077691,8819.91788519965,1852.04535576714,77.7535977681478,20070.4368543837,,,,,,
11/29/19,5,9516.18463107639,8934.78800564236,1894.88452541775,81.1816161855062,20427.0388552517,,,,,,
11/29/19,6,9966.70601996528,9218.70471354167,1959.1636730957,85.0131044684516,21229.5877913411,,,,,,
11/29/19,7,10545.9799652778,9661.10420355903,2037.26777954102,89.4873010847304,22333.8391167535,,,,,,
11/29/19,8,10547.0069498698,9860.39013454861,2141.66539930556,91.4590432993571,22640.5213037109,,,,,,
11/29/19,9,10381.0426920573,9822.65096354167,2129.49455769857,89.2612420569526,22422.449590115,,,,,,
11/29/19,10,10184.2376269531,9420.69287977431,2162.13683037652,89.5121034325494,21856.5793728299,,,,,,
11/29/19,11,10170.2803385417,9290.59841145833,1976.73613755968,87.3158867899577,21524.9307280816,,,,,,
11/29/19,12,10094.7759320747,9242.687578125,1939.47854234483,85.6022816636827,21362.544453125,,,,,,
11/29/19,13,10129.707327474,9145.48697157118,1865.93260172526,80.8166150156657,21221.9435077582,,,,,,
11/29/19,14,10354.1676356337,9273.5803656684,1985.7668246799,76.1392687649197,21689.6540755208,,,,,,
11/29/19,15,10257.8030284288,9534.54232313368,2108.48379503038,76.409664900038,21977.238758138,,,,,,
11/29/19,16,10611.5970399306,9925.0427734375,2160.53499240451,76.0887881808811,22773.2635042318,,,,,,
11/29/19,17,11477.3537988281,10822.5702376302,2383.88099934896,82.3285239664714,24766.1333789063,,,,,,
11/29/19,18,12338.9392762587,11864.9012282986,2616.82306260851,86.905235265096,26907.5686328125,,,,,,
11/29/19,19,12349.3557085503,11900.6142458767,2605.61149929471,88.5712126159668,26944.1520670573,,,,,,
11/29/19,20,12176.3957996962,11811.9857421875,2556.02316270616,90.94744237264,26635.3513780382,,,,,,
11/29/19,21,11999.8387879774,11642.7523090278,2491.27638292101,91.615017996894,26225.482483724,,,,,,
11/29/19,22,11669.9027170139,11325.262077908,2413.82402398003,89.8570078277588,25498.8451909722,,,,,,
11/29/19,23,11075.0239203559,10689.5979123264,2234.40060953776,86.5257158576118,24085.548171658,,,,,,
11/29/19,24,10419.8153624132,10127.7627039931,2084.51661933051,84.9251097022163,22717.0203727214,,,,,,
11/30/19,1,10016.2227484809,9639.67675238715,2003.26302490234,84.7876512061225,21743.9505528429,,,,,,
11/30/19,2,9812.02023546007,9346.2877842882,1931.57741604275,86.2413498602973,21176.1270909288,,,,,,
11/30/19,3,9598.15434895833,9084.29045898437,1875.35054117839,89.3070665486654,20647.1027435981,,,,,,
11/30/19,4,9495.7849359809,9009.87098524305,1854.60434122721,93.1938995954725,20453.4550987413,,,,,,
11/30/19,5,9561.79641276042,9096.80254123264,1873.01314168294,98.758299407959,20630.3703125,,,,,,
11/30/19,6,9821.1930327691,9372.92395399305,1889.51301269531,104.521948521932,21188.1524755859,,,,,,
11/30/19,7,10272.9876540799,9575.54472873264,1964.95262763129,112.452289564345,21925.9381260851,,,,,,
11/30/19,8,10352.2891851128,9625.56965386285,1983.57002604167,110.057244652642,22071.4859478082,,,,,,
11/30/19,9,10758.1743891059,9699.79646050347,1882.2715633138,100.168947270711,22440.4112559679,,,,,,
11/30/19,10,11211.2880848524,9759.95265625,1868.81653374566,90.1245879024929,22930.1817051866,,,,,,
11/30/19,11,11492.4629665799,9893.65478407118,1846.45761827257,79.9663008202447,23312.5415652127,,,,,,
11/30/19,12,11706.6477126736,9480.91027560764,1648.37015340169,71.8602010091146,22907.7884440104,,,,,,
11/30/19,13,11784.2706521267,9725.25305121528,1777.36102145725,66.2025040562948,23353.0870968967,,,,,,
11/30/19,14,11786.7893315972,9981.15561414931,1934.10657850477,65.9597080866496,23768.0111534288,,,,,,
11/30/19,15,11838.4354286024,10244.8602907986,1909.54872572157,68.8977057393392,24061.7419905599,,,,,,
11/30/19,16,11970.050671658,10642.3390766059,2051.66146511502,72.834020614624,24736.8851882595,,,,,,
11/30/19,17,12251.5533040365,11270.186578776,2317.31011420356,80.0859902360704,25919.1361518012,,,,,,
11/30/19,18,12692.4334852431,11890.1711208767,2565.37455919054,83.6036877865262,27231.5839236111,,,,,,
11/30/19,19,12652.0781108941,11852.9448491753,2556.72753038194,83.5926557752821,27145.3444346788,,,,,,
11/30/19,20,12397.4467447917,11712.8324359809,2513.49580240885,83.236557498508,26707.0130566406,,,,,,
11/30/19,21,12118.2976388889,11466.766062283,2446.15680908203,81.6214724053277,26112.8429481337,,,,,,
11/30/19,22,11673.6953776042,11169.3992990451,2354.24857991536,79.2160343085395,25276.5600645616,,,,,,
11/30/19,23,11009.906750217,10629.407265625,2189.55530680339,76.4618326992459,23905.3320638021,,,,,,
11/30/19,24,10319.9656933594,9983.35962890625,2026.95838378906,74.0728079223633,22404.3572005208,,,,,,
12/1/19,1,9842.9592578125,9540.16473524306,1956.90783298069,73.0346528286404,21413.0668245443,,,,,,
12/1/19,2,9616.32784939236,9176.60714626736,1868.59274712457,73.3519738430447,20734.8797922092,,,,,,
12/1/19,3,9444.46386176215,8941.30749023437,1814.61757921007,74.2148987409804,20274.6040359158,,,,,,
12/1/19,4,9294.13340820312,8820.27519097222,1792.08563286675,74.6418965911865,19981.1362006293,,,,,,
12/1/19,5,9251.50623697917,8743.37065863715,1811.93609361437,77.8502664099799,19884.6633572049,,,,,,
12/1/19,6,9406.08477647569,8897.34115342882,1825.35080769857,82.7954320187039,20211.5720735677,,,,,,
12/1/19,7,9747.07454210069,9190.96091905382,1900.69418592665,89.2573205227322,20927.9870659722,,,,,,
12/1/19,8,10149.2561957465,9257.51090060764,1866.79630954319,92.6562984805637,21366.2197070313,,,,,,
12/1/19,9,10620.8311056858,9399.33013888889,1816.5648433431,91.5162025875515,21928.242375217,,,,,,
12/1/19,10,10730.240015191,9499.29628797743,1762.52229153103,84.289869172838,22076.3486062283,,,,,,
12/1/19,11,10982.909875217,9457.63943033854,1677.60399102105,75.7563234286838,22193.9095903863,,,,,,
12/1/19,12,11183.6668684896,9269.07466471354,1634.29334201389,71.5272773742676,22158.5620578342,,,,,,
12/1/19,13,11341.9346679687,9180.63906575521,1610.92226182726,68.8599926842584,22202.3559825304,,,,,,
12/1/19,14,11418.6134201389,9169.09638997396,1683.99350029839,66.6478488074409,22338.3512624783,,,,,,
12/1/19,15,11462.5302170139,9382.75096788194,1787.90487928602,66.8069677988688,22699.9928401693,,,,,,
12/1/19,16,11555.539312066,10045.4550217014,2002.77615302192,69.1003340657552,23672.8709423828,,,,,,
12/1/19,17,11989.3943500434,10787.9695583767,2295.90208794488,75.5533356645372,25148.8197363281,,,,,,
12/1/19,18,12519.5430284288,11845.71046875,2592.2254820421,81.1427288733588,27038.6223806424,,,,,,
12/1/19,19,12640.7685297309,11946.7809071181,2609.61783420139,82.7418366750081,27279.9092220052,,,,,,
12/1/19,20,12398.7460167101,11765.0346940104,2558.62794949002,83.5251259273953,26805.9341178385,,,,,,
12/1/19,21,12011.3012706163,11619.9709635417,2479.45240125868,82.1575613488091,26192.8822536892,,,,,,
12/1/19,22,11416.1279210069,11153.4227951389,2345.28766438802,80.2994550747342,24995.1384863281,,,,,,
12/1/19,23,10555.5577473958,10500.9928038194,2141.2534362793,77.348152118259,23275.1530170356,,,,,,
12/1/19,24,9773.10001193576,9777.89185329861,1978.27086615668,76.4576122283936,21605.7207628038,,,,,,
12/2/19,1,9573.08210828993,9311.38294596354,1926.91943318685,75.7777842288547,20887.1626236979,,,,,,
12/2/19,2,9314.9154155816,9076.44894639757,1847.76652832031,76.7208470577664,20315.8521983507,,,,,,
12/2/19,3,9133.2759266493,8912.26158962674,1810.09539401584,78.883482937283,19934.5166704644,,,,,,
12/2/19,4,9127.8779937066,8892.94536024305,1811.48380371094,82.3525977410211,19914.6601161024,,,,,,
12/2/19,5,9372.83661349826,9332.70612304688,1885.70845147027,88.748689142863,20680.0001258681,,,,,,
12/2/19,6,10008.180764974,10086.6351161024,2025.3864698622,96.5448380788167,22216.7472281901,,,,,,
12/2/19,7,10956.6172330729,11193.3591992188,2290.05657145182,104.514521475898,24544.5474761285,,,,,,
12/2/19,8,11692.0945855035,11542.732875434,2395.70523952908,105.005332853529,25735.5377392578,,,,,,
12/2/19,9,11689.909328342,11310.7606640625,2248.294113227,92.4212930636936,25341.3853184679,,,,,,
12/2/19,10,11697.5037098524,10943.7205664062,2108.03111585829,82.2775537872314,24831.5328613281,,,,,,
12/2/19,11,11641.1001009115,10697.7613096788,1923.23557956272,73.3957106696235,24335.4931076389,,,,,,
12/2/19,12,11518.9107432726,10668.4941015625,1912.77586317274,65.9681794993083,24166.1488720703,,,,,,
12/2/19,13,11573.0470193142,10742.2180815972,2047.30084825304,61.1221781455146,24423.6883246528,,,,,,
12/2/19,14,11658.3826150174,10870.6376085069,2249.49048611111,57.9913272560967,24836.502054579,,,,,,
12/2/19,15,11732.7917013889,10906.7820486111,2190.64418755425,57.405255800883,24887.6232628038,,,,,,
12/2/19,16,11909.637172309,11625.573218316,2288.8668085395,60.5714302317301,25884.6486393229,,,,,,
12/2/19,17,12305.4577159288,12243.5301312934,2559.94186279297,68.8388626903958,27177.769000651,,,,,,
12/2/19,18,13123.3872417535,12972.8388617622,2803.50361246745,74.4379043240017,28974.1677967665,,,,,,
12/2/19,19,13175.35453125,12989.5181043837,2790.03091118707,76.1058671654595,29031.0105121528,,,,,,
12/2/19,20,12886.2248567708,12723.1845269097,2727.88664198134,77.7371741146512,28415.0340418837,,,,,,
12/2/19,21,12457.934202474,12461.025749783,2624.6391788737,76.9870828077528,27620.5870111762,,,,,,
12/2/19,22,11874.5170713976,12009.8537630208,2479.43785346137,75.4493804168701,26439.2588655599,,,,,,
12/2/19,23,10899.0702766927,11275.263703342,2247.93614013672,73.4604826694065,24495.731054145,,,,,,
12/2/19,24,10082.0823361545,10421.5503927951,2038.38841661241,71.7078520880805,22613.7299028863,,,,,,
12/3/19,1,9673.39833875868,10028.0375705295,1952.46433742947,71.5648003472222,21725.4655832248,,,,,,
12/3/19,2,9327.34473198785,9677.09499891493,1903.10567043728,72.7837253146701,20980.3293256293,,,,,,
12/3/19,3,9119.97353841146,9387.1749750434,1831.3656241862,74.4004104529487,20412.9148084852,,,,,,
12/3/19,4,9057.01280164931,9232.34973958333,1788.55123969184,76.8709693145752,20154.7848415799,,,,,,
12/3/19,5,9302.22624457465,9424.59872178819,1842.03511922201,82.1438898891873,20651.0040760634,,,,,,
12/3/19,6,9985.8914702691,10111.6165842014,2012.09781887478,89.0856972164578,22198.6923914931,,,,,,
12/3/19,7,11148.7735991753,11217.3417751736,2276.79078314887,96.4736104244656,24739.380405816,,,,,,
12/3/19,8,11818.6455121528,11720.0237575955,2367.64798529731,98.9086159515381,26005.2262917752,,,,,,
12/3/19,9,11714.1570659722,11752.8114116753,2319.65629882812,93.2187684716119,25879.8437575955,,,,,,
12/3/19,10,11444.5702387153,11861.5754210069,2261.13299831814,84.1608208974203,25651.4393657769,,,,,,
12/3/19,11,11148.1692523872,11880.0303895399,2262.82628200955,77.1501528125339,25368.1760335286,,,,,,
12/3/19,12,10949.5862858073,11970.1562304688,2274.80048719618,70.7020907168918,25265.244968533,,,,,,
12/3/19,13,11049.468891059,11855.8811436632,2316.81948404948,66.5286491309272,25288.6980300564,,,,,,
12/3/19,14,11312.6120551215,11892.0898231337,2358.23954345703,65.5997773742676,25628.5410454644,,,,,,
12/3/19,15,11527.5200531684,11902.4665625,2412.51945285373,65.7640248701308,25908.2697287326,,,,,,
12/3/19,16,11804.6354296875,12028.3746028646,2489.40465928819,68.2976965671115,26390.7123182509,,,,,,
12/3/19,17,12233.8222775608,12518.8919607205,2628.21320339627,73.4254666222466,27454.3525515408,,,,,,
12/3/19,18,13006.6118858507,13168.0923253038,2807.73815945095,77.6157079315186,29060.0587304688,,,,,,
12/3/19,19,13063.3556727431,13137.8499001736,2796.2907945421,77.7456038750543,29075.2425271267,,,,,,
12/3/19,20,12820.5665483941,13017.7958658854,2735.92294053819,76.844112862481,28651.1303862847,,,,,,
12/3/19,21,12426.7683930122,12661.8970659722,2623.97680094401,74.9482439168294,27787.5911013455,,,,,,
12/3/19,22,11792.5636610243,12101.3271365017,2472.1557014974,71.4976118130154,26437.544358724,,,,,,
12/3/19,23,10861.0578689236,11266.4676779514,2228.88701117622,67.116469607883,24423.5292871094,,,,,,
12/3/19,24,10048.1086002604,10407.8959038628,2012.70111450195,63.6312080510457,22532.3372292752,,,,,,
12/4/19,1,9711.29198133681,9775.72028537326,1947.77399793837,62.1581783760919,21496.9455517578,,,,,,
12/4/19,2,9368.21908311632,9406.63766710069,1875.51895073785,61.4561357752482,20711.8326763238,,,,,,
12/4/19,3,9144.33352213542,9146.36125868056,1816.12896335178,62.2089082378811,20169.0336897786,,,,,,
12/4/19,4,9110.90682508681,9123.81412109375,1792.4450636122,62.9888560273912,20090.1556439887,,,,,,
12/4/19,5,9342.05627061632,9369.34872829861,1848.89164754232,67.2150464630127,20627.5123350694,,,,,,
12/4/19,6,10021.8959092882,10042.603500434,1964.66718370226,73.5805805206299,22102.7476790365,,,,,,
12/4/19,7,11139.1560232205,11097.368796658,2224.79782986111,80.2027520751953,24541.5255967882,,,,,,
12/4/19,8,12001.5642447917,11681.2759331597,2384.70124782986,82.5408743794759,26150.0827441406,,,,,,
12/4/19,9,12228.4834939236,12129.9460199653,2485.04515028212,80.4188731299506,26923.8939388021,,,,,,
12/4/19,10,12233.0353700087,12556.9978993056,2583.58857340495,79.5422443728977,27453.1644932726,,,,,,
12/4/19,11,12169.327985026,12855.0959559462,2611.08619032118,75.4009472825792,27710.9113009983,,,,,,
12/4/19,12,11945.597952474,12750.7640852865,2535.17567301432,80.4175409783257,27311.9558913845,,,,,,
12/4/19,13,11702.7019628906,12400.1312217882,2581.6968891059,81.9972636328803,26766.5272960069,,,,,,
12/4/19,14,11769.5456803385,12159.0362749566,2488.10574462891,82.3461683315701,26499.0341503906,,,,,,
12/4/19,15,11777.4166937934,12105.7956380208,2487.07714599609,80.5816362169054,26450.8712961155,,,,,,
12/4/19,16,11971.9661968316,12070.3075651042,2511.8713422309,77.8008947075738,26631.9458588325,,,,,,
12/4/19,17,12334.5263378906,12544.2498068576,2657.89346571181,80.9952498965793,27617.6648773872,,,,,,
12/4/19,18,13067.1024663628,13263.5427094184,2857.24947591146,83.7083552212185,29271.6034266493,,,,,,
12/4/19,19,13098.8658734809,13245.5756966146,2842.15222547743,82.2774998897976,29268.8723209635,,,,,,
12/4/19,20,12841.6983940972,13029.3143663194,2754.71105957031,80.2750288560655,28705.9993836806,,,,,,
12/4/19,21,12468.338562283,12694.7315928819,2648.94791965061,76.8757291412354,27888.8946213108,,,,,,
12/4/19,22,11815.2967263455,12134.295874566,2476.07820583767,72.3234348297119,26497.995141059,,,,,,
12/4/19,23,10873.0944238281,11314.0093250868,2239.21192843967,67.5489501190186,24493.8657758247,,,,,,
12/4/19,24,10026.5992089844,10491.6684049479,2042.14661580404,64.3963019434611,22624.8115136719,,,,,,
12/5/19,1,9728.36303927951,9863.27720377604,1944.99951144748,62.0052582465278,21598.6457557509,,,,,,
12/5/19,2,9383.46198567708,9501.35114908854,1914.36219482422,60.7463835695055,20859.9225157335,,,,,,
12/5/19,3,9130.4217046441,9274.81568359375,1875.61322374132,61.4974531851874,20342.3489388021,,,,,,
12/5/19,4,9090.17286458333,9219.20892578125,1840.84503011068,62.3237118572659,20212.5512320964,,,,,,
12/5/19,5,9322.11288845486,9509.97003580729,1832.86553710938,66.8365311304728,20731.7855929905,,,,,,
12/5/19,6,10012.7282421875,10233.9862239583,1991.26911512587,73.0761825731065,22311.0607573785,,,,,,
12/5/19,7,11183.5921657986,11220.6375824653,2244.08848253038,80.3542324235704,24728.672874349,,,,,,
12/5/19,8,11828.7295247396,11561.6596191406,2316.10668104384,81.0137372419569,25787.5100434028,,,,,,
12/5/19,9,11608.5121972656,11424.6044184028,2192.78506618924,79.1116287400987,25305.0134960938,,,,,,
12/5/19,10,11114.1191471354,11251.9847287326,2032.33209174262,79.3572651333279,24477.7930756293,,,,,,
12/5/19,11,11250.3123133681,10860.467890625,1965.46414401584,73.5528755866157,24149.7972222222,,,,,,
12/5/19,12,11203.7994737413,10754.4213509115,1913.32797010634,68.6776042344835,23940.2268006727,,,,,,
12/5/19,13,11238.8832009549,10911.6225596788,1923.81155029297,65.6035099156698,24139.9209505208,,,,,,
12/5/19,14,11456.7072894965,11130.1926757813,2062.99237467448,62.574353044298,24712.466991645,,,,,,
12/5/19,15,11429.5825184462,11186.6008452691,2165.43946587457,61.7333535512288,24843.3562060547,,,,,,
12/5/19,16,11696.8575010851,11447.5875878906,2324.24407009549,59.8443841256036,25528.5335335286,,,,,,
12/5/19,17,12385.7453461372,12111.2322775608,2529.64103841146,66.5202925957574,27093.1388259549,,,,,,
12/5/19,18,13145.3593359375,12928.6809429253,2782.2423320855,71.4887651146783,28927.7721185981,,,,,,
12/5/19,19,13146.4677246094,12917.1139344618,2748.94592881944,72.3904606543647,28884.9188064236,,,,,,
12/5/19,20,12890.8027463108,12782.4969715712,2684.21222873264,72.7274883355035,28430.2406369358,,,,,,
12/5/19,21,12534.5465147569,12505.3513302951,2599.48436035156,72.1674277072483,27711.5509505208,,,,,,
12/5/19,22,11941.1920399306,11994.0085883247,2448.66287679036,70.3609612867567,26454.2250184462,,,,,,
12/5/19,23,11030.1157139757,11218.8752756076,2227.83934543186,66.870188691881,24543.7012782118,,,,,,
12/5/19,24,10222.8775379774,10443.9265299479,2024.49390557183,64.7505261018541,22756.0490478516,,,,,,
12/6/19,1,9703.57538628472,9841.26474175347,1937.6086311849,63.9645970620049,21546.4138753255,,,,,,
12/6/19,2,9342.67007486979,9455.55652777778,1888.41160698785,64.6116393025716,20751.2499777561,,,,,,
12/6/19,3,9077.62206163194,9253.58293836806,1835.92485853407,66.1198079003228,20233.2499983724,,,,,,
12/6/19,4,9030.98868164063,9190.57403103299,1816.37727701823,68.0762503475613,20106.0161990017,,,,,,
12/6/19,5,9261.10232096354,9440.19103515625,1873.75878797743,72.2815643480089,20647.3339946832,,,,,,
12/6/19,6,9943.19537760417,10140.9012391493,1992.11797227648,79.929287109375,22156.1441015625,,,,,,
12/6/19,7,11082.354797092,11128.4602799479,2239.53258572049,87.6952890692817,24538.0429215495,,,,,,
12/6/19,8,11706.2185698785,11443.9942643229,2283.72897569444,88.803727883233,25522.7453922526,,,,,,
12/6/19,9,11281.6787315538,11324.1263346354,2181.76299967448,79.1671448008219,24866.7350726997,,,,,,
12/6/19,10,10842.6918858507,11223.6896310764,2058.76163614909,69.3743167622884,24194.5175168186,,,,,,
12/6/19,11,10434.9609581163,11132.4955110677,1933.14142632378,54.8287877019246,23555.4269181315,,,,,,
12/6/19,12,10276.7644791667,11094.5229340278,2044.25792358398,50.283951242235,23465.8295483398,,,,,,
12/6/19,13,10541.7350390625,11310.7824294705,2258.26082790799,50.3625802357992,24161.140820855,,,,,,
12/6/19,14,10791.8567220052,11884.6770833333,2375.52240152995,52.1551556269328,25104.2112841797,,,,,,
12/6/19,15,10974.392641059,12085.2820410156,2437.85963406033,55.5652204598321,25553.0994504123,,,,,,
12/6/19,16,11477.5065093316,12058.4242730035,2495.02451416016,58.0491913011339,26089.0041948785,,,,,,
12/6/19,17,12082.3564854601,12413.005405816,2624.32708333333,64.2871662902832,27183.9757324219,,,,,,
12/6/19,18,12789.8753450521,12975.5266037326,2770.88424858941,68.6757535892063,28604.9612239583,,,,,,
12/6/19,19,12686.754875217,12859.5204253472,2726.13154052734,69.3402825080024,28341.7469325087,,,,,,
12/6/19,20,12377.5585481771,12668.9253450521,2651.1690766059,68.9998027547201,27766.6524880642,,,,,,
12/6/19,21,12008.1600802951,12395.5559819878,2567.28582004123,68.4230545637343,27039.425218099,,,,,,
12/6/19,22,11565.6623654514,11970.9626367188,2448.84976806641,66.8065706295437,26052.281188151,,,,,,
12/6/19,23,10846.8840592448,11307.4435546875,2274.98840033637,64.0478926510281,24493.3636593967,,,,,,
12/6/19,24,10123.9966373698,10521.4679318576,2074.65812350803,61.0836694802178,22781.205944553,,,,,,
12/7/19,1,9711.30765625,9918.41808051215,1996.60761664497,58.8388764360216,21685.172508138,,,,,,
12/7/19,2,9376.67055338542,9484.01661024306,1903.23278618707,58.0373530197144,20821.9573947483,,,,,,
12/7/19,3,9354.11011827257,9203.06492404514,1850.20606770833,57.4957556745741,20464.8765955946,,,,,,
12/7/19,4,9192.11918728299,9052.20937174479,1804.87068372938,57.9061900287204,20107.1057926432,,,,,,
12/7/19,5,9215.31027018229,9103.32649631076,1811.64383599175,60.396904012892,20190.677827691,,,,,,
12/7/19,6,9462.62535264757,9391.94520073785,1881.41546251085,64.6850231467353,20800.6708984375,,,,,,
12/7/19,7,9613.81789279514,9771.06215277778,1942.72961968316,69.0950912136502,21396.7046240234,,,,,,
12/7/19,8,10007.2271744792,9974.1721875,2023.1082297092,71.1957735697428,22075.7035313585,,,,,,
12/7/19,9,10300.1615549045,10389.4623632813,2136.15037841797,70.3837896389431,22896.1578841146,,,,,,
12/7/19,10,10329.9276627604,10623.1837478299,2228.16721218533,70.93111328125,23252.2093543837,,,,,,
12/7/19,11,10317.2542371962,10766.1338519965,2317.5150648329,67.3497407616509,23468.2526828342,,,,,,
12/7/19,12,10372.4005902778,10759.1407845052,2384.25255452474,66.1238657548692,23581.9180354818,,,,,,
12/7/19,13,10500.7752105035,10747.1768012153,2356.94326144748,61.8524711312188,23666.7476936849,,,,,,
12/7/19,14,10692.155452474,10686.0765690104,2314.95425645616,59.2949276648627,23752.4814029948,,,,,,
12/7/19,15,10984.3596842448,10757.4543272569,2369.16987304688,60.1234105470445,24171.1071473524,,,,,,
12/7/19,16,11219.4181282552,10861.5968370226,2374.00755343967,61.2403014034695,24516.2626019965,,,,,,
12/7/19,17,11555.0596690538,11373.167641059,2492.57723605686,65.3041895039876,25486.1084358724,,,,,,
12/7/19,18,12174.5101866319,12010.5816547309,2658.55269992405,67.5784966193305,26911.2228125,,,,,,
12/7/19,19,12074.3741981337,11981.7933257378,2613.41797878689,66.6660575188531,26736.2519878472,,,,,,
12/7/19,20,11765.7417176649,11795.6826681858,2531.68294596354,65.8076578182644,26158.9156065538,,,,,,
12/7/19,21,11462.2625868056,11564.2874414062,2438.41984483507,64.0070109558105,25528.9771419271,,,,,,
12/7/19,22,11075.3600455729,11196.9800282118,2342.33629801432,61.3070828458998,24675.9836219618,,,,,,
12/7/19,23,10515.0520865885,10623.1733691406,2186.25556315104,57.5683054521349,23382.0494151476,,,,,,
12/7/19,24,10138.7999153646,9950.22801323785,2000.10765882704,54.6222220611572,22143.7579210069,,,,,,
12/8/19,1,9802.99529622396,9430.89844835069,1948.98944349501,52.8115673234728,21235.6946484375,,,,,,
12/8/19,2,9414.05671549479,9046.89303927951,1864.69211466471,51.56159356859,20377.2035720486,,,,,,
12/8/19,3,9107.77279622396,8799.57080729167,1808.01674031576,51.6447173775567,19767.0047770182,,,,,,
12/8/19,4,8927.32690863715,8646.34903428819,1780.11501614041,51.9915283203125,19405.7825363498,,,,,,
12/8/19,5,8934.44903537326,8641.45817165799,1765.91596462674,54.1169480302599,19395.9404378255,,,,,,
12/8/19,6,9177.95153537326,8778.26870876736,1798.35150160048,57.8257923634847,19812.3979367404,,,,,,
12/8/19,7,9545.50880099826,8922.42893771701,1838.68488037109,61.9192355007595,20368.5409971788,,,,,,
12/8/19,8,9872.76006618924,9125.17740125868,1915.34118218316,64.7332520463732,20978.0119824219,,,,,,
12/8/19,9,9713.89437174479,9388.01050672743,2032.786015625,66.9629111014472,21201.653766276,,,,,,
12/8/19,10,9779.76131835937,9485.64245442708,2110.68899739583,65.5067418204413,21441.5994238281,,,,,,
12/8/19,11,9671.07446940104,9558.37747612847,2145.12175048828,55.2965149900648,21429.8702642144,,,,,,
12/8/19,12,9606.34935329861,9451.04621527778,2157.53882215712,59.3596751785278,21274.2940961372,,,,,,
12/8/19,13,9572.06279730903,9435.71567599826,2163.14754177517,57.0784639909532,21228.004538303,,,,,,
12/8/19,14,9855.76379882813,9511.15882269965,2136.43402479384,47.9528627268473,21551.3094520399,,,,,,
12/8/19,15,9839.09565538195,9821.76633680556,2169.35089057075,48.4443823326959,21878.6571701389,,,,,,
12/8/19,16,10198.3783789063,10120.0283409288,2225.05883300781,54.979129163954,22598.4447384983,,,,,,
12/8/19,17,11060.7401638455,10814.4945247396,2423.25225721571,61.7385802883572,24360.2251665582,,,,,,
12/8/19,18,12202.3845703125,11780.3448339844,2682.98207329644,67.6279428270128,26733.3395529514,,,,,,
12/8/19,19,12344.7849565972,11836.6781521267,2698.65694118924,69.302072253757,26949.4226671007,,,,,,
12/8/19,20,12174.680218099,11766.6046148003,2611.94038628472,71.1814387512207,26624.4069140625,,,,,,
12/8/19,21,11884.6719813368,11555.9242784288,2536.00819932726,69.1805278015137,26045.7862901476,,,,,,
12/8/19,22,11349.4884906684,11088.0786067708,2399.86243381076,66.0689287058512,24903.4994059245,,,,,,
12/8/19,23,10585.7487608507,10354.9761208767,2158.81946044922,62.8437188720703,23162.3888601345,,,,,,
12/8/19,24,9809.91393337674,9682.09344618056,1969.33602010091,60.4029615741306,21521.7468863932,,,,,,
12/9/19,1,9712.90068576389,9149.62081271701,1882.86723836263,59.4253332985772,20804.8145903863,,,,,,
12/9/19,2,9383.41862955729,8881.94991536458,1832.9205843099,59.5566418541802,20157.8460677083,,,,,,
12/9/19,3,9226.18702365451,8718.19339626736,1820.84647596571,62.050015335083,19827.2772900391,,,,,,
12/9/19,4,9294.36110134549,8708.77673502604,1791.4270062934,64.9172437795003,19859.482523329,,,,,,
12/9/19,5,9569.98747612847,9057.76281575521,1859.35337646484,70.8337912750244,20557.9377967665,,,,,,
12/9/19,6,9999.01780815972,9892.10952148438,2053.51664889865,78.9264265272352,22023.5713058811,,,,,,
12/9/19,7,11213.4505978733,10982.4210275608,2289.10315321181,87.5402742513021,24572.5156738281,,,,,,
12/9/19,8,12067.4222092014,11301.2397319878,2338.82138699002,87.310780122545,25794.7942681207,,,,,,
12/9/19,9,11968.6646538628,11323.4769042969,2233.03528130425,78.3212826961941,25654.4606792535,,,,,,
12/9/19,10,11711.2113357205,11053.9034570313,2087.2220441352,69.5701673973931,24921.907116428,,,,,,
12/9/19,11,11404.6812630208,10739.0236480035,2026.73501274957,61.6772421052721,24232.1170600043,,,,,,
12/9/19,12,11158.5821679688,10589.7276052517,1995.81365478516,56.7029640960693,23800.8264192708,,,,,,
12/9/19,13,11003.0990397135,10556.8558789062,1972.85941338433,53.4776836776733,23586.2919938151,,,,,,
12/9/19,14,10960.9316059028,10591.1987749566,2019.37931993273,56.1193161180284,23627.6287502713,,,,,,
12/9/19,15,11079.3977875434,10737.405859375,2118.30535224067,57.7711790211995,23992.8802278646,,,,,,
12/9/19,16,11487.6908865017,11087.1256814236,2259.48342475043,57.9196467675103,24892.2195632596,,,,,,
12/9/19,17,12147.5507638889,11853.4004210069,2516.20453911675,65.4525045098199,26582.6080414497,,,,,,
12/9/19,18,13192.5772287326,12956.8588151042,2801.17062391493,72.4805442979601,29023.0873676215,,,,,,
12/9/19,19,13280.5727473958,13024.5001421441,2802.78950005425,74.0110320197211,29181.8731944444,,,,,,
12/9/19,20,13041.0284939236,12899.6028656684,2750.34349636502,75.0311470879449,28766.0058680556,,,,,,
12/9/19,21,12638.6707020399,12665.4303732639,2653.62896430122,74.6171338060167,28032.3469596354,,,,,,
12/9/19,22,11982.5962217882,12180.3795171441,2495.95388726128,73.37884701199,26732.3083311632,,,,,,
12/9/19,23,11063.9012369792,11335.6267534722,2256.74510687934,70.7203728146023,24726.9934478082,,,,,,
12/9/19,24,10197.0369151476,10498.9679557292,2051.94912136502,69.8852221764459,22817.8391004774,,,,,,
12/10/19,1,9859.82645507812,9903.10032009549,1993.24966227214,69.9249166700575,21826.1015879991,,,,,,
12/10/19,2,9854.10093315972,9561.88911024306,1923.47239013672,71.5754859161377,21411.0388026259,,,,,,
12/10/19,3,9638.01896375868,9388.88585394965,1843.22268988715,74.8884432390001,20945.0163064236,,,,,,
12/10/19,4,9586.09960503472,9364.53703884549,1826.47894517687,78.3534505971273,20855.4692290582,,,,,,
12/10/19,5,9832.94416341146,9639.8178266059,1912.40928656684,84.9553343370226,21470.1268191189,,,,,,
12/10/19,6,10442.8095507813,10373.6213368056,2076.88680514865,93.9258715565999,22987.2428889974,,,,,,
12/10/19,7,11453.2998101128,11448.1931304253,2330.52612467448,103.95836543613,25335.9772287326,,,,,,
12/10/19,8,12272.4839322917,11734.9512304688,2397.58619574653,101.570687760247,26507.9480636936,,,,,,
12/10/19,9,12198.2468315972,11519.1135536024,2231.48801161024,89.2018294673496,26039.4904958767,,,,,,
12/10/19,10,11813.5470019531,11539.5080349392,2075.97782131619,79.9239809248183,25511.9462679036,,,,,,
12/10/19,11,11424.1485677083,11357.7444075521,1994.59293307834,72.1743979051378,24850.5864230686,,,,,,
12/10/19,12,11137.2891731771,11168.1443109809,1942.10957668728,64.7307117006514,24311.6317274306,,,,,,
12/10/19,13,10902.2795757378,11029.0378765191,2029.33607842339,60.1755223857032,24020.2951220703,,,,,,
12/10/19,14,10948.6979513889,11186.4035590278,2162.31617404514,58.8997852071126,24357.043179796,,,,,,
12/10/19,15,11210.4866427951,11346.0745822483,2187.84785508898,114.798930896123,24834.8343522135,,,,,,
12/10/19,16,11562.7849625706,11522.3789797316,2361.58878586558,60.3945561197069,25585.6650872532,,,,,,
12/10/19,17,12195.6461002604,12146.3942610677,2556.53909315321,69.8856463771396,27051.1129437934,,,,,,
12/10/19,18,13131.9120789931,13109.7750564236,2844.65372856988,75.6817598787944,29260.2140842014,,,,,,
12/10/19,19,13185.5437098524,13140.4882237413,2838.35129991319,77.5214954397413,29333.7226746962,,,,,,
12/10/19,20,12953.1171744792,13009.6314561632,2787.5181266276,78.396942776574,28916.5922059462,,,,,,
12/10/19,21,12590.2784461806,12787.5992621528,2687.11969726562,78.2891900465224,28221.9476443142,,,,,,
12/10/19,22,11975.2055729167,12271.195999349,2521.55427761502,76.4838581742181,26920.059265408,,,,,,
12/10/19,23,11059.1158300781,11459.9523632813,2309.41173529731,74.7814643859863,24991.5383680556,,,,,,
12/10/19,24,10176.0797667101,10609.889328342,2084.38487860786,73.1858715163337,23035.3415494792,,,,,,
12/11/19,1,9763.52122721354,10048.880844184,1964.12991129557,73.4283263481988,21935.4623524306,,,,,,
12/11/19,2,9493.19650499132,9685.59324761285,1885.33864379883,73.6897570991516,21221.7328271484,,,,,,
12/11/19,3,9508.35178059896,9462.33554361979,1848.2604284668,75.0918025546604,20974.4195757378,,,,,,
12/11/19,4,9470.09186631944,9357.34719509549,1827.00099365234,76.9034692064921,20806.1427284071,,,,,,
12/11/19,5,9727.66132052951,9658.51864908854,1918.80656982422,81.1676047282749,21461.943000217,,,,,,
12/11/19,6,10246.6906944444,10470.319765625,2094.92925415039,88.5522263336182,22980.8739518229,,,,,,
12/11/19,7,11338.1098969184,11545.5321983507,2347.59653700087,97.1996991878086,25408.8783615451,,,,,,
12/11/19,8,12122.2865201823,11905.3349392361,2410.69369981554,96.8671691470676,26588.8192496745,,,,,,
12/11/19,9,12128.9155425347,11737.8476649306,2266.00587890625,84.0549904632568,26209.0256678602,,,,,,
12/11/19,10,12119.2200097656,11381.5106434462,2145.08291137695,71.8294241894616,25644.0057324219,,,,,,
12/11/19,11,12122.2596202257,11220.9243684896,1940.930234375,66.8453320460849,25221.2901497396,,,,,,
12/11/19,12,12178.9559450955,11112.3116699219,1939.26927707248,60.7509829076131,25167.6689035373,,,,,,
12/11/19,13,12380.4709038628,11068.8304969618,1960.39428290473,58.1688311767578,25313.0837825521,,,,,,
12/11/19,14,12416.5496896701,10976.4422732205,2034.04594428168,56.9758682780796,25426.825128852,,,,,,
12/11/19,15,12565.3638538954,11198.1153151967,2212.1865373351,54.1067301540727,25974.6627465136,,,,,,
12/11/19,16,12104.3986111111,11382.642046441,2291.72496934679,56.1555638980865,25814.5691053602,,,,,,
12/11/19,17,12676.224390191,11961.0109082031,2515.66804660373,64.6620792717404,27284.0782324219,,,,,,
12/11/19,18,13418.0813509115,13090.3543608941,2840.63259467231,71.4756048668755,29499.5462445747,,,,,,
12/11/19,19,13363.3221582031,13080.6525672743,2826.4790633138,73.9714727422926,29427.8975086806,,,,,,
12/11/19,20,13104.9219639757,12984.7770355903,2783.56548583984,76.0889828915066,29033.2586848958,,,,,,
12/11/19,21,12687.9545062934,12705.0973209635,2685.52340874566,75.8414122390747,28232.9184765625,,,,,,
12/11/19,22,12021.1732421875,12203.1216178385,2526.099269477,74.3271578534444,26896.3863172743,,,,,,
12/11/19,23,11106.6126276979,11360.7296805457,2298.7151042855,71.5328644778209,24903.641808857,,,,,,
12/11/19,24,10295.7263563368,10483.276875,2082.67915988498,69.7850025177002,23003.0077609592,,,,,,
12/12/19,1,9931.16646592882,9944.65688693576,1998.84335150825,69.7589902475145,22002.5654996745,,,,,,
12/12/19,2,9510.44418185764,9562.28706814236,1919.45355129666,69.0004912842645,21113.5797960069,,,,,,
12/12/19,3,9239.59938476562,9360.11250759549,1853.64355129666,70.4678368483649,20562.4187326389,,,,,,
12/12/19,4,9249.46832356771,9325.51884114583,1836.11982625326,72.7935878054301,20519.8913840061,,,,,,
12/12/19,5,9487.07902886285,9592.48406358507,1898.49871771918,78.3109259520637,21094.8394769965,,,,,,
12/12/19,6,10088.3456966146,10330.4481434462,2070.18039740668,86.2114094161987,22618.3823931207,,,,,,
12/12/19,7,11273.534555822,11381.4588602199,2304.2338553353,95.3147761726379,25082.9381477736,,,,,,
12/12/19,8,12036.3697406684,11740.5308680556,2379.76380262587,96.9746805742052,26278.5844346788,,,,,,
12/12/19,9,11942.2993760851,11588.3217057292,2282.59860243056,90.457518687778,25898.7840163845,,,,,,
12/12/19,10,11687.2158528646,11324.5629709201,2096.33355821398,78.5477276876809,25164.7975347222,,,,,,
12/12/19,11,11442.0403461372,10737.3765614149,1985.08871283637,68.105062851376,24188.1506358507,,,,,,
12/12/19,12,11172.070359158,10493.3128602431,1932.2446987576,64.8981350347731,23626.6309803602,,,,,,
12/12/19,13,11018.9704329427,10479.9974348958,1966.53227471246,63.3974554475149,23525.6893977865,,,,,,
12/12/19,14,11165.233375651,10813.4359505208,2053.28118340386,62.0105685152584,24098.9134380425,,,,,,
12/12/19,15,11361.6274403212,11057.0011729601,2127.96825724284,58.3417382261488,24613.5118549262,,,,,,
12/12/19,16,11704.2872938368,11413.7117089844,2299.15427435981,59.8506849331326,25487.9079671224,,,,,,
12/12/19,17,12287.8053862847,11967.9425976563,2542.4352094184,68.8451150385539,26887.4724506293,,,,,,
12/12/19,18,13085.384406467,12892.6774077691,2801.74412706163,76.1011743566725,28927.9279817708,,,,,,
12/12/19,19,12929.3953493924,12872.4236263021,2795.7772772895,77.6271721627977,28742.0795095486,,,,,,
12/12/19,20,12696.9075954861,12698.7699717882,2731.01536187066,79.1120858849419,28264.8612771267,,,,,,
12/12/19,21,12447.3591655816,12432.8757855903,2632.56135362413,78.4103361108568,27629.5255425347,,,,,,
12/12/19,22,11867.5720203993,11919.0616080729,2482.6969797092,76.3675734138489,26384.865922309,,,,,,
12/12/19,23,10965.4801497396,11154.4732899306,2251.57070827908,73.2186047956679,24495.0250330946,,,,,,
12/12/19,24,10150.4018218316,10308.8140125868,2074.47470011393,70.9073285738627,22640.2397357856,,,,,,
12/13/19,1,9746.39035698785,9750.74768880208,1976.87530992296,70.8923890219794,21581.1862179905,,,,,,
12/13/19,2,9367.17741753472,9403.17473849826,1895.44174099392,71.7162258423699,20765.1281570095,,,,,,
12/13/19,3,9120.30120551215,9147.48407118056,1844.36395521376,73.9417392243279,20211.8200520833,,,,,,
12/13/19,4,9128.64185221354,9064.05577907986,1827.60501695421,76.6536410310533,20121.0797173394,,,,,,
12/13/19,5,9326.10009765625,9325.42884657118,1868.98556342231,82.5686755816142,20633.2297851563,,,,,,
12/13/19,6,9939.2906532118,10018.6062358941,1985.27996744792,90.6703732638889,22073.8843994141,,,,,,
12/13/19,7,11082.625109592,11022.4432953559,2245.48470675998,98.6695318285624,24467.8781705729,,,,,,
12/13/19,8,11746.0475423177,11349.4320768229,2317.59185031467,96.9453958384196,25511.9596516927,,,,,,
12/13/19,9,11726.0740136719,11173.4928298611,2186.46433702257,84.0792065111796,25110.179265408,,,,,,
12/13/19,10,11895.6528211806,10862.6022591146,2059.37335164388,74.1492034742567,24712.4670426432,,,,,,
12/13/19,11,12510.9093695747,10079.1061621094,1961.98619561089,66.7005140071445,24424.5206852214,,,,,,
12/13/19,12,12125.589375,10380.6800694444,1918.56791463216,59.6430342536502,24337.7628217231,,,,,,
12/13/19,13,11947.518703342,10558.7074414062,1969.27421739366,54.5513929536608,24372.2801155599,,,,,,
12/13/19,14,11626.462890625,10979.1171419271,1996.894581977,51.4670380867852,24534.6287858073,,,,,,
12/13/19,15,11733.500222851,11110.710989111,2113.37645551139,51.2396904833232,24897.8751956546,,,,,,
12/13/19,16,11931.6141547309,11181.906515842,2276.87353949653,53.6626419141557,25455.0977935113,,,,,,
12/13/19,17,12409.8842947049,11820.9666427951,2518.85328640408,61.554088728163,26846.778186849,,,,,,
12/13/19,18,13112.2806499566,12720.6291026476,2765.01893066406,67.4216575262282,28716.4740342882,,,,,,
12/13/19,19,12941.7611176215,12644.8172395833,2704.50587917752,67.3721882523431,28411.1695138889,,,,,,
12/13/19,20,12622.8268674045,12433.5227690972,2608.95507514106,68.6821643850539,27795.4036816406,,,,,,
12/13/19,21,12281.8650672743,12170.9299728733,2524.77546766493,68.9441792869568,27099.6627723524,,,,,,
12/13/19,22,11776.2972363281,11752.0746082899,2423.11995062934,67.325150458018,26060.3317643229,,,,,,
12/13/19,23,11069.336312934,11032.0888530816,2243.04454128689,65.2550410408444,24470.3224229601,,,,,,
12/13/19,24,10341.6774305556,10275.7022764757,2060.31408921984,63.1514342053731,22788.7670827908,,,,,,
12/14/19,1,9823.23038628472,9660.55367838542,1967.74150295681,62.6917695130242,21565.0273036024,,,,,,
12/14/19,2,9405.09899414062,9257.55599826389,1877.86836385091,63.543128179974,20654.8010438368,,,,,,
12/14/19,3,9098.47065321181,8977.36180772569,1816.38465060764,64.9978018930223,20008.2746630859,,,,,,
12/14/19,4,9254.62092013889,8916.07788628472,1773.55647176107,66.811357782152,20056.2445621745,,,,,,
12/14/19,5,9354.69433919271,8968.25310763889,1778.94854071723,69.2960412724813,20218.3976638455,,,,,,
12/14/19,6,9624.39771809896,9250.09711697049,1849.01682902018,73.7607355817159,20846.9067236328,,,,,,
12/14/19,7,10110.0620258247,9679.28891059028,1922.58647542318,80.0336941104465,21836.0574310981,,,,,,
12/14/19,8,10552.728577474,9919.87418077257,2013.9984487576,79.8823043335809,22597.9873312717,,,,,,
12/14/19,9,10575.9434418403,10258.1562912326,2128.41709662543,71.7392932298448,22976.6733251953,,,,,,
12/14/19,10,10328.1531336806,10404.1157280816,2132.75978569878,64.7342394754622,22773.629543457,,,,,,
12/14/19,11,10051.4217523872,10484.9353917101,2071.48622124566,58.0706398656633,22468.7937215169,,,,,,
12/14/19,12,9723.21603515625,10385.8909082031,1984.52206285265,54.5916727119022,21965.1079657661,,,,,,
12/14/19,13,9582.97070963542,10294.5310601128,1942.20854465061,53.9434338898129,21700.5554972331,,,,,,
12/14/19,14,9805.89429470486,10177.9595117187,1838.78061577691,53.0120998022291,21709.1973551432,,,,,,
12/14/19,15,10408.1794503031,10205.3876033643,2025.90042046826,53.6951802857717,22561.6540010488,,,,,,
12/14/19,16,10592.3104351128,10372.1856727431,2180.46128065321,55.8996594948239,23156.2002579753,,,,,,
12/14/19,17,11271.098343099,10895.0877701823,2387.26400417752,61.8369341691335,24635.3149441189,,,,,,
12/14/19,18,12280.8347471788,11847.0811425781,2632.004269477,66.7860613165961,26857.268241645,,,,,,
12/14/19,19,12249.2224739583,11808.5586762153,2604.97158094618,67.1441038725111,26765.110734592,,,,,,
12/14/19,20,12051.7852170139,11633.7412792969,2547.15733398437,68.081489698622,26346.1698605686,,,,,,
12/14/19,21,11821.575219184,11457.0105056424,2475.03493082682,67.9254310904609,25865.7022743056,,,,,,
12/14/19,22,11473.8371799045,11156.5574696181,2379.53864149306,66.2036928070916,25106.3357671441,,,,,,
12/14/19,23,10871.872834986,10590.411775737,2218.86767112997,63.9704777407371,23778.7324122961,,,,,,
12/14/19,24,10239.3910101997,9918.08695638021,2052.23453409831,62.2438332536485,22314.6446240234,,,,,,
12/15/19,1,9807.93169921875,9479.54843207465,1961.17428683811,60.84201956643,21341.9697146267,,,,,,
12/15/19,2,9435.9042578125,9142.87640733507,1881.33374118381,60.3489456399282,20556.0452137587,,,,,,
12/15/19,3,9414.90326931424,8917.82568467882,1806.13075927734,61.2300935565101,20237.1096017795,,,,,,
12/15/19,4,9408.94597439236,8824.25090277778,1778.40657307943,62.5550289567312,20108.5591623264,,,,,,
12/15/19,5,9464.05234917535,8836.73654405382,1781.15976047092,65.4642804823981,20184.381319987,,,,,,
12/15/19,6,9670.78027126736,8993.92730251736,1838.59739298503,70.6291025712755,20603.5151513672,,,,,,
12/15/19,7,10110.9984429253,9272.29212131076,1876.19363837348,76.6243342953729,21369.3745366753,,,,,,
12/15/19,8,10486.5270562066,9301.42521050347,1923.3843097602,79.4214283985562,21794.4702083333,,,,,,
12/15/19,9,10141.3625434028,9171.46768880208,1871.81177517361,74.9011288897196,21186.7692792426,,,,,,
12/15/19,10,9884.5357421875,8942.3804546441,1778.65921142578,69.6520083766513,20514.3173882378,,,,,,
12/15/19,11,9708.10523328993,8794.16697482639,1666.1082297092,67.1886015616523,20044.4708414714,,,,,,
12/15/19,12,9717.26301649306,8707.41626519097,1586.01194390191,66.3626178487142,19867.4851681858,,,,,,
12/15/19,13,9626.0887109375,8686.19358506944,1558.32504991319,64.6266896555159,19736.5345298937,,,,,,
12/15/19,14,9756.80343641493,8778.90157118056,1630.51316772461,63.6052470217811,20032.0677015516,,,,,,
12/15/19,15,9983.07317165799,8958.01254340278,1778.51788425022,62.1642652776506,20627.6445762804,,,,,,
12/15/19,16,10266.0689279514,9464.95709418403,1999.3969152832,63.9557295248244,21732.8723825412,,,,,,
12/15/19,17,11317.4980392795,10418.2196375868,2310.25458631727,74.7496594683329,24155.067648112,,,,,,
12/15/19,18,12639.9132910156,11751.3360112847,2646.45700249566,83.334559319814,27189.2302522786,,,,,,
12/15/19,19,12842.9288487413,12006.136655816,2683.60645399306,83.9329620785183,27682.6691851128,,,,,,
12/15/19,20,12760.0080566406,12037.8948328993,2653.44333414714,84.4565258068509,27595.6687521701,,,,,,
12/15/19,21,12555.4725184462,11916.8892730035,2576.28920057509,84.2024846310086,27178.1035970052,,,,,,
12/15/19,22,12062.6491069878,11535.016750217,2453.5796758355,81.7906387816535,26181.6749175347,,,,,,
12/15/19,23,11191.4779199219,10815.3361924913,2246.54293945313,78.5510123464796,24388.2650287543,,,,,,
12/15/19,24,10405.3915364583,10115.3666124132,2039.03296671549,76.6130832481384,22700.0782318793,,,,,,
12/16/19,1,9955.04272786458,9702.38500868056,1941.80135538737,75.8110057089064,21731.6163650174,,,,,,
12/16/19,2,9658.92690104167,9410.77480034722,1877.30432657878,76.6378039338854,21077.7446891276,,,,,,
12/16/19,3,9484.76468098958,9282.83699544271,1834.43385036892,78.7901789326138,20727.7644292535,,,,,,
12/16/19,4,9491.82902126736,9326.76028537326,1830.2953274197,82.1157034598456,20776.9679513889,,,,,,
12/16/19,5,9805.27467664931,9679.07659830729,1909.2842594401,88.583416372935,21527.7231027561,,,,,,
12/16/19,6,10636.8462868924,10500.3508865017,2106.54377522786,97.6776060252719,23386.0756266276,,,,,,
12/16/19,7,11963.8369618056,11668.6363585069,2403.35083875868,107.776019914415,26207.3498594835,,,,,,
12/16/19,8,12742.3832269965,12096.651359592,2516.92610894097,107.911726457808,27504.1040912543,,,,,,
12/16/19,9,12155.9643174913,11909.9694867622,2357.05842827691,97.0205213546753,26445.1564420573,,,,,,
12/16/19,10,11484.2460959201,11558.8861414931,2171.87066189236,87.466535627577,25120.6102373589,,,,,,
12/16/19,11,10855.8704481337,11258.8994270833,2025.09137980143,79.5502514033847,24004.0094645182,,,,,,
12/16/19,12,10407.2363346354,10953.2056315104,1920.17652248806,73.8913512717353,23122.3077498372,,,,,,
12/16/19,13,10248.4688617622,10840.5392762587,1900.74057522244,68.9916023805406,22829.3062665473,,,,,,
12/16/19,14,10347.5636968316,10849.6003190104,1963.56226860894,65.430696715249,23020.373196072,,,,,,
12/16/19,15,10650.7943522135,10932.9096006944,2090.27611219618,63.5999212773161,23585.6389108615,,,,,,
12/16/19,16,11347.5453710938,11277.7021636285,2293.14949679905,65.8183975156148,24945.2998448351,,,,,,
12/16/19,17,12428.6511230469,12104.819156901,2576.78217285156,77.7375656848484,27231.2988216146,,,,,,
12/16/19,18,13664.4904861111,13363.25953125,2910.60662597656,88.7449790636698,30077.8749669054,,,,,,
12/16/19,19,13849.5962131076,13517.3525260417,2944.81349826389,91.9533762168884,30450.970398763,,,,,,
12/16/19,20,13682.4823871528,13419.7830251736,2880.22207573785,94.3600032785204,30118.4242285156,,,,,,
12/16/19,21,13362.7116189236,13201.4540961372,2783.81793240017,94.5591208224826,29470.9269797092,,,,,,
12/16/19,22,12752.4824490017,12697.5549652778,2621.54980495877,93.8351574685838,28195.0577690972,,,,,,
12/16/19,23,11786.1056011285,11853.896890191,2374.41155436198,90.7636301358541,26139.740789388,,,,,,
12/16/19,24,10895.3281239149,10983.8898480903,2164.20045681424,89.2358747143216,24170.453577474,,,,,,
12/17/19,1,10337.9507823351,10405.2770551215,2042.16064331055,89.8650662252638,22914.2835818142,,,,,,
12/17/19,2,10004.6201106771,10013.2473133681,1955.67673787435,91.5668944401211,22101.2796381293,,,,,,
12/17/19,3,9721.62675347222,9810.75909613715,1908.90566772461,95.2311295933194,21566.6967697483,,,,,,
12/17/19,4,9674.6124077691,9803.68652235243,1903.62564453125,99.558970536126,21511.1060807292,,,,,,
12/17/19,5,9947.03967230903,10122.6276909722,1976.16763414171,106.051665897369,22175.9115435113,,,,,,
12/17/19,6,10722.9165288628,10868.0299186198,2177.94501030816,115.283675859239,23905.1545670573,,,,,,
12/17/19,7,11993.6278518363,11973.3928871339,2478.3462475433,125.184008230135,26605.6070092866,,,,,,
12/17/19,8,12850.4762326389,12280.0938216146,2562.59230740017,124.612262407939,27820.338828125,,,,,,
12/17/19,9,12688.0491894531,12203.1600651042,2381.61361843533,110.589622792138,27255.1245551215,,,,,,
12/17/19,10,12351.6046820747,11902.8189127604,2173.17061577691,98.2123293643528,26298.9635356988,,,,,,
12/17/19,11,11834.0420909288,11571.679749349,2033.9697406684,87.4029135407342,25293.7080403646,,,,,,
12/17/19,12,11346.3091102431,11328.6334114583,1918.4983988444,78.8744059944153,24451.0571609158,,,,,,
12/17/19,13,11200.271421441,11156.1104578993,1916.04568413628,73.4264522510105,24140.7051190864,,,,,,
12/17/19,14,11449.8152701823,11268.2036621094,1958.04936143663,69.4535836961534,24593.8393763563,,,,,,
12/17/19,15,11581.4290722656,11285.1459765625,2127.81413953993,69.0924286866917,25026.0363574219,,,,,,
12/17/19,16,11924.7748719618,11613.6885047743,2303.71684109158,75.0611558596293,25927.0035948351,,,,,,
12/17/19,17,12584.0548665365,12371.4339290365,2564.9105335829,85.6529865582784,27631.0040652127,,,,,,
12/17/19,18,13635.3846386719,13435.7301942274,2891.83911810981,93.9620263926188,30099.9038151042,,,,,,
12/17/19,19,13800.7566438802,13495.777218967,2908.85655707465,96.3851601367527,30351.9496072049,,,,,,
12/17/19,20,13644.1284233941,13408.1670182292,2867.30273871528,96.8758676274617,30060.7298936632,,,,,,
12/17/19,21,13321.875874566,13157.3549555122,2787.0573312717,94.9271457311842,29399.3985281033,,,,,,
12/17/19,22,12668.5369205729,12683.5456391059,2617.29488308377,92.5108550855849,28090.444577908,,,,,,
12/17/19,23,11653.8473242188,11870.6754752604,2380.78782362196,88.8065743594699,26025.3228613281,,,,,,
12/17/19,24,10729.6369487847,11014.9214811198,2168.46782389323,85.8120738199022,24037.3428971354,,,,,,
12/18/19,1,10189.7459385851,10380.9151161024,2041.42543728299,85.4266017956204,22729.0948101128,,,,,,
12/18/19,2,9759.23300998264,10037.0279025608,1961.71697903103,86.1993754641215,21850.4342323134,,,,,,
12/18/19,3,9523.49326822917,9876.96861002604,1915.26148532444,89.5050717544556,21407.8920616319,,,,,,
12/18/19,4,9521.13842664931,9881.37312065972,1903.6665890842,94.2793229929606,21399.0327284071,,,,,,
12/18/19,5,9805.25509982639,10203.1320800781,1976.65679782444,99.6513745244344,22081.1569373915,,,,,,
12/18/19,6,10554.0998513455,10980.3052745226,2172.3445445421,108.740162910885,23812.5593391927,,,,,,
12/18/19,7,11729.011265191,12101.2726746962,2490.12754123264,118.788785192702,26444.8070220269,,,,,,
12/18/19,8,12567.1193109809,12505.6697547743,2570.39741780599,117.90946097268,27755.9717323134,,,,,,
12/18/19,9,12542.4725531684,12637.8668641493,2479.6223840332,111.562450464037,27742.3493608941,,,,,,
12/18/19,10,12286.6226812066,12536.4034006076,2452.26252712674,102.138536771139,27330.1128168403,,,,,,
12/18/19,11,11969.6900401476,12403.3148361545,2292.51179009332,92.7479991552565,26713.0838547092,,,,,,
12/18/19,12,11639.8840516493,11937.8327582465,2251.10155815972,83.608267065684,25885.2101057943,,,,,,
12/18/19,13,11502.0558094618,11452.7885481771,2304.56116834852,80.342525223626,25295.8452642144,,,,,,
12/18/19,14,11559.9745681424,11497.2949446615,2038.6425797526,74.0722002283732,25137.8016444227,,,,,,
12/18/19,15,11729.6652306927,11601.4478593722,2118.3060475481,74.7730733405219,25519.7576061818,,,,,,
12/18/19,16,12067.2600998264,11693.2992371962,2293.41858425564,82.9897630733914,26132.5248106554,,,,,,
12/18/19,17,12710.2244552951,12361.3627365451,2589.10784478082,89.1598825560676,27763.0060129123,,,,,,
12/18/19,18,13576.390859375,13468.0293196615,2926.65211642795,92.8568567975362,30091.9537944878,,,,,,
12/18/19,19,13619.4486219618,13611.6238205295,2962.91477864583,94.0790347586738,30322.9026855469,,,,,,
12/18/19,20,13380.5212022569,13500.9579774306,2941.12071370443,94.5509212642246,29947.7693413628,,,,,,
12/18/19,21,13005.0768467882,13291.5429991319,2851.10871392144,93.5600147649977,29264.3905240885,,,,,,
12/18/19,22,12417.006312934,12909.9112934028,2707.0243633355,91.4067705938551,28146.1770301649,,,,,,
12/18/19,23,11446.3777148437,12102.403608941,2473.95773166233,88.612957089742,26135.1037673611,,,,,,
12/18/19,24,10563.9043760851,11237.4286588542,2253.96272813585,87.315431382921,24146.5060812717,,,,,,
12/19/19,1,10416.7009364149,10632.5627799479,2125.83523301866,87.6446354463365,23267.891946072,,,,,,
12/19/19,2,10062.3740288628,10259.6775705295,2044.33410224067,90.0280508422852,22455.8121473524,,,,,,
12/19/19,3,9851.05033420139,10086.2725792101,2000.04134073893,93.6028155920241,22031.703758138,,,,,,
12/19/19,4,9807.95913628472,10072.375405816,1981.65242513021,97.7345411470201,21954.9005040148,,,,,,
12/19/19,5,9989.31133246528,10376.6424598524,2066.06858818902,104.59438527849,22531.137116428,,,,,,
12/19/19,6,10423.7186729601,11112.3581727431,2257.6571883138,114.373871534136,23899.992438151,,,,,,
12/19/19,7,11584.5268815104,12252.4632476128,2558.43686930339,124.919501929392,26521.3729427083,,,,,,
12/19/19,8,12402.6648719618,12607.7183485243,2665.64451226128,124.33330900828,27785.6854541016,,,,,,
12/19/19,9,12138.5055978733,12309.3570974392,2491.30135687934,110.795180581411,26970.0926150174,,,,,,
12/19/19,10,11736.6892675781,11790.6033311632,2242.85522054036,97.7049931377835,25708.6973187934,,,,,,
12/19/19,11,11302.4676291233,11433.8553971354,2086.66544935438,86.8417482291328,24698.7142225477,,,,,,
12/19/19,12,10929.0197384983,11077.7903417969,1988.93434366862,77.4671251572503,23853.2958656141,,,,,,
12/19/19,13,10751.0409700521,10653.5050716146,1953.03677313911,70.400146261851,23338.4280287001,,,,,,
12/19/19,14,10760.7891460503,10774.9052224392,1961.90513644748,59.5681613328722,23474.0329614258,,,,,,
12/19/19,15,11029.8481846788,10924.4476182726,2093.76637722439,48.7361764038934,23956.8368880208,,,,,,
12/19/19,16,11505.2259396701,11450.8565115017,2281.7208327908,64.5598550044166,25236.5487679036,,,,,,
12/19/19,17,12188.784313151,11764.8468532986,2572.5645686849,74.1501816007826,26617.2093478733,,,,,,
12/19/19,18,13228.1109505208,13247.5026052517,2892.35032118056,83.958885222541,29464.2708007813,,,,,,
12/19/19,19,13282.865749783,13323.544812283,2909.06603814019,87.5703514671326,29630.8276019965,,,,,,
12/19/19,20,13094.0240831163,13269.0379014757,2866.02012912326,90.8386816596985,29345.80125,,,,,,
12/19/19,21,12755.6234450955,13068.6787619358,2798.23672281901,92.3581064118279,28739.3187803819,,,,,,
12/19/19,22,12206.9079286024,12637.3567230903,2653.05965223524,91.8937078094482,27615.9110101997,,,,,,
12/19/19,23,11363.8335709635,12003.5383257378,2418.72982259115,89.3628478092618,25901.2862532552,,,,,,
12/19/19,24,10495.8978374566,11173.8877018229,2206.36614990234,87.9139028167725,23968.2986192491,,,,,,
12/20/19,1,10053.2604003906,10526.7028765191,2127.15020399306,88.1769378577338,22803.9762972005,,,,,,
12/20/19,2,9669.11274305556,10111.9470345052,2050.75963935004,89.1936910480923,21931.802273763,,,,,,
12/20/19,3,9448.0280859375,9879.67806315104,1995.49206434462,91.9464100350274,21427.1153819444,,,,,,
12/20/19,4,9410.94582465278,9815.09587131076,2003.7910164388,95.6240248171489,21334.9929486762,,,,,,
12/20/19,5,9685.08116970486,10095.0771853299,2056.21631334093,100.902509579129,21946.4801443142,,,,,,
12/20/19,6,10368.9923741319,10807.1353233507,2213.5212491862,108.928364376492,23504.0345209418,,,,,,
12/20/19,7,11522.0984277344,11813.7270084635,2497.97476698134,117.393992689061,25968.0011808199,,,,,,
12/20/19,8,12254.9142719184,12151.6780143229,2565.92589192708,115.294369184706,27085.6720274523,,,,,,
12/20/19,9,11991.5464409722,11923.7234711372,2385.47301784939,102.220572274526,26310.421858724,,,,,,
12/20/19,10,11544.848812934,11552.2156271701,2172.79662841797,92.5699058808221,25193.5204573568,,,,,,
12/20/19,11,11046.6308463542,11244.0832530382,2019.13875474718,79.4980300246345,24209.1886642795,,,,,,
12/20/19,12,10670.0129817708,10950.3164279514,1919.71163072374,69.6225525580512,23416.2666384549,,,,,,
12/20/19,13,10805.8258051215,10784.8663834635,1884.17524522569,66.2106569480896,23367.0497786458,,,,,,
12/20/19,14,10988.6196625434,10815.1430902778,1983.31026760525,62.5712226719326,23780.4518956163,,,,,,
12/20/19,15,11068.139516059,10931.6402441406,2112.80119032118,60.2680208524068,24153.9660351562,,,,,,
12/20/19,16,11431.3507628038,11256.8908962674,2273.75677164714,63.8100941859351,25042.2948101128,,,,,,
12/20/19,17,12205.176422526,11973.4634982639,2513.91418891059,72.4403126547072,26788.9126616753,,,,,,
12/20/19,18,13084.1849652778,12867.7768608941,2795.5494539388,80.3673077413771,28868.5319325087,,,,,,
12/20/19,19,13048.7208626302,12815.2157628038,2756.40597520616,82.1930390209622,28756.430578342,,,,,,
12/20/19,20,12786.3408094618,12574.8796582031,2676.53648464627,83.7817063797845,28172.3401453993,,,,,,
12/20/19,21,12480.3977690972,12333.5742925347,2586.0019289822,83.991908853319,27529.0638237847,,,,,,
12/20/19,22,12086.9413845486,12039.0345920139,2485.54262830946,82.9377058601379,26742.0895865885,,,,,,
12/20/19,23,11362.9159006076,11419.0401801215,2307.03975531684,80.589266166687,25219.901108941,,,,,,
12/20/19,24,10604.0203515625,10679.1349924045,2116.11752685547,79.2668969196743,23530.4600303819,,,,,,
12/21/19,1,10077.7716059028,10132.6259765625,2004.09331285265,78.267578930325,22332.9494509549,,,,,,
12/21/19,2,9665.1574468316,9722.35559244792,1921.32215426975,78.6826531071133,21427.6826047092,,,,,,
12/21/19,3,9376.26980034722,9476.93566297743,1890.86970852322,80.5766446134779,20864.0350900608,,,,,,
12/21/19,4,9235.16249348958,9345.83391818576,1863.19573784722,83.282907347423,20565.4307095506,,,,,,
12/21/19,5,9291.86008463542,9425.02935221354,1882.81958224826,87.0326762559679,20720.7768842231,,,,,,
12/21/19,6,9596.27176649306,9741.87411892361,1919.72659790039,93.067076786889,21387.6449717882,,,,,,
12/21/19,7,10195.1080848524,10192.1721462674,2040.19310126411,101.162581910027,22557.2644666884,,,,,,
12/21/19,8,10744.7698155382,10374.4923057726,2122.12862060547,103.807876427968,23367.980195855,,,,,,
12/21/19,9,11097.8483398437,10581.5684950087,2131.33147488064,98.0299145995246,23910.0394108073,,,,,,
12/21/19,10,11217.1337890625,10525.6113791233,2119.60219143338,90.8047310532464,23940.0470155165,,,,,,
12/21/19,11,11049.2873318142,10361.9200835503,1985.15460571289,80.6302961179945,23453.0773811849,,,,,,
12/21/19,12,10848.0376291233,10072.3812554253,1882.6278910319,71.0528304311964,22836.3787007479,,,,,,
12/21/19,13,10701.2553363715,9901.20059678819,1873.75032077365,67.6223328124152,22503.4862749566,,,,,,
12/21/19,14,10712.8748491753,9879.89689453125,1856.65178466797,61.1247308254242,22483.4386876085,,,,,,
12/21/19,15,10808.4889941406,10017.2988541667,2057.50574639214,58.4801134586334,22959.245016276,,,,,,
12/21/19,16,11079.8761794705,10325.8487358941,2165.63359429253,61.4259175364176,23659.4256222873,,,,,,
12/21/19,17,11666.017249349,11037.1374576823,2386.15299777561,70.232467918396,25185.2794259983,,,,,,
12/21/19,18,12563.2321419271,12070.0418684896,2645.28359076606,77.2653016895718,27403.2534765625,,,,,,
12/21/19,19,12526.3938031684,12132.2886436632,2641.28897379557,79.3876703707377,27418.6768272569,,,,,,
12/21/19,20,12294.9585008343,12026.8738360766,2588.09790043743,80.6059392765911,27018.1865083758,,,,,,
12/21/19,21,12039.5537706163,11866.3919390191,2529.76337022569,80.5520639461941,26543.1513226997,,,,,,
12/21/19,22,11674.7086328125,11558.4658626302,2435.44566026476,79.3872115940518,25771.6064496528,,,,,,
12/21/19,23,11047.701484375,10997.3871961806,2275.61016276042,75.959584435357,24420.4085991753,,,,,,
12/21/19,24,10335.7264561632,10365.3601866319,2093.42240315755,74.1357998699612,22899.7939675564,,,,,,
12/22/19,1,9865.61503689236,9819.78108615451,1970.01413994683,73.2272950405545,21763.7605891927,,,,,,
12/22/19,2,9467.37005642361,9426.76901041667,1870.53484429253,72.7916235266791,20869.969124349,,,,,,
12/22/19,3,9190.15936306424,9186.93092447917,1806.03892768012,74.1017445924547,20287.3545914714,,,,,,
12/22/19,4,9058.12436414931,9031.79461805556,1774.47373996311,75.5884273643539,19963.8699186319,,,,,,
12/22/19,5,9074.04473415799,9048.72523763021,1782.00346462674,78.2898665004306,20003.595882704,,,,,,
12/22/19,6,9284.07314019097,9233.76917534722,1834.0462886556,83.7130020289951,20461.6809006076,,,,,,
12/22/19,7,9691.81294487847,9596.67625759549,1942.4715745714,90.1856298806932,21350.6009027778,,,,,,
12/22/19,8,10166.530859375,9788.66976888021,2049.7071633572,94.7233427619934,22130.8666314019,,,,,,
12/22/19,9,10506.37046875,10034.1595583767,2188.44106906467,93.8050208134121,22829.2825840929,,,,,,
12/22/19,10,10639.6756163194,9971.35389322917,2184.53285020616,88.7320704248216,22879.1162201606,,,,,,
12/22/19,11,10817.1090733507,9934.76502712674,2211.08578070747,81.4448837386237,23024.4901638455,,,,,,
12/22/19,12,10847.9234568761,9718.16858148897,2159.3919179574,75.7324927944607,22794.5256939019,,,,,,
12/22/19,13,10876.4996571181,9577.76295247396,2071.10767306858,67.1228684001499,22593.6384570313,,,,,,
12/22/19,14,10860.5536783854,9716.45235026042,2088.24625868056,61.9097383668688,22742.1650027127,,,,,,
12/22/19,15,10874.6201812066,10035.495562066,2106.18271877713,61.7710798634423,23103.9765190972,,,,,,
12/22/19,16,10984.1029014757,10343.6225564236,2199.38399522569,64.1792996173435,23618.3552636719,,,,,,
12/22/19,17,11602.3610449219,10996.0447048611,2427.33572862413,72.1296350394355,25122.5100157335,,,,,,
12/22/19,18,12502.3516623264,11974.5344184028,2685.84408365885,77.8508345222473,27289.9556846788,,,,,,
12/22/19,19,12522.3744281684,12067.8835112847,2677.0173055013,78.6955778651767,27388.1219878472,,,,,,
12/22/19,20,12367.7749952513,11965.954925562,2635.75216424312,78.0577483985958,27094.1903396267,,,,,,
12/22/19,21,12123.2533116319,11789.1583062066,2569.31497043186,75.6924241850111,26604.2625976562,,,,,,
12/22/19,22,11701.4283637153,11445.7354437934,2490.10727918837,72.3932984076606,25753.6521620009,,,,,,
12/22/19,23,10998.6671191406,10794.9569661458,2283.19599934896,68.5470015419854,24192.9041634115,,,,,,
12/22/19,24,10226.9078841146,10095.7415266927,2071.79346354167,64.9613848834568,22505.5596392144,,,,,,
12/23/19,1,9722.91731011285,9632.20522894965,2008.31097466363,63.1463348674774,21472.7002143012,,,,,,
12/23/19,2,9384.39745876736,9272.00508463542,1901.39056260851,62.488749628067,20659.3275412326,,,,,,
12/23/19,3,9202.15318684896,9092.50675130208,1869.43941975911,64.6996097384559,20266.6920675998,,,,,,
12/23/19,4,9353.00982204861,9082.35699001736,1862.8510696072,67.0078391202291,20400.4600417752,,,,,,
12/23/19,5,9757.22156684028,9241.61183485243,1910.12512776693,70.4870035447015,21010.9471440972,,,,,,
12/23/19,6,10369.8270518663,9828.96728732639,2015.38104641385,76.6233373705546,22315.8280734592,,,,,,
12/23/19,7,11091.3227593316,10644.0219118924,2231.53868489583,83.418682223426,24011.5362749566,,,,,,
12/23/19,8,11770.8426171875,11359.0492447917,2403.58097954644,88.1838941997952,25578.8767030165,,,,,,
12/23/19,9,12082.6365668403,11933.3612944878,2548.71553087023,87.8366622331407,26655.0437299262,,,,,,
12/23/19,10,11959.919453125,12299.6266829427,2660.81367051866,84.9470193460253,26994.9813568793,,,,,,
12/23/19,11,11551.7064941406,12423.2997732205,2699.57413113064,81.5056259451972,26775.2226063368,,,,,,
12/23/19,12,11170.9263925284,12406.8789920968,2666.51123069155,78.9464815484073,26331.5173278085,,,,,,
12/23/19,13,10845.3940288628,12309.3036317274,2674.6715882704,78.7429226430257,25924.9144439019,,,,,,
12/23/19,14,10753.2609277344,12210.7795345052,2597.3568484158,77.7965603319804,25665.2656206597,,,,,,
12/23/19,15,10997.2889594184,12158.4178873698,2461.03007459852,77.8861399714152,25720.581351454,,,,,,
12/23/19,16,11320.8783865017,12165.1222276476,2505.36009033203,79.906261783176,26054.0494640655,,,,,,
12/23/19,17,12037.3949967448,12450.0828059896,2658.49033365885,85.5236322784424,27161.0856472439,,,,,,
12/23/19,18,13071.0203070747,13166.6252788628,2873.27006808811,87.0856905958388,29205.5451833767,,,,,,
12/23/19,19,13122.035531684,13126.5724945747,2846.70223171658,85.8581997595893,29269.5310394965,,,,,,
12/23/19,20,12938.782718099,12981.3586631944,2782.53682617187,83.7381799401177,28877.5307432726,,,,,,
12/23/19,21,12663.1313346354,12744.8772775608,2695.25854926215,81.3083888583713,28249.6195692274,,,,,,
12/23/19,22,12226.3656542969,12351.5411469184,2558.40126600477,77.6233263100518,27291.1589154731,,,,,,
12/23/19,23,11504.2973773872,11661.2176551649,2359.61270019531,73.8155529912313,25675.0393690321,,,,,,
12/23/19,24,10694.3257921007,10843.3907703993,2139.43613661024,70.1450003009372,23821.0236930339,,,,,,
12/24/19,1,10080.2530718316,10158.3278417969,1994.13147013346,67.8547989866469,22347.7202115885,,,,,,
12/24/19,2,9680.65018771701,9727.71044053819,1888.49149793837,66.4296176380581,21408.02691352,,,,,,
12/24/19,3,9657.01995876736,9443.49113715278,1823.66647488064,66.513605509864,21037.3743755425,,,,,,
12/24/19,4,9665.37187608507,9337.91055230035,1796.17917534722,67.4745915455288,20913.7061664497,,,,,,
12/24/19,5,9822.81426215278,9462.63270290799,1822.51924302843,70.1343643421597,21222.2924316406,,,,,,
12/24/19,6,10289.4862434896,9871.32631184896,1922.29459282769,75.5905351511637,22203.439828559,,,,,,
12/24/19,7,11014.6730598958,10473.3909255642,2092.63693074544,81.2288251728482,23707.1175585937,,,,,,
12/24/19,8,11575.1323567708,10738.2979774306,2190.39150906033,85.3094778103299,24651.419183406,,,,,,
12/24/19,9,11537.7133170573,10790.646188151,2175.79171468099,86.0459798855252,24630.7102061632,,,,,,
12/24/19,10,11181.956531033,10540.2146983507,2065.80256713867,82.8621240446303,23876.5613848199,,,,,,
12/24/19,11,11000.3895789931,10343.1493381076,1997.99906453451,78.3582836426629,23377.0612630208,,,,,,
12/24/19,12,11010.6355490451,10038.2827332899,1910.74307196723,71.5233371988932,23017.2538815647,,,,,,
12/24/19,13,11119.557483724,9825.09860134549,1946.13490573459,66.7384219741821,22917.2593183051,,,,,,
12/24/19,14,11305.2992209201,9935.02166666667,1989.22731133355,62.6650140327877,23233.9676931424,,,,,,
12/24/19,15,11245.4807172309,9913.50968858507,2078.84794392904,63.5009717008803,23259.5314493815,,,,,,
12/24/19,16,11342.9581184896,10223.7595334201,2271.161484375,66.2308275222778,23911.5742205235,,,,,,
12/24/19,17,11795.1983875868,10853.7110167101,2478.71457682292,73.0610782496134,25240.2880246311,,,,,,
12/24/19,18,12469.6492437066,11848.207109375,2692.66975423177,79.7227437824673,27143.9494249132,,,,,,
12/24/19,19,12190.1709179687,11672.7962261285,2612.7494905599,79.0702006106906,26617.2987451172,,,,,,
12/24/19,20,11820.8853363715,11365.3325835503,2526.28070990668,79.4784279738532,25842.7744471571,,,,,,
12/24/19,21,11537.414046224,11145.875984158,2461.94085096571,79.0900448417664,25280.0004486762,,,,,,
12/24/19,22,11275.5623947483,10943.6107823351,2395.63273139106,77.8897745471531,24741.7348383246,,,,,,
12/24/19,23,10779.1231434462,10613.1257128906,2269.18799967448,75.7479914898342,23779.6793728299,,,,,,
12/24/19,24,10189.280138653,10105.7499768852,2113.31566180565,73.2578646124058,22523.9554280599,,,,,,
12/25/19,1,9745.22194335937,9692.29602864583,2000.164361301,71.3123543972439,21549.8242588976,,,,,,
12/25/19,2,9536.99653537326,9370.45340060764,1905.63762641059,70.9531726815965,20929.4096771918,,,,,,
12/25/19,3,9447.83819769965,9114.89671332465,1837.78660617405,72.9006979497274,20519.6662559679,,,,,,
12/25/19,4,9301.42172743056,8926.49900390625,1801.0517179362,74.0658243115743,20146.5690977648,,,,,,
12/25/19,5,9331.3388140191,8948.64774305556,1803.77931925456,77.8633847024706,20202.9181814236,,,,,,
12/25/19,6,9556.74831597222,9134.57406141493,1866.7194136556,82.0650441127353,20686.1275406901,,,,,,
12/25/19,7,9930.08412000868,9387.60581705729,1968.87463121202,87.7421890894572,21423.8687950304,,,,,,
12/25/19,8,10331.2390505642,9418.27962131076,2025.93949869792,91.6541764132182,21911.8507910156,,,,,,
12/25/19,9,10440.5999902344,9423.29651367188,1913.22008761936,88.472256427341,21865.0384130859,,,,,,
12/25/19,10,10366.1013335503,9167.22650282118,1735.63282321506,80.9414582994249,21294.2272875977,,,,,,
12/25/19,11,10552.5940071615,9093.63616753472,1665.6398059082,74.028614332411,21389.6605490451,,,,,,
12/25/19,12,10469.1364626736,9169.15094292535,1640.75652940538,71.5505272759332,21366.1066701931,,,,,,
12/25/19,13,10607.1172352431,9220.51212456597,1749.55750596788,71.4721418295966,21593.5798328993,,,,,,
12/25/19,14,10798.8668413628,9114.06678059896,1813.33081353082,70.2000013054742,21801.8007288954,,,,,,
12/25/19,15,10688.411422526,9331.93670355903,1865.36025404188,67.403242471483,21983.3170442708,,,,,,
12/25/19,16,10551.3587358941,9664.99516276042,1989.19422092014,70.5997811974419,22327.5871967231,,,,,,
12/25/19,17,11034.7527289497,10374.3707302517,2229.65307861328,75.9442151535882,23756.9615060764,,,,,,
12/25/19,18,11691.6272330729,11324.2745909288,2473.88486029731,80.5388360044691,25628.7207606337,,,,,,
12/25/19,19,11650.1588085937,11354.2675260417,2471.93531005859,81.1947801801893,25628.7314029948,,,,,,
12/25/19,20,11551.7835167101,11330.9791807726,2441.57027642144,81.3672217496236,25470.4714659288,,,,,,
12/25/19,21,11425.4637282986,11271.4726844618,2410.74873914931,80.8930089484321,25246.4248893229,,,,,,
12/25/19,22,11129.5834592014,11025.6126801215,2342.00315131293,78.8097569974263,24623.8554123264,,,,,,
12/25/19,23,10556.2810058594,10582.0895789931,2194.5897664388,75.368595805698,23449.1339621311,,,,,,
12/25/19,24,9937.78996060966,10036.3367611815,2015.90429582788,72.7841222621413,22108.5687717014,,,,,,
12/26/19,1,9462.34686306424,9559.52141710069,1908.16309149848,70.8548902617561,21041.4197884115,,,,,,
12/26/19,2,9297.12626519097,9278.18452582465,1829.38117784288,69.9595450189379,20519.6809814453,,,,,,
12/26/19,3,9300.90120334201,9145.22254665799,1789.29934027778,70.520136036343,20357.1235020616,,,,,,
12/26/19,4,9287.8850922309,9149.38275716146,1788.39956759983,72.0736392402649,20351.8223763021,,,,,,
12/26/19,5,9503.92324001736,9358.68939887153,1854.57511583116,75.5982155630324,20844.537077908,,,,,,
12/26/19,6,9743.87334635417,9851.048203125,2007.77533406576,80.5153691122267,21731.6583333333,,,,,,
12/26/19,7,10524.669812283,10658.5358680556,2211.79472357856,86.291162308587,23522.0662190755,,,,,,
12/26/19,8,11153.0344346788,11133.2291200087,2382.98416259766,91.4666380373637,24804.3508175998,,,,,,
12/26/19,9,11336.9036046007,11574.4284971788,2439.63431070964,91.9663504494561,25477.151921658,,,,,,
12/26/19,10,11017.0231651476,11831.0858854167,2224.02399522569,91.1815934880575,25184.9863427734,,,,,,
12/26/19,11,10531.9023307292,12043.6416493056,2094.81372083876,89.583250802358,24775.2359836155,,,,,,
12/26/19,12,10155.3680555556,12131.1133474392,2139.93207180447,86.7813883166843,24527.8086230469,,,,,,
12/26/19,13,10011.9349544271,11922.5538465712,2051.87022691515,85.2568125428094,24095.1142610677,,,,,,
12/26/19,14,10042.4429123264,11821.7431987847,2221.20045654297,84.8137095006307,24203.2771853299,,,,,,
12/26/19,15,10224.6720724826,11753.7382823351,2340.09625840929,84.5405840640598,24437.0250726997,,,,,,
12/26/19,16,10769.3246950955,11702.9765483941,2481.87287190755,85.3311897320218,25101.5994131031,,,,,,
12/26/19,17,11647.1446820747,12243.6499620226,2637.64012044271,90.0266605356005,26687.8829410807,,,,,,
12/26/19,18,12802.0130067274,13269.0904286024,2844.40267605252,91.9754531394111,29112.489328342,,,,,,
12/26/19,19,12951.8941786024,13382.826890191,2839.39951524523,90.1118767992655,29360.7183344184,,,,,,
12/26/19,20,12744.2487543403,13233.7625336372,2775.25912245009,88.5414963743422,28924.5555457899,,,,,,
12/26/19,21,12488.4307986111,13047.026875,2695.05355170356,86.9665571890937,28395.1901220703,,,,,,
12/26/19,22,12086.0147634549,12649.5536957465,2565.69390896267,83.2656794781155,27453.8139599609,,,,,,
12/26/19,23,11293.0165483941,11898.1178016493,2362.98847140842,79.9491574880812,25702.3686078559,,,,,,
12/26/19,24,10514.1787825521,11088.3584125434,2162.83794569227,76.9123842875163,23897.057909454,,,,,,
12/27/19,1,10060.2964670139,10470.2369227431,2051.78368950738,75.6342816204495,22709.9707763672,,,,,,
12/27/19,2,9885.06132921007,10026.644984809,1996.69734524197,76.1987908871969,22031.6724755859,,,,,,
12/27/19,3,9898.60367838542,9751.54725911458,1942.93573594835,77.9140058665805,21713.765422092,,,,,,
12/27/19,4,9895.24512912326,9582.40338107639,1920.62874186198,80.4732050832113,21523.5399880642,,,,,,
12/27/19,5,10011.5421864149,9718.42019097222,1982.25487440321,84.8762107679579,21836.2749658203,,,,,,
12/27/19,6,10255.9779470486,10308.5182204861,2087.39013536241,91.1952793799506,22787.0935454644,,,,,,
12/27/19,7,11075.2586263021,11090.9507128906,2294.56922580295,96.9860997305976,24609.8957790799,,,,,,
12/27/19,8,11664.6581901665,11437.6111736163,2357.79031633483,99.5556731902228,25609.5037749566,,,,,,
12/27/19,9,11635.9516710069,11159.1873578559,2243.47199110243,91.5872923490736,25134.1863731554,,,,,,
12/27/19,10,11170.2735460069,10829.4604503038,2086.21294555664,83.8626464589437,24127.3262041558,,,,,,
12/27/19,11,10656.3444151476,10480.7676660156,1878.87516642253,79.8345457649231,23050.1409990777,,,,,,
12/27/19,12,10448.4538009983,10164.3426812066,1762.32330064562,75.6166818491618,22377.5874400499,,,,,,
12/27/19,13,10360.6980837674,9932.88491536458,1716.32411309136,71.3151147270203,21993.4142749023,,,,,,
12/27/19,14,10549.8188194444,9871.41632378472,1755.08934950087,69.9953771527608,22141.1012641059,,,,,,
12/27/19,15,10346.4036349826,10070.8933300781,1913.0024601237,68.9949530220032,22292.5083515082,,,,,,
12/27/19,16,10753.7795681424,10556.4966362847,2165.4152597385,71.8189847628276,23490.2718248155,,,,,,
12/27/19,17,11623.1504774306,11411.0001334635,2439.25703884549,81.8112922286987,25586.5042361111,,,,,,
12/27/19,18,12755.2302061632,12553.1198925781,2751.54267659505,90.8568118328518,28194.5319498698,,,,,,
12/27/19,19,12891.3588671875,12689.2387076823,2771.56948540582,92.9470663473341,28488.9889789497,,,,,,
12/27/19,20,12708.9942827691,12653.9045431858,2723.83083930122,93.9247036467658,28212.2452408854,,,,,,
12/27/19,21,12445.9012196181,12491.0089550781,2666.08400010851,92.9259019766913,27729.1088454861,,,,,,
12/27/19,22,12012.6129926215,12139.9012380642,2564.41897460937,90.6656040721469,26839.3845518663,,,,,,
12/27/19,23,11342.2322330729,11518.1507291667,2379.32875705295,87.6239250225491,25368.8832383898,,,,,,
12/27/19,24,10600.1951822917,10762.6959364149,2178.33197319878,85.9107886173109,23669.7430758081,,,,,,
12/28/19,1,10107.5123111979,10173.1142328559,2059.20902628581,84.8902466244168,22467.502702908,,,,,,
12/28/19,2,9729.22155815972,9806.88439778646,1968.12786227756,85.9392422379388,21631.7441427951,,,,,,
12/28/19,3,9481.34924479167,9522.89647352431,1924.75159979926,87.8909902530246,21061.0417909071,,,,,,
12/28/19,4,9393.38697048611,9408.11641167535,1933.36906060113,89.5422663879394,20863.6005593533,,,,,,
12/28/19,5,9484.53092664931,9458.40197157118,1953.45514363607,92.4334824752808,21026.2333376736,,,,,,
12/28/19,6,9854.07912109375,9755.72001736111,1986.98750691732,97.4416012488471,21738.7741997613,,,,,,
12/28/19,7,10396.095953776,10170.5718164062,2106.01230021159,103.947828110589,22824.3203401693,,,,,,
12/28/19,8,10790.3969548687,10267.3606419232,2153.74365497256,104.296743257228,23350.6066525608,,,,,,
12/28/19,9,10701.8733658854,10184.4209830729,2062.95122599284,98.231207086775,22998.5550846354,,,,,,
12/28/19,10,10269.545234375,9945.67341579861,1870.22611382378,90.90826204088,22006.8130683051,,,,,,
12/28/19,11,9906.48189019097,9654.49652994792,1815.35068915473,85.0074559444851,21265.5881835938,,,,,,
12/28/19,12,9650.02263780382,9455.82708658854,1760.60779446072,79.0923057980008,20748.7502010091,,,,,,
12/28/19,13,9395.86700846354,9274.60563042535,1733.24603271484,76.4906827735901,20286.8155322266,,,,,,
12/28/19,14,9422.13427517361,9184.38379991319,1731.16396484375,73.2960830095079,20227.3063283963,,,,,,
12/28/19,15,9718.40517795139,9255.25983072917,1849.85048136393,71.6167347102695,20757.2130807834,,,,,,
12/28/19,16,10058.1415993924,9626.36463867188,2026.77866034614,73.5796591885885,21733.0255040148,,,,,,
12/28/19,17,11013.4793250868,10426.3425716146,2273.78349229601,82.9811289045546,23823.5862250434,,,,,,
12/28/19,18,12180.9447677951,11807.5155870226,2606.02943223741,92.0987324926588,26717.2992285156,,,,,,
12/28/19,19,12321.1788140191,12035.9462358941,2649.64383707682,91.8665774832832,27127.3527202691,,,,,,
12/28/19,20,12163.3462923177,12013.3715711806,2621.60647786458,91.6699647098117,26916.8493956163,,,,,,
12/28/19,21,11950.6110753038,11876.9034874132,2566.73456651476,91.5082867622375,26520.1584787326,,,,,,
12/28/19,22,11575.5368760851,11581.0950965712,2479.47048882378,89.5127755249871,25765.350922309,,,,,,
12/28/19,23,10943.7836827257,11050.7097092014,2310.34184678819,86.7346563360426,24425.5311707899,,,,,,
12/28/19,24,10267.9415831163,10450.3524446615,2126.10204684787,85.85409356577,22960.5030609855,,,,,,
12/29/19,1,9742.80445963542,9945.07821289062,2008.96365288628,85.8303248808119,21822.1991937934,,,,,,
12/29/19,2,9371.95510850695,9566.6205327691,1923.72709513346,87.3204882325066,20989.1528363715,,,,,,
12/29/19,3,9164.26589626736,9335.6812000868,1863.93847113715,89.8363905737135,20485.1796728516,,,,,,
12/29/19,4,9061.21350043403,9234.49600911458,1837.50254367405,92.9595700115628,20255.1454459635,,,,,,
12/29/19,5,9063.55492621528,9258.18313259549,1851.72354329427,96.7633968522814,20297.5177398003,,,,,,
12/29/19,6,9271.84942491319,9445.34070203993,1913.2055714247,102.900000394185,20762.2313080512,,,,,,
12/29/19,7,9659.01122612847,9790.86253363715,2014.66354858398,110.200850332048,21597.5034629991,,,,,,
12/29/19,8,10009.4901934278,9783.94630314595,2030.74652031574,112.562207607978,21960.8055729167,,,,,,
12/29/19,9,10224.4112055122,9812.35970703125,1933.14750908746,101.892832592858,22017.3322406684,,,,,,
12/29/19,10,10270.2080544705,9834.76390733507,1771.385964898,92.6887643898858,21830.6992409939,,,,,,
12/29/19,11,10184.761765408,9600.21289822049,1722.02411797418,87.8119847318861,21466.0646440972,,,,,,
12/29/19,12,10354.4480230035,9267.55291232639,1657.69823771159,76.4269113328722,21234.804597168,,,,,,
12/29/19,13,10577.8756477865,9366.50730143229,1795.5952073839,73.4211365699768,21698.8433666992,,,,,,
12/29/19,14,10500.0323068576,9044.15584743924,2025.32790622287,71.6183417828878,21649.4590597873,,,,,,
12/29/19,15,10863.7503949653,9177.44034396701,2062.59096299913,74.4694160291884,22199.524109158,,,,,,
12/29/19,16,11168.0378982205,9757.9941937934,2054.56213704427,76.9899623764886,23095.5616889106,,,,,,
12/29/19,17,11699.4654470486,10633.3857096354,2299.91665771484,81.9150400373671,24748.2155658637,,,,,,
12/29/19,18,12531.4376866319,11822.6054665799,2651.40902479384,88.1767046589322,27134.601843533,,,,,,
12/29/19,19,12508.1610872396,12005.4320030382,2691.64375840929,89.3577426783244,27338.0141894531,,,,,,
12/29/19,20,12267.8521310764,11945.2511263021,2658.1242985026,89.6709679158529,27014.9262565104,,,,,,
12/29/19,21,11923.5697178819,11764.9293760851,2585.92133246528,89.901364809672,26403.9440364583,,,,,,
12/29/19,22,11512.0166579861,11363.111469184,2465.10071885851,87.5902458614773,25468.9902669271,,,,,,
12/29/19,23,10779.8350010851,10723.0871332465,2270.56821397569,82.9949961090088,23887.1526112196,,,,,,
12/29/19,24,10034.4911794705,10006.7504991319,2077.25972290039,80.5588326454163,22230.1345735677,,,,,,
12/30/19,1,9515.59237087674,9527.56362738715,1971.58042548286,79.3630534892612,21128.1899663628,,,,,,
12/30/19,2,9194.09481770833,9182.49914496528,1885.15271484375,80.2324024454753,20378.7466813151,,,,,,
12/30/19,3,9014.69181206597,8990.29758029514,1842.78859605577,81.2796569082472,19964.8381228299,,,,,,
12/30/19,4,8991.62345811632,8950.84417643229,1830.72529039171,83.1640644645691,19893.7909667969,,,,,,
12/30/19,5,9216.6441655816,9163.31645616319,1887.61563639323,87.378540303972,20391.1654014757,,,,,,
12/30/19,6,9797.18464409722,9708.12991970486,2031.25632080078,94.3080320760939,21665.5242019314,,,,,,
12/30/19,7,10667.557874349,10571.9349446615,2244.28294813368,102.662440416548,23610.6336827257,,,,,,
12/30/19,8,11313.7306673559,11024.3925599985,2387.71488604383,104.325363306809,24856.2299175347,,,,,,
12/30/19,9,11299.6492317708,11389.9983582899,2420.38535536024,99.5939032787747,25208.5152007378,,,,,,
12/30/19,10,10890.8836534288,11470.1971061198,2286.1475382487,90.97320104599,24759.8359353299,,,,,,
12/30/19,11,10411.5530436198,11465.8595182292,2223.09596435547,80.4127218564351,24176.7267111545,,,,,,
12/30/19,12,9995.1871375868,11230.6432725694,2320.75632676866,71.607188451555,23615.6039824761,,,,,,
12/30/19,13,9744.97619466146,11126.0475,2357.4063663737,66.2175104777018,23288.7586238607,,,,,,
12/30/19,14,9697.14921332465,10984.7772439236,2356.01986029731,63.14283402231,23109.8863796658,,,,,,
12/30/19,15,9943.13460720486,10985.5595171441,2299.74506510417,61.3256791051229,23286.7145502387,,,,,,
12/30/19,16,10561.5084201389,11218.1255381944,2350.17484076606,62.6885758728451,24191.3383219401,,,,,,
12/30/19,17,11521.8083648003,11660.6352875434,2554.32640380859,71.4555583911472,25872.2018343099,,,,,,
12/30/19,18,12708.7303135851,12705.2095692274,2830.68905300564,81.7271340115865,28414.5257302517,,,,,,
12/30/19,19,12874.6881499566,12774.4908268229,2840.3175,85.0500492011176,28646.829421658,,,,,,
12/30/19,20,12662.1395692274,12630.3888259549,2782.04144205729,87.0679208098518,28235.505609809,,,,,,
12/30/19,21,12339.9666373698,12390.0110047743,2690.04968722873,88.1681263224284,27581.6460698785,,,,,,
12/30/19,22,11842.6305761719,11943.1586176215,2548.79559326172,87.3612538719177,26492.2167686632,,,,,,
12/30/19,23,11077.6075065104,11209.4605295139,2335.58248046875,85.3313793690999,24774.6657150608,,,,,,
12/30/19,24,10308.3294162326,10390.4474077691,2119.01995035807,83.9576876280043,22967.0939067925,,,,,,
12/31/19,1,9837.47197048611,9861.85064236111,2002.28116197374,83.8170493231879,21829.64097602,,,,,,
12/31/19,2,9444.67226345486,9451.37433485243,1915.83156684028,85.1123431460063,20940.6600748698,,,,,,
12/31/19,3,9234.00852105035,9187.91806315104,1886.95901774089,87.7989899126689,20440.1904177517,,,,,,
12/31/19,4,9199.16914605035,9101.20853081597,1868.99417114258,91.6499013476902,20300.3601199002,,,,,,
12/31/19,5,9407.58296657986,9258.37968641493,1873.75352606879,96.5659293831719,20674.4425981988,,,,,,
12/31/19,6,9948.89873806424,9725.64827365451,1996.34577758789,102.876801868015,21809.2873611111,,,,,,
12/31/19,7,10729.9615700955,10352.6929405382,2185.03564643012,111.271281736162,23426.614039171,,,,,,
12/31/19,8,11256.2435971371,10474.1948744752,2256.97199518337,112.257647995419,24131.2519021267,,,,,,
12/31/19,9,11152.5774262153,10446.0200596788,2222.17563530816,101.215137401157,23850.6202471246,,,,,,
12/31/19,10,10857.8137109375,10247.2834700521,2064.21417141385,90.3696838929918,23064.8867860243,,,,,,
12/31/19,11,10695.9723242188,10008.8061360677,1895.34641343859,79.6478160773383,22477.8363180881,,,,,,
12/31/19,12,10469.0717784288,9824.46991970486,1855.38799099392,71.188902513716,22019.6733951823,,,,,,
12/31/19,13,10291.1249414062,9697.1993999566,1802.59567708333,65.413495414522,21657.9662803819,,,,,,
12/31/19,14,10352.1879144965,9682.02132052951,1834.51404581706,62.378270567788,21750.2115166558,,,,,,
12/31/19,15,10335.5142469618,9758.02556749132,1970.20279934353,60.5528844367133,21981.9948440213,,,,,,
12/31/19,16,10627.4490018408,9915.3893073881,2108.95401994531,60.2947780831655,22655.6724747721,,,,,,
12/31/19,17,11341.8486024306,10545.1546788194,2372.88976019965,67.7352790217929,24358.4841037326,,,,,,
12/31/19,18,12481.4977256944,11687.6466189236,2655.76246310764,77.0652011066013,26944.6189160156,,,,,,
12/31/19,19,12393.578968099,11662.1999522569,2643.4617835829,79.2205273352729,26830.1464550781,,,,,,
12/31/19,20,11949.5449717882,11334.7102354601,2536.51432752821,80.7918865500556,25951.7420811632,,,,,,
12/31/19,21,11476.7062727865,10990.278046875,2433.78192925347,82.0287953843011,25023.8286631944,,,,,,
12/31/19,22,11052.944124349,10665.6013791233,2333.71571234809,82.6802271821764,24165.3873166233,,,,,,
12/31/19,23,10707.2033018663,10259.2037532552,2212.40052435981,82.408524278005,23292.393765191,,,,,,
12/31/19,24,10418.8880718316,9825.38999565972,2094.27651584201,83.18577275806,22452.91421875,,,,,,
